grid_id,data_source_id,timestamp,period,received,value,estimated_interval_mw
GSO_1,ea496fcb-6216-4db1-9885-1da5dbf70fa2,2024-07-01 00:00:00+00:00,300,2025-01-01 07:00:00+00:00,20.2,0.2424
GSO_1,ea496fcb-6216-4db1-9885-1da5dbf70fa2,2024-07-01 00:05:00+00:00,300,2025-01-01 07:00:00+00:00,20.282,0.24338400000000002
GSO_1,ea496fcb-6216-4db1-9885-1da5dbf70fa2,2024-07-01 00:10:00+00:00,300,2025-01-01 07:00:00+00:00,20.421,0.245052
GSO_1,ea496fcb-6216-4db1-9885-1da5dbf70fa2,2024-07-01 00:15:00+00:00,300,2025-01-01 07:00:00+00:00,20.183,0.242196
GSO_1,ea496fcb-6216-4db1-9885-1da5dbf70fa2,2024-07-01 00:20:00+00:00,300,2025-01-01 07:00:00+00:00,20.245,0.24294000000000002
GSO_1,ea496fcb-6216-4db1-9885-1da5dbf70fa2,2024-07-01 00:25:00+00:00,300,2025-01-01 07:00:00+00:00,20.437,0.24524400000000002
GSO_1,ea496fcb-6216-4db1-9885-1da5dbf70fa2,2024-07-01 00:30:00+00:00,300,2025-01-01 07:00:00+00:00,20.395,0.24474
GSO_1,ea496fcb-6216-4db1-9885-1da5dbf70fa2,2024-07-01 00:35:00+00:00,300,2025-01-01 07:00:00+00:00,20.584,0.247008
GSO_1,ea496fcb-6216-4db1-9885-1da5dbf70fa2,2024-07-01 00:40:00+00:00,300,2025-01-01 07:00:00+00:00,20.331,0.24397200000000002
GSO_1,ea496fcb-6216-4db1-9885-1da5dbf70fa2,2024-07-01 00:45:00+00:00,300,2025-01-01 07:00:00+00:00,20.402,0.244824
GSO_1,ea496fcb-6216-4db1-9885-1da5dbf70fa2,2024-07-01 00:50:00+00:00,300,2025-01-01 07:00:00+00:00,20.501,0.24601200000000004
GSO_1,ea496fcb-6216-4db1-9885-1da5dbf70fa2,2024-07-01 00:55:00+00:00,300,2025-01-01 07:00:00+00:00,20.777,0.24932400000000002
GSO_1,ea496fcb-6216-4db1-9885-1da5dbf70fa2,2024-07-01 01:00:00+00:00,300,2025-01-01 07:00:00+00:00,20.505,0.24606
GSO_1,ea496fcb-6216-4db1-9885-1da5dbf70fa2,2024-07-01 01:05:00+00:00,300,2025-01-01 07:00:00+00:00,20.733,0.24879600000000002
GSO_1,ea496fcb-6216-4db1-9885-1da5dbf70fa2,2024-07-01 01:10:00+00:00,300,2025-01-01 07:00:00+00:00,20.836,0.250032
GSO_1,ea496fcb-6216-4db1-9885-1da5dbf70fa2,2024-07-01 01:15:00+00:00,300,2025-01-01 07:00:00+00:00,20.66,0.24792000000000003
GSO_1,ea496fcb-6216-4db1-9885-1da5dbf70fa2,2024-07-01 01:20:00+00:00,300,2025-01-01 07:00:00+00:00,20.773,0.249276
GSO_1,ea496fcb-6216-4db1-9885-1da5dbf70fa2,2024-07-01 01:25:00+00:00,300,2025-01-01 07:00:00+00:00,20.852,0.250224
GSO_1,ea496fcb-6216-4db1-9885-1da5dbf70fa2,2024-07-01 01:30:00+00:00,300,2025-01-01 07:00:00+00:00,20.593,0.247116
GSO_1,ea496fcb-6216-4db1-9885-1da5dbf70fa2,2024-07-01 01:35:00+00:00,300,2025-01-01 07:00:00+00:00,20.976,0.251712
GSO_1,ea496fcb-6216-4db1-9885-1da5dbf70fa2,2024-07-01 01:40:00+00:00,300,2025-01-01 07:00:00+00:00,21.118,0.253416
GSO_1,ea496fcb-6216-4db1-9885-1da5dbf70fa2,2024-07-01 01:45:00+00:00,300,2025-01-01 07:00:00+00:00,20.872,0.250464
GSO_1,ea496fcb-6216-4db1-9885-1da5dbf70fa2,2024-07-01 01:50:00+00:00,300,2025-01-01 07:00:00+00:00,20.929,0.251148
GSO_1,ea496fcb-6216-4db1-9885-1da5dbf70fa2,2024-07-01 01:55:00+00:00,300,2025-01-01 07:00:00+00:00,20.724,0.24868800000000002
GSO_1,ea496fcb-6216-4db1-9885-1da5dbf70fa2,2024-07-01 02:00:00+00:00,300,2025-01-01 07:00:00+00:00,21.449,0.25738800000000006
GSO_1,ea496fcb-6216-4db1-9885-1da5dbf70fa2,2024-07-01 02:05:00+00:00,300,2025-01-01 07:00:00+00:00,21.334,0.256008
GSO_1,ea496fcb-6216-4db1-9885-1da5dbf70fa2,2024-07-01 02:10:00+00:00,300,2025-01-01 07:00:00+00:00,21.43,0.25716
GSO_1,ea496fcb-6216-4db1-9885-1da5dbf70fa2,2024-07-01 02:15:00+00:00,300,2025-01-01 07:00:00+00:00,21.116,0.253392
GSO_1,ea496fcb-6216-4db1-9885-1da5dbf70fa2,2024-07-01 02:20:00+00:00,300,2025-01-01 07:00:00+00:00,21.181,0.254172
GSO_1,ea496fcb-6216-4db1-9885-1da5dbf70fa2,2024-07-01 02:25:00+00:00,300,2025-01-01 07:00:00+00:00,20.745,0.24894000000000002
GSO_1,ea496fcb-6216-4db1-9885-1da5dbf70fa2,2024-07-01 02:30:00+00:00,300,2025-01-01 07:00:00+00:00,21.06,0.25272
GSO_1,ea496fcb-6216-4db1-9885-1da5dbf70fa2,2024-07-01 02:35:00+00:00,300,2025-01-01 07:00:00+00:00,20.544,0.24652800000000002
GSO_1,ea496fcb-6216-4db1-9885-1da5dbf70fa2,2024-07-01 02:40:00+00:00,300,2025-01-01 07:00:00+00:00,20.778,0.24933599999999997
GSO_1,ea496fcb-6216-4db1-9885-1da5dbf70fa2,2024-07-01 02:45:00+00:00,300,2025-01-01 07:00:00+00:00,20.473,0.24567599999999998
GSO_1,ea496fcb-6216-4db1-9885-1da5dbf70fa2,2024-07-01 02:50:00+00:00,300,2025-01-01 07:00:00+00:00,20.411,0.244932
GSO_1,ea496fcb-6216-4db1-9885-1da5dbf70fa2,2024-07-01 02:55:00+00:00,300,2025-01-01 07:00:00+00:00,20.42,0.24504
GSO_1,ea496fcb-6216-4db1-9885-1da5dbf70fa2,2024-07-01 03:00:00+00:00,300,2025-01-01 07:00:00+00:00,20.465,0.24558000000000002
GSO_1,ea496fcb-6216-4db1-9885-1da5dbf70fa2,2024-07-01 03:05:00+00:00,300,2025-01-01 07:00:00+00:00,20.375,0.2445
GSO_1,ea496fcb-6216-4db1-9885-1da5dbf70fa2,2024-07-01 03:10:00+00:00,300,2025-01-01 07:00:00+00:00,20.334,0.244008
GSO_1,ea496fcb-6216-4db1-9885-1da5dbf70fa2,2024-07-01 03:15:00+00:00,300,2025-01-01 07:00:00+00:00,19.982,0.239784
GSO_1,ea496fcb-6216-4db1-9885-1da5dbf70fa2,2024-07-01 03:20:00+00:00,300,2025-01-01 07:00:00+00:00,19.825,0.2379
GSO_1,ea496fcb-6216-4db1-9885-1da5dbf70fa2,2024-07-01 03:25:00+00:00,300,2025-01-01 07:00:00+00:00,19.642,0.235704
GSO_1,ea496fcb-6216-4db1-9885-1da5dbf70fa2,2024-07-01 03:30:00+00:00,300,2025-01-01 07:00:00+00:00,19.771,0.23725200000000002
GSO_1,ea496fcb-6216-4db1-9885-1da5dbf70fa2,2024-07-01 03:35:00+00:00,300,2025-01-01 07:00:00+00:00,19.383,0.232596
GSO_1,ea496fcb-6216-4db1-9885-1da5dbf70fa2,2024-07-01 03:40:00+00:00,300,2025-01-01 07:00:00+00:00,19.45,0.2334
GSO_1,ea496fcb-6216-4db1-9885-1da5dbf70fa2,2024-07-01 03:45:00+00:00,300,2025-01-01 07:00:00+00:00,19.313,0.231756
GSO_1,ea496fcb-6216-4db1-9885-1da5dbf70fa2,2024-07-01 03:50:00+00:00,300,2025-01-01 07:00:00+00:00,19.064,0.228768
GSO_1,ea496fcb-6216-4db1-9885-1da5dbf70fa2,2024-07-01 03:55:00+00:00,300,2025-01-01 07:00:00+00:00,18.854,0.22624799999999998
GSO_1,ea496fcb-6216-4db1-9885-1da5dbf70fa2,2024-07-01 04:00:00+00:00,300,2025-01-01 07:00:00+00:00,17.572,0.210864
GSO_1,ea496fcb-6216-4db1-9885-1da5dbf70fa2,2024-07-01 04:05:00+00:00,300,2025-01-01 07:00:00+00:00,17.736,0.21283200000000002
GSO_1,ea496fcb-6216-4db1-9885-1da5dbf70fa2,2024-07-01 04:10:00+00:00,300,2025-01-01 07:00:00+00:00,17.718,0.21261600000000003
GSO_1,ea496fcb-6216-4db1-9885-1da5dbf70fa2,2024-07-01 04:15:00+00:00,300,2025-01-01 07:00:00+00:00,17.867,0.214404
GSO_1,ea496fcb-6216-4db1-9885-1da5dbf70fa2,2024-07-01 04:20:00+00:00,300,2025-01-01 07:00:00+00:00,17.908,0.214896
GSO_1,ea496fcb-6216-4db1-9885-1da5dbf70fa2,2024-07-01 04:25:00+00:00,300,2025-01-01 07:00:00+00:00,18.07,0.21684
GSO_1,ea496fcb-6216-4db1-9885-1da5dbf70fa2,2024-07-01 04:30:00+00:00,300,2025-01-01 07:00:00+00:00,18.074,0.21688800000000003
GSO_1,ea496fcb-6216-4db1-9885-1da5dbf70fa2,2024-07-01 04:35:00+00:00,300,2025-01-01 07:00:00+00:00,18.097,0.21716400000000002
GSO_1,ea496fcb-6216-4db1-9885-1da5dbf70fa2,2024-07-01 04:40:00+00:00,300,2025-01-01 07:00:00+00:00,18.339,0.22006799999999999
GSO_1,ea496fcb-6216-4db1-9885-1da5dbf70fa2,2024-07-01 04:45:00+00:00,300,2025-01-01 07:00:00+00:00,18.379,0.22054800000000002
GSO_1,ea496fcb-6216-4db1-9885-1da5dbf70fa2,2024-07-01 04:50:00+00:00,300,2025-01-01 07:00:00+00:00,18.327,0.21992400000000004
GSO_1,ea496fcb-6216-4db1-9885-1da5dbf70fa2,2024-07-01 04:55:00+00:00,300,2025-01-01 07:00:00+00:00,18.503,0.222036
GSO_1,ea496fcb-6216-4db1-9885-1da5dbf70fa2,2024-07-01 05:00:00+00:00,300,2025-01-01 07:00:00+00:00,19.306,0.23167200000000002
GSO_1,ea496fcb-6216-4db1-9885-1da5dbf70fa2,2024-07-01 05:05:00+00:00,300,2025-01-01 07:00:00+00:00,19.347,0.232164
GSO_1,ea496fcb-6216-4db1-9885-1da5dbf70fa2,2024-07-01 05:10:00+00:00,300,2025-01-01 07:00:00+00:00,19.353,0.23223600000000003
GSO_1,ea496fcb-6216-4db1-9885-1da5dbf70fa2,2024-07-01 05:15:00+00:00,300,2025-01-01 07:00:00+00:00,19.094,0.22912800000000003
GSO_1,ea496fcb-6216-4db1-9885-1da5dbf70fa2,2024-07-01 05:20:00+00:00,300,2025-01-01 07:00:00+00:00,19.328,0.231936
GSO_1,ea496fcb-6216-4db1-9885-1da5dbf70fa2,2024-07-01 05:25:00+00:00,300,2025-01-01 07:00:00+00:00,18.971,0.22765200000000002
GSO_1,ea496fcb-6216-4db1-9885-1da5dbf70fa2,2024-07-01 05:30:00+00:00,300,2025-01-01 07:00:00+00:00,18.994,0.227928
GSO_1,ea496fcb-6216-4db1-9885-1da5dbf70fa2,2024-07-01 05:35:00+00:00,300,2025-01-01 07:00:00+00:00,18.989,0.22786800000000001
GSO_1,ea496fcb-6216-4db1-9885-1da5dbf70fa2,2024-07-01 05:40:00+00:00,300,2025-01-01 07:00:00+00:00,18.904,0.22684800000000002
GSO_1,ea496fcb-6216-4db1-9885-1da5dbf70fa2,2024-07-01 05:45:00+00:00,300,2025-01-01 07:00:00+00:00,19.006,0.228072
GSO_1,ea496fcb-6216-4db1-9885-1da5dbf70fa2,2024-07-01 05:50:00+00:00,300,2025-01-01 07:00:00+00:00,18.831,0.225972
GSO_1,ea496fcb-6216-4db1-9885-1da5dbf70fa2,2024-07-01 05:55:00+00:00,300,2025-01-01 07:00:00+00:00,18.963,0.227556
GSO_1,ea496fcb-6216-4db1-9885-1da5dbf70fa2,2024-07-01 06:00:00+00:00,300,2025-01-01 07:00:00+00:00,18.477,0.221724
GSO_1,ea496fcb-6216-4db1-9885-1da5dbf70fa2,2024-07-01 06:05:00+00:00,300,2025-01-01 07:00:00+00:00,18.862,0.226344
GSO_1,ea496fcb-6216-4db1-9885-1da5dbf70fa2,2024-07-01 06:10:00+00:00,300,2025-01-01 07:00:00+00:00,18.558,0.222696
GSO_1,ea496fcb-6216-4db1-9885-1da5dbf70fa2,2024-07-01 06:15:00+00:00,300,2025-01-01 07:00:00+00:00,18.669,0.22402800000000003
GSO_1,ea496fcb-6216-4db1-9885-1da5dbf70fa2,2024-07-01 06:20:00+00:00,300,2025-01-01 07:00:00+00:00,18.529,0.22234800000000002
GSO_1,ea496fcb-6216-4db1-9885-1da5dbf70fa2,2024-07-01 06:25:00+00:00,300,2025-01-01 07:00:00+00:00,18.568,0.22281600000000004
GSO_1,ea496fcb-6216-4db1-9885-1da5dbf70fa2,2024-07-01 06:30:00+00:00,300,2025-01-01 07:00:00+00:00,18.689,0.224268
GSO_1,ea496fcb-6216-4db1-9885-1da5dbf70fa2,2024-07-01 06:35:00+00:00,300,2025-01-01 07:00:00+00:00,18.289,0.21946800000000002
GSO_1,ea496fcb-6216-4db1-9885-1da5dbf70fa2,2024-07-01 06:40:00+00:00,300,2025-01-01 07:00:00+00:00,18.544,0.22252800000000003
GSO_1,ea496fcb-6216-4db1-9885-1da5dbf70fa2,2024-07-01 06:45:00+00:00,300,2025-01-01 07:00:00+00:00,18.644,0.22372799999999998
GSO_1,ea496fcb-6216-4db1-9885-1da5dbf70fa2,2024-07-01 06:50:00+00:00,300,2025-01-01 07:00:00+00:00,18.452,0.22142400000000004
GSO_1,ea496fcb-6216-4db1-9885-1da5dbf70fa2,2024-07-01 06:55:00+00:00,300,2025-01-01 07:00:00+00:00,18.349,0.22018800000000002
GSO_1,ea496fcb-6216-4db1-9885-1da5dbf70fa2,2024-07-01 07:00:00+00:00,300,2025-01-01 07:00:00+00:00,17.88,0.21456
GSO_1,ea496fcb-6216-4db1-9885-1da5dbf70fa2,2024-07-01 07:05:00+00:00,300,2025-01-01 07:00:00+00:00,18.165,0.21797999999999998
GSO_1,ea496fcb-6216-4db1-9885-1da5dbf70fa2,2024-07-01 07:10:00+00:00,300,2025-01-01 07:00:00+00:00,18.294,0.21952800000000003
GSO_1,ea496fcb-6216-4db1-9885-1da5dbf70fa2,2024-07-01 07:15:00+00:00,300,2025-01-01 07:00:00+00:00,18.263,0.21915600000000005
GSO_1,ea496fcb-6216-4db1-9885-1da5dbf70fa2,2024-07-01 07:20:00+00:00,300,2025-01-01 07:00:00+00:00,18.208,0.21849599999999997
GSO_1,ea496fcb-6216-4db1-9885-1da5dbf70fa2,2024-07-01 07:25:00+00:00,300,2025-01-01 07:00:00+00:00,18.275,0.2193
GSO_1,ea496fcb-6216-4db1-9885-1da5dbf70fa2,2024-07-01 07:30:00+00:00,300,2025-01-01 07:00:00+00:00,18.103,0.217236
GSO_1,ea496fcb-6216-4db1-9885-1da5dbf70fa2,2024-07-01 07:35:00+00:00,300,2025-01-01 07:00:00+00:00,18.407,0.22088400000000002
GSO_1,ea496fcb-6216-4db1-9885-1da5dbf70fa2,2024-07-01 07:40:00+00:00,300,2025-01-01 07:00:00+00:00,18.403,0.22083599999999998
GSO_1,ea496fcb-6216-4db1-9885-1da5dbf70fa2,2024-07-01 07:45:00+00:00,300,2025-01-01 07:00:00+00:00,18.516,0.22219199999999997
GSO_1,ea496fcb-6216-4db1-9885-1da5dbf70fa2,2024-07-01 07:50:00+00:00,300,2025-01-01 07:00:00+00:00,18.689,0.224268
GSO_1,ea496fcb-6216-4db1-9885-1da5dbf70fa2,2024-07-01 07:55:00+00:00,300,2025-01-01 07:00:00+00:00,18.383,0.22059600000000001
GSO_1,ea496fcb-6216-4db1-9885-1da5dbf70fa2,2024-07-01 08:00:00+00:00,300,2025-01-01 07:00:00+00:00,19.517,0.234204
GSO_1,ea496fcb-6216-4db1-9885-1da5dbf70fa2,2024-07-01 08:05:00+00:00,300,2025-01-01 07:00:00+00:00,19.53,0.23436
GSO_1,ea496fcb-6216-4db1-9885-1da5dbf70fa2,2024-07-01 08:10:00+00:00,300,2025-01-01 07:00:00+00:00,19.22,0.23063999999999998
GSO_1,ea496fcb-6216-4db1-9885-1da5dbf70fa2,2024-07-01 08:15:00+00:00,300,2025-01-01 07:00:00+00:00,19.213,0.230556
GSO_1,b1e8c057-fded-4c70-8f86-a33db401b6d1,2024-07-01 00:00:00+00:00,300,2025-01-01 07:00:00+00:00,18.187,0.21824400000000002
GSO_1,b1e8c057-fded-4c70-8f86-a33db401b6d1,2024-07-01 00:05:00+00:00,300,2025-01-01 07:00:00+00:00,18.335,0.22002000000000002
GSO_1,b1e8c057-fded-4c70-8f86-a33db401b6d1,2024-07-01 00:10:00+00:00,300,2025-01-01 07:00:00+00:00,18.373,0.22047600000000003
GSO_1,b1e8c057-fded-4c70-8f86-a33db401b6d1,2024-07-01 00:15:00+00:00,300,2025-01-01 07:00:00+00:00,18.418,0.221016
GSO_1,b1e8c057-fded-4c70-8f86-a33db401b6d1,2024-07-01 00:20:00+00:00,300,2025-01-01 07:00:00+00:00,18.437,0.22124400000000002
GSO_1,b1e8c057-fded-4c70-8f86-a33db401b6d1,2024-07-01 00:25:00+00:00,300,2025-01-01 07:00:00+00:00,18.366,0.220392
GSO_1,b1e8c057-fded-4c70-8f86-a33db401b6d1,2024-07-01 00:30:00+00:00,300,2025-01-01 07:00:00+00:00,18.437,0.22124400000000002
GSO_1,b1e8c057-fded-4c70-8f86-a33db401b6d1,2024-07-01 00:35:00+00:00,300,2025-01-01 07:00:00+00:00,18.502,0.222024
GSO_1,b1e8c057-fded-4c70-8f86-a33db401b6d1,2024-07-01 00:40:00+00:00,300,2025-01-01 07:00:00+00:00,18.488,0.221856
GSO_1,b1e8c057-fded-4c70-8f86-a33db401b6d1,2024-07-01 00:45:00+00:00,300,2025-01-01 07:00:00+00:00,18.558,0.222696
GSO_1,b1e8c057-fded-4c70-8f86-a33db401b6d1,2024-07-01 00:50:00+00:00,300,2025-01-01 07:00:00+00:00,18.484,0.22180800000000003
GSO_1,b1e8c057-fded-4c70-8f86-a33db401b6d1,2024-07-01 00:55:00+00:00,300,2025-01-01 07:00:00+00:00,18.565,0.22278000000000003
GSO_1,b1e8c057-fded-4c70-8f86-a33db401b6d1,2024-07-01 01:00:00+00:00,300,2025-01-01 07:00:00+00:00,19.24,0.23088
GSO_1,b1e8c057-fded-4c70-8f86-a33db401b6d1,2024-07-01 01:05:00+00:00,300,2025-01-01 07:00:00+00:00,19.068,0.22881600000000002
GSO_1,b1e8c057-fded-4c70-8f86-a33db401b6d1,2024-07-01 01:10:00+00:00,300,2025-01-01 07:00:00+00:00,18.9,0.22679999999999997
GSO_1,b1e8c057-fded-4c70-8f86-a33db401b6d1,2024-07-01 01:15:00+00:00,300,2025-01-01 07:00:00+00:00,19.019,0.228228
GSO_1,b1e8c057-fded-4c70-8f86-a33db401b6d1,2024-07-01 01:20:00+00:00,300,2025-01-01 07:00:00+00:00,18.864,0.226368
GSO_1,b1e8c057-fded-4c70-8f86-a33db401b6d1,2024-07-01 01:25:00+00:00,300,2025-01-01 07:00:00+00:00,18.919,0.227028
GSO_1,b1e8c057-fded-4c70-8f86-a33db401b6d1,2024-07-01 01:30:00+00:00,300,2025-01-01 07:00:00+00:00,18.936,0.227232
GSO_1,b1e8c057-fded-4c70-8f86-a33db401b6d1,2024-07-01 01:35:00+00:00,300,2025-01-01 07:00:00+00:00,18.848,0.226176
GSO_1,b1e8c057-fded-4c70-8f86-a33db401b6d1,2024-07-01 01:40:00+00:00,300,2025-01-01 07:00:00+00:00,18.713,0.224556
GSO_1,b1e8c057-fded-4c70-8f86-a33db401b6d1,2024-07-01 01:45:00+00:00,300,2025-01-01 07:00:00+00:00,18.844,0.22612800000000002
GSO_1,b1e8c057-fded-4c70-8f86-a33db401b6d1,2024-07-01 01:50:00+00:00,300,2025-01-01 07:00:00+00:00,18.631,0.223572
GSO_1,b1e8c057-fded-4c70-8f86-a33db401b6d1,2024-07-01 01:55:00+00:00,300,2025-01-01 07:00:00+00:00,18.626,0.22351200000000002
GSO_1,b1e8c057-fded-4c70-8f86-a33db401b6d1,2024-07-01 02:00:00+00:00,300,2025-01-01 07:00:00+00:00,18.351,0.220212
GSO_1,b1e8c057-fded-4c70-8f86-a33db401b6d1,2024-07-01 02:05:00+00:00,300,2025-01-01 07:00:00+00:00,18.491,0.221892
GSO_1,b1e8c057-fded-4c70-8f86-a33db401b6d1,2024-07-01 02:10:00+00:00,300,2025-01-01 07:00:00+00:00,18.432,0.221184
GSO_1,b1e8c057-fded-4c70-8f86-a33db401b6d1,2024-07-01 02:15:00+00:00,300,2025-01-01 07:00:00+00:00,18.356,0.22027200000000002
GSO_1,b1e8c057-fded-4c70-8f86-a33db401b6d1,2024-07-01 02:20:00+00:00,300,2025-01-01 07:00:00+00:00,18.439,0.221268
GSO_1,b1e8c057-fded-4c70-8f86-a33db401b6d1,2024-07-01 02:25:00+00:00,300,2025-01-01 07:00:00+00:00,18.571,0.22285200000000002
GSO_1,b1e8c057-fded-4c70-8f86-a33db401b6d1,2024-07-01 02:30:00+00:00,300,2025-01-01 07:00:00+00:00,18.372,0.220464
GSO_1,b1e8c057-fded-4c70-8f86-a33db401b6d1,2024-07-01 02:35:00+00:00,300,2025-01-01 07:00:00+00:00,18.462,0.22154400000000002
GSO_1,b1e8c057-fded-4c70-8f86-a33db401b6d1,2024-07-01 02:40:00+00:00,300,2025-01-01 07:00:00+00:00,18.603,0.22323600000000002
GSO_1,b1e8c057-fded-4c70-8f86-a33db401b6d1,2024-07-01 02:45:00+00:00,300,2025-01-01 07:00:00+00:00,18.445,0.22134
GSO_1,b1e8c057-fded-4c70-8f86-a33db401b6d1,2024-07-01 02:50:00+00:00,300,2025-01-01 07:00:00+00:00,18.813,0.225756
GSO_1,b1e8c057-fded-4c70-8f86-a33db401b6d1,2024-07-01 02:55:00+00:00,300,2025-01-01 07:00:00+00:00,18.581,0.222972
GSO_1,b1e8c057-fded-4c70-8f86-a33db401b6d1,2024-07-01 03:00:00+00:00,300,2025-01-01 07:00:00+00:00,19.362,0.232344
GSO_1,b1e8c057-fded-4c70-8f86-a33db401b6d1,2024-07-01 03:05:00+00:00,300,2025-01-01 07:00:00+00:00,19.198,0.230376
GSO_1,b1e8c057-fded-4c70-8f86-a33db401b6d1,2024-07-01 03:10:00+00:00,300,2025-01-01 07:00:00+00:00,18.927,0.227124
GSO_1,b1e8c057-fded-4c70-8f86-a33db401b6d1,2024-07-01 03:15:00+00:00,300,2025-01-01 07:00:00+00:00,19.028,0.22833599999999998
GSO_1,b1e8c057-fded-4c70-8f86-a33db401b6d1,2024-07-01 03:20:00+00:00,300,2025-01-01 07:00:00+00:00,18.764,0.225168
GSO_1,b1e8c057-fded-4c70-8f86-a33db401b6d1,2024-07-01 03:25:00+00:00,300,2025-01-01 07:00:00+00:00,18.855,0.22626000000000002
GSO_1,b1e8c057-fded-4c70-8f86-a33db401b6d1,2024-07-01 03:30:00+00:00,300,2025-01-01 07:00:00+00:00,18.569,0.222828
GSO_1,b1e8c057-fded-4c70-8f86-a33db401b6d1,2024-07-01 03:35:00+00:00,300,2025-01-01 07:00:00+00:00,18.464,0.221568
GSO_1,b1e8c057-fded-4c70-8f86-a33db401b6d1,2024-07-01 03:40:00+00:00,300,2025-01-01 07:00:00+00:00,18.262,0.219144
GSO_1,b1e8c057-fded-4c70-8f86-a33db401b6d1,2024-07-01 03:45:00+00:00,300,2025-01-01 07:00:00+00:00,18.133,0.217596
GSO_1,b1e8c057-fded-4c70-8f86-a33db401b6d1,2024-07-01 03:50:00+00:00,300,2025-01-01 07:00:00+00:00,17.998,0.21597600000000003
GSO_1,b1e8c057-fded-4c70-8f86-a33db401b6d1,2024-07-01 03:55:00+00:00,300,2025-01-01 07:00:00+00:00,18.158,0.217896
GSO_1,b1e8c057-fded-4c70-8f86-a33db401b6d1,2024-07-01 04:00:00+00:00,300,2025-01-01 07:00:00+00:00,16.588,0.199056
GSO_1,b1e8c057-fded-4c70-8f86-a33db401b6d1,2024-07-01 04:05:00+00:00,300,2025-01-01 07:00:00+00:00,16.447,0.197364
GSO_1,b1e8c057-fded-4c70-8f86-a33db401b6d1,2024-07-01 04:10:00+00:00,300,2025-01-01 07:00:00+00:00,16.679,0.200148
GSO_1,b1e8c057-fded-4c70-8f86-a33db401b6d1,2024-07-01 04:15:00+00:00,300,2025-01-01 07:00:00+00:00,16.768,0.201216
GSO_1,b1e8c057-fded-4c70-8f86-a33db401b6d1,2024-07-01 04:20:00+00:00,300,2025-01-01 07:00:00+00:00,16.81,0.20172
GSO_1,b1e8c057-fded-4c70-8f86-a33db401b6d1,2024-07-01 04:25:00+00:00,300,2025-01-01 07:00:00+00:00,17.077,0.20492400000000002
GSO_1,b1e8c057-fded-4c70-8f86-a33db401b6d1,2024-07-01 04:30:00+00:00,300,2025-01-01 07:00:00+00:00,17.046,0.20455199999999998
GSO_1,b1e8c057-fded-4c70-8f86-a33db401b6d1,2024-07-01 04:35:00+00:00,300,2025-01-01 07:00:00+00:00,17.038,0.20445600000000003
GSO_1,b1e8c057-fded-4c70-8f86-a33db401b6d1,2024-07-01 04:40:00+00:00,300,2025-01-01 07:00:00+00:00,17.239,0.20686800000000002
GSO_1,b1e8c057-fded-4c70-8f86-a33db401b6d1,2024-07-01 04:45:00+00:00,300,2025-01-01 07:00:00+00:00,17.22,0.20664
GSO_1,b1e8c057-fded-4c70-8f86-a33db401b6d1,2024-07-01 04:50:00+00:00,300,2025-01-01 07:00:00+00:00,17.57,0.21084
GSO_1,b1e8c057-fded-4c70-8f86-a33db401b6d1,2024-07-01 04:55:00+00:00,300,2025-01-01 07:00:00+00:00,17.527,0.210324
GSO_1,b1e8c057-fded-4c70-8f86-a33db401b6d1,2024-07-01 05:00:00+00:00,300,2025-01-01 07:00:00+00:00,17.896,0.214752
GSO_1,b1e8c057-fded-4c70-8f86-a33db401b6d1,2024-07-01 05:05:00+00:00,300,2025-01-01 07:00:00+00:00,18.007,0.21608400000000003
GSO_1,b1e8c057-fded-4c70-8f86-a33db401b6d1,2024-07-01 05:10:00+00:00,300,2025-01-01 07:00:00+00:00,17.868,0.214416
GSO_1,b1e8c057-fded-4c70-8f86-a33db401b6d1,2024-07-01 05:15:00+00:00,300,2025-01-01 07:00:00+00:00,18.03,0.21636000000000002
GSO_1,b1e8c057-fded-4c70-8f86-a33db401b6d1,2024-07-01 05:20:00+00:00,300,2025-01-01 07:00:00+00:00,17.982,0.215784
GSO_1,b1e8c057-fded-4c70-8f86-a33db401b6d1,2024-07-01 05:25:00+00:00,300,2025-01-01 07:00:00+00:00,17.923,0.215076
GSO_1,b1e8c057-fded-4c70-8f86-a33db401b6d1,2024-07-01 05:30:00+00:00,300,2025-01-01 07:00:00+00:00,18.109,0.21730800000000003
GSO_1,b1e8c057-fded-4c70-8f86-a33db401b6d1,2024-07-01 05:35:00+00:00,300,2025-01-01 07:00:00+00:00,17.986,0.21583200000000002
GSO_1,b1e8c057-fded-4c70-8f86-a33db401b6d1,2024-07-01 05:40:00+00:00,300,2025-01-01 07:00:00+00:00,18.095,0.21714
GSO_1,b1e8c057-fded-4c70-8f86-a33db401b6d1,2024-07-01 05:45:00+00:00,300,2025-01-01 07:00:00+00:00,17.965,0.21558000000000002
GSO_1,b1e8c057-fded-4c70-8f86-a33db401b6d1,2024-07-01 05:50:00+00:00,300,2025-01-01 07:00:00+00:00,18.265,0.21918
GSO_1,b1e8c057-fded-4c70-8f86-a33db401b6d1,2024-07-01 05:55:00+00:00,300,2025-01-01 07:00:00+00:00,17.925,0.2151
GSO_1,b1e8c057-fded-4c70-8f86-a33db401b6d1,2024-07-01 06:00:00+00:00,300,2025-01-01 07:00:00+00:00,18.611,0.22333200000000003
GSO_1,b1e8c057-fded-4c70-8f86-a33db401b6d1,2024-07-01 06:05:00+00:00,300,2025-01-01 07:00:00+00:00,18.507,0.22208400000000003
GSO_1,b1e8c057-fded-4c70-8f86-a33db401b6d1,2024-07-01 06:10:00+00:00,300,2025-01-01 07:00:00+00:00,18.36,0.22032
GSO_1,b1e8c057-fded-4c70-8f86-a33db401b6d1,2024-07-01 06:15:00+00:00,300,2025-01-01 07:00:00+00:00,18.422,0.221064
GSO_1,b1e8c057-fded-4c70-8f86-a33db401b6d1,2024-07-01 06:20:00+00:00,300,2025-01-01 07:00:00+00:00,18.217,0.218604
GSO_1,b1e8c057-fded-4c70-8f86-a33db401b6d1,2024-07-01 06:25:00+00:00,300,2025-01-01 07:00:00+00:00,18.008,0.216096
GSO_1,b1e8c057-fded-4c70-8f86-a33db401b6d1,2024-07-01 06:30:00+00:00,300,2025-01-01 07:00:00+00:00,17.939,0.215268
GSO_1,b1e8c057-fded-4c70-8f86-a33db401b6d1,2024-07-01 06:35:00+00:00,300,2025-01-01 07:00:00+00:00,17.922,0.21506400000000003
GSO_1,b1e8c057-fded-4c70-8f86-a33db401b6d1,2024-07-01 06:40:00+00:00,300,2025-01-01 07:00:00+00:00,18.009,0.216108
GSO_1,b1e8c057-fded-4c70-8f86-a33db401b6d1,2024-07-01 06:45:00+00:00,300,2025-01-01 07:00:00+00:00,17.665,0.21198
GSO_1,b1e8c057-fded-4c70-8f86-a33db401b6d1,2024-07-01 06:50:00+00:00,300,2025-01-01 07:00:00+00:00,17.65,0.2118
GSO_1,b1e8c057-fded-4c70-8f86-a33db401b6d1,2024-07-01 06:55:00+00:00,300,2025-01-01 07:00:00+00:00,17.646,0.211752
GSO_1,b1e8c057-fded-4c70-8f86-a33db401b6d1,2024-07-01 07:00:00+00:00,300,2025-01-01 07:00:00+00:00,16.867,0.20240400000000003
GSO_1,b1e8c057-fded-4c70-8f86-a33db401b6d1,2024-07-01 07:05:00+00:00,300,2025-01-01 07:00:00+00:00,16.907,0.202884
GSO_1,b1e8c057-fded-4c70-8f86-a33db401b6d1,2024-07-01 07:10:00+00:00,300,2025-01-01 07:00:00+00:00,17.013,0.20415600000000003
GSO_1,b1e8c057-fded-4c70-8f86-a33db401b6d1,2024-07-01 07:15:00+00:00,300,2025-01-01 07:00:00+00:00,16.966,0.20359200000000002
GSO_1,b1e8c057-fded-4c70-8f86-a33db401b6d1,2024-07-01 07:20:00+00:00,300,2025-01-01 07:00:00+00:00,17.216,0.20659200000000003
GSO_1,b1e8c057-fded-4c70-8f86-a33db401b6d1,2024-07-01 07:25:00+00:00,300,2025-01-01 07:00:00+00:00,17.269,0.20722799999999997
GSO_1,b1e8c057-fded-4c70-8f86-a33db401b6d1,2024-07-01 07:30:00+00:00,300,2025-01-01 07:00:00+00:00,16.883,0.202596
GSO_1,b1e8c057-fded-4c70-8f86-a33db401b6d1,2024-07-01 07:35:00+00:00,300,2025-01-01 07:00:00+00:00,17.103,0.20523600000000003
GSO_1,b1e8c057-fded-4c70-8f86-a33db401b6d1,2024-07-01 07:40:00+00:00,300,2025-01-01 07:00:00+00:00,17.219,0.206628
GSO_1,b1e8c057-fded-4c70-8f86-a33db401b6d1,2024-07-01 07:45:00+00:00,300,2025-01-01 07:00:00+00:00,17.316,0.207792
GSO_1,b1e8c057-fded-4c70-8f86-a33db401b6d1,2024-07-01 07:50:00+00:00,300,2025-01-01 07:00:00+00:00,17.364,0.20836800000000003
GSO_1,b1e8c057-fded-4c70-8f86-a33db401b6d1,2024-07-01 07:55:00+00:00,300,2025-01-01 07:00:00+00:00,17.406,0.20887199999999997
GSO_1,b1e8c057-fded-4c70-8f86-a33db401b6d1,2024-07-01 08:00:00+00:00,300,2025-01-01 07:00:00+00:00,18.161,0.21793200000000001
GSO_1,b1e8c057-fded-4c70-8f86-a33db401b6d1,2024-07-01 08:05:00+00:00,300,2025-01-01 07:00:00+00:00,18.011,0.21613200000000002
GSO_1,b1e8c057-fded-4c70-8f86-a33db401b6d1,2024-07-01 08:10:00+00:00,300,2025-01-01 07:00:00+00:00,17.882,0.21458400000000002
GSO_1,b1e8c057-fded-4c70-8f86-a33db401b6d1,2024-07-01 08:15:00+00:00,300,2025-01-01 07:00:00+00:00,17.854,0.214248
GSO_1,ba6970aa-af7f-428e-9a4f-7826618684b4,2024-07-01 00:00:00+00:00,300,2025-01-01 07:00:00+00:00,18.553,0.22263600000000003
GSO_1,ba6970aa-af7f-428e-9a4f-7826618684b4,2024-07-01 00:05:00+00:00,300,2025-01-01 07:00:00+00:00,18.632,0.22358400000000003
GSO_1,ba6970aa-af7f-428e-9a4f-7826618684b4,2024-07-01 00:10:00+00:00,300,2025-01-01 07:00:00+00:00,18.59,0.22308
GSO_1,ba6970aa-af7f-428e-9a4f-7826618684b4,2024-07-01 00:15:00+00:00,300,2025-01-01 07:00:00+00:00,18.848,0.226176
GSO_1,ba6970aa-af7f-428e-9a4f-7826618684b4,2024-07-01 00:20:00+00:00,300,2025-01-01 07:00:00+00:00,18.875,0.2265
GSO_1,ba6970aa-af7f-428e-9a4f-7826618684b4,2024-07-01 00:25:00+00:00,300,2025-01-01 07:00:00+00:00,18.945,0.22734000000000001
GSO_1,ba6970aa-af7f-428e-9a4f-7826618684b4,2024-07-01 00:30:00+00:00,300,2025-01-01 07:00:00+00:00,18.87,0.22644000000000003
GSO_1,ba6970aa-af7f-428e-9a4f-7826618684b4,2024-07-01 00:35:00+00:00,300,2025-01-01 07:00:00+00:00,18.953,0.227436
GSO_1,ba6970aa-af7f-428e-9a4f-7826618684b4,2024-07-01 00:40:00+00:00,300,2025-01-01 07:00:00+00:00,18.996,0.227952
GSO_1,ba6970aa-af7f-428e-9a4f-7826618684b4,2024-07-01 00:45:00+00:00,300,2025-01-01 07:00:00+00:00,19.099,0.229188
GSO_1,ba6970aa-af7f-428e-9a4f-7826618684b4,2024-07-01 00:50:00+00:00,300,2025-01-01 07:00:00+00:00,18.947,0.227364
GSO_1,ba6970aa-af7f-428e-9a4f-7826618684b4,2024-07-01 00:55:00+00:00,300,2025-01-01 07:00:00+00:00,19.106,0.22927200000000003
GSO_1,ba6970aa-af7f-428e-9a4f-7826618684b4,2024-07-01 01:00:00+00:00,300,2025-01-01 07:00:00+00:00,19.962,0.239544
GSO_1,ba6970aa-af7f-428e-9a4f-7826618684b4,2024-07-01 01:05:00+00:00,300,2025-01-01 07:00:00+00:00,20.07,0.24084
GSO_1,ba6970aa-af7f-428e-9a4f-7826618684b4,2024-07-01 01:10:00+00:00,300,2025-01-01 07:00:00+00:00,19.733,0.23679600000000003
GSO_1,ba6970aa-af7f-428e-9a4f-7826618684b4,2024-07-01 01:15:00+00:00,300,2025-01-01 07:00:00+00:00,19.662,0.235944
GSO_1,ba6970aa-af7f-428e-9a4f-7826618684b4,2024-07-01 01:20:00+00:00,300,2025-01-01 07:00:00+00:00,19.722,0.236664
GSO_1,ba6970aa-af7f-428e-9a4f-7826618684b4,2024-07-01 01:25:00+00:00,300,2025-01-01 07:00:00+00:00,19.568,0.23481600000000002
GSO_1,ba6970aa-af7f-428e-9a4f-7826618684b4,2024-07-01 01:30:00+00:00,300,2025-01-01 07:00:00+00:00,19.555,0.23466
GSO_1,ba6970aa-af7f-428e-9a4f-7826618684b4,2024-07-01 01:35:00+00:00,300,2025-01-01 07:00:00+00:00,19.192,0.230304
GSO_1,ba6970aa-af7f-428e-9a4f-7826618684b4,2024-07-01 01:40:00+00:00,300,2025-01-01 07:00:00+00:00,19.348,0.232176
GSO_1,ba6970aa-af7f-428e-9a4f-7826618684b4,2024-07-01 01:45:00+00:00,300,2025-01-01 07:00:00+00:00,19.176,0.23011199999999998
GSO_1,ba6970aa-af7f-428e-9a4f-7826618684b4,2024-07-01 01:50:00+00:00,300,2025-01-01 07:00:00+00:00,19.138,0.22965600000000003
GSO_1,ba6970aa-af7f-428e-9a4f-7826618684b4,2024-07-01 01:55:00+00:00,300,2025-01-01 07:00:00+00:00,18.81,0.22572
GSO_1,ba6970aa-af7f-428e-9a4f-7826618684b4,2024-07-01 02:00:00+00:00,300,2025-01-01 07:00:00+00:00,18.534,0.222408
GSO_1,ba6970aa-af7f-428e-9a4f-7826618684b4,2024-07-01 02:05:00+00:00,300,2025-01-01 07:00:00+00:00,18.376,0.22051200000000004
GSO_1,ba6970aa-af7f-428e-9a4f-7826618684b4,2024-07-01 02:10:00+00:00,300,2025-01-01 07:00:00+00:00,18.238,0.218856
GSO_1,ba6970aa-af7f-428e-9a4f-7826618684b4,2024-07-01 02:15:00+00:00,300,2025-01-01 07:00:00+00:00,18.35,0.2202
GSO_1,ba6970aa-af7f-428e-9a4f-7826618684b4,2024-07-01 02:20:00+00:00,300,2025-01-01 07:00:00+00:00,18.76,0.22512000000000004
GSO_1,ba6970aa-af7f-428e-9a4f-7826618684b4,2024-07-01 02:25:00+00:00,300,2025-01-01 07:00:00+00:00,18.537,0.22244399999999998
GSO_1,ba6970aa-af7f-428e-9a4f-7826618684b4,2024-07-01 02:30:00+00:00,300,2025-01-01 07:00:00+00:00,18.495,0.22194000000000003
GSO_1,ba6970aa-af7f-428e-9a4f-7826618684b4,2024-07-01 02:35:00+00:00,300,2025-01-01 07:00:00+00:00,18.356,0.22027200000000002
GSO_1,ba6970aa-af7f-428e-9a4f-7826618684b4,2024-07-01 02:40:00+00:00,300,2025-01-01 07:00:00+00:00,18.306,0.21967200000000003
GSO_1,ba6970aa-af7f-428e-9a4f-7826618684b4,2024-07-01 02:45:00+00:00,300,2025-01-01 07:00:00+00:00,18.398,0.220776
GSO_1,ba6970aa-af7f-428e-9a4f-7826618684b4,2024-07-01 02:50:00+00:00,300,2025-01-01 07:00:00+00:00,18.385,0.22062000000000004
GSO_1,ba6970aa-af7f-428e-9a4f-7826618684b4,2024-07-01 02:55:00+00:00,300,2025-01-01 07:00:00+00:00,18.549,0.22258799999999998
GSO_1,ba6970aa-af7f-428e-9a4f-7826618684b4,2024-07-01 03:00:00+00:00,300,2025-01-01 07:00:00+00:00,18.802,0.225624
GSO_1,ba6970aa-af7f-428e-9a4f-7826618684b4,2024-07-01 03:05:00+00:00,300,2025-01-01 07:00:00+00:00,18.813,0.225756
GSO_1,ba6970aa-af7f-428e-9a4f-7826618684b4,2024-07-01 03:10:00+00:00,300,2025-01-01 07:00:00+00:00,18.711,0.22453199999999998
GSO_1,ba6970aa-af7f-428e-9a4f-7826618684b4,2024-07-01 03:15:00+00:00,300,2025-01-01 07:00:00+00:00,18.542,0.222504
GSO_1,ba6970aa-af7f-428e-9a4f-7826618684b4,2024-07-01 03:20:00+00:00,300,2025-01-01 07:00:00+00:00,18.387,0.220644
GSO_1,ba6970aa-af7f-428e-9a4f-7826618684b4,2024-07-01 03:25:00+00:00,300,2025-01-01 07:00:00+00:00,18.564,0.222768
GSO_1,ba6970aa-af7f-428e-9a4f-7826618684b4,2024-07-01 03:30:00+00:00,300,2025-01-01 07:00:00+00:00,18.352,0.22022400000000003
GSO_1,ba6970aa-af7f-428e-9a4f-7826618684b4,2024-07-01 03:35:00+00:00,300,2025-01-01 07:00:00+00:00,17.979,0.215748
GSO_1,ba6970aa-af7f-428e-9a4f-7826618684b4,2024-07-01 03:40:00+00:00,300,2025-01-01 07:00:00+00:00,18.038,0.216456
GSO_1,ba6970aa-af7f-428e-9a4f-7826618684b4,2024-07-01 03:45:00+00:00,300,2025-01-01 07:00:00+00:00,17.931,0.21517200000000003
GSO_1,ba6970aa-af7f-428e-9a4f-7826618684b4,2024-07-01 03:50:00+00:00,300,2025-01-01 07:00:00+00:00,17.836,0.21403199999999997
GSO_1,ba6970aa-af7f-428e-9a4f-7826618684b4,2024-07-01 03:55:00+00:00,300,2025-01-01 07:00:00+00:00,18.035,0.21642000000000003
GSO_1,ba6970aa-af7f-428e-9a4f-7826618684b4,2024-07-01 04:00:00+00:00,300,2025-01-01 07:00:00+00:00,16.857,0.202284
GSO_1,ba6970aa-af7f-428e-9a4f-7826618684b4,2024-07-01 04:05:00+00:00,300,2025-01-01 07:00:00+00:00,16.956,0.20347200000000001
GSO_1,ba6970aa-af7f-428e-9a4f-7826618684b4,2024-07-01 04:10:00+00:00,300,2025-01-01 07:00:00+00:00,16.926,0.203112
GSO_1,ba6970aa-af7f-428e-9a4f-7826618684b4,2024-07-01 04:15:00+00:00,300,2025-01-01 07:00:00+00:00,17.001,0.20401200000000003
GSO_1,ba6970aa-af7f-428e-9a4f-7826618684b4,2024-07-01 04:20:00+00:00,300,2025-01-01 07:00:00+00:00,17.116,0.205392
GSO_1,ba6970aa-af7f-428e-9a4f-7826618684b4,2024-07-01 04:25:00+00:00,300,2025-01-01 07:00:00+00:00,17.127,0.205524
GSO_1,ba6970aa-af7f-428e-9a4f-7826618684b4,2024-07-01 04:30:00+00:00,300,2025-01-01 07:00:00+00:00,17.358,0.208296
GSO_1,ba6970aa-af7f-428e-9a4f-7826618684b4,2024-07-01 04:35:00+00:00,300,2025-01-01 07:00:00+00:00,17.214,0.20656799999999997
GSO_1,ba6970aa-af7f-428e-9a4f-7826618684b4,2024-07-01 04:40:00+00:00,300,2025-01-01 07:00:00+00:00,17.22,0.20664
GSO_1,ba6970aa-af7f-428e-9a4f-7826618684b4,2024-07-01 04:45:00+00:00,300,2025-01-01 07:00:00+00:00,17.322,0.207864
GSO_1,ba6970aa-af7f-428e-9a4f-7826618684b4,2024-07-01 04:50:00+00:00,300,2025-01-01 07:00:00+00:00,17.321,0.20785200000000004
GSO_1,ba6970aa-af7f-428e-9a4f-7826618684b4,2024-07-01 04:55:00+00:00,300,2025-01-01 07:00:00+00:00,17.469,0.209628
GSO_1,ba6970aa-af7f-428e-9a4f-7826618684b4,2024-07-01 05:00:00+00:00,300,2025-01-01 07:00:00+00:00,18.1,0.2172
GSO_1,ba6970aa-af7f-428e-9a4f-7826618684b4,2024-07-01 05:05:00+00:00,300,2025-01-01 07:00:00+00:00,17.986,0.21583200000000002
GSO_1,ba6970aa-af7f-428e-9a4f-7826618684b4,2024-07-01 05:10:00+00:00,300,2025-01-01 07:00:00+00:00,17.974,0.21568800000000002
GSO_1,ba6970aa-af7f-428e-9a4f-7826618684b4,2024-07-01 05:15:00+00:00,300,2025-01-01 07:00:00+00:00,17.827,0.21392400000000003
GSO_1,ba6970aa-af7f-428e-9a4f-7826618684b4,2024-07-01 05:20:00+00:00,300,2025-01-01 07:00:00+00:00,17.927,0.21512399999999998
GSO_1,ba6970aa-af7f-428e-9a4f-7826618684b4,2024-07-01 05:25:00+00:00,300,2025-01-01 07:00:00+00:00,17.89,0.21468
GSO_1,ba6970aa-af7f-428e-9a4f-7826618684b4,2024-07-01 05:30:00+00:00,300,2025-01-01 07:00:00+00:00,17.779,0.213348
GSO_1,ba6970aa-af7f-428e-9a4f-7826618684b4,2024-07-01 05:35:00+00:00,300,2025-01-01 07:00:00+00:00,17.957,0.215484
GSO_1,ba6970aa-af7f-428e-9a4f-7826618684b4,2024-07-01 05:40:00+00:00,300,2025-01-01 07:00:00+00:00,17.891,0.21469199999999997
GSO_1,ba6970aa-af7f-428e-9a4f-7826618684b4,2024-07-01 05:45:00+00:00,300,2025-01-01 07:00:00+00:00,17.929,0.215148
GSO_1,ba6970aa-af7f-428e-9a4f-7826618684b4,2024-07-01 05:50:00+00:00,300,2025-01-01 07:00:00+00:00,17.95,0.2154
GSO_1,ba6970aa-af7f-428e-9a4f-7826618684b4,2024-07-01 05:55:00+00:00,300,2025-01-01 07:00:00+00:00,17.783,0.213396
GSO_1,ba6970aa-af7f-428e-9a4f-7826618684b4,2024-07-01 06:00:00+00:00,300,2025-01-01 07:00:00+00:00,18.174,0.218088
GSO_1,ba6970aa-af7f-428e-9a4f-7826618684b4,2024-07-01 06:05:00+00:00,300,2025-01-01 07:00:00+00:00,18.099,0.21718800000000002
GSO_1,ba6970aa-af7f-428e-9a4f-7826618684b4,2024-07-01 06:10:00+00:00,300,2025-01-01 07:00:00+00:00,18.077,0.21692400000000003
GSO_1,ba6970aa-af7f-428e-9a4f-7826618684b4,2024-07-01 06:15:00+00:00,300,2025-01-01 07:00:00+00:00,18.094,0.21712800000000002
GSO_1,ba6970aa-af7f-428e-9a4f-7826618684b4,2024-07-01 06:20:00+00:00,300,2025-01-01 07:00:00+00:00,17.707,0.212484
GSO_1,ba6970aa-af7f-428e-9a4f-7826618684b4,2024-07-01 06:25:00+00:00,300,2025-01-01 07:00:00+00:00,17.849,0.21418800000000002
GSO_1,ba6970aa-af7f-428e-9a4f-7826618684b4,2024-07-01 06:30:00+00:00,300,2025-01-01 07:00:00+00:00,17.676,0.212112
GSO_1,ba6970aa-af7f-428e-9a4f-7826618684b4,2024-07-01 06:35:00+00:00,300,2025-01-01 07:00:00+00:00,17.651,0.211812
GSO_1,ba6970aa-af7f-428e-9a4f-7826618684b4,2024-07-01 06:40:00+00:00,300,2025-01-01 07:00:00+00:00,17.469,0.209628
GSO_1,ba6970aa-af7f-428e-9a4f-7826618684b4,2024-07-01 06:45:00+00:00,300,2025-01-01 07:00:00+00:00,17.564,0.210768
GSO_1,ba6970aa-af7f-428e-9a4f-7826618684b4,2024-07-01 06:50:00+00:00,300,2025-01-01 07:00:00+00:00,17.119,0.205428
GSO_1,ba6970aa-af7f-428e-9a4f-7826618684b4,2024-07-01 06:55:00+00:00,300,2025-01-01 07:00:00+00:00,17.234,0.20680800000000002
GSO_1,ba6970aa-af7f-428e-9a4f-7826618684b4,2024-07-01 07:00:00+00:00,300,2025-01-01 07:00:00+00:00,16.591,0.19909200000000002
GSO_1,ba6970aa-af7f-428e-9a4f-7826618684b4,2024-07-01 07:05:00+00:00,300,2025-01-01 07:00:00+00:00,16.582,0.19898400000000002
GSO_1,ba6970aa-af7f-428e-9a4f-7826618684b4,2024-07-01 07:10:00+00:00,300,2025-01-01 07:00:00+00:00,16.72,0.20063999999999999
GSO_1,ba6970aa-af7f-428e-9a4f-7826618684b4,2024-07-01 07:15:00+00:00,300,2025-01-01 07:00:00+00:00,16.623,0.19947600000000001
GSO_1,ba6970aa-af7f-428e-9a4f-7826618684b4,2024-07-01 07:20:00+00:00,300,2025-01-01 07:00:00+00:00,16.667,0.20000400000000002
GSO_1,ba6970aa-af7f-428e-9a4f-7826618684b4,2024-07-01 07:25:00+00:00,300,2025-01-01 07:00:00+00:00,16.554,0.198648
GSO_1,ba6970aa-af7f-428e-9a4f-7826618684b4,2024-07-01 07:30:00+00:00,300,2025-01-01 07:00:00+00:00,16.65,0.19979999999999998
GSO_1,ba6970aa-af7f-428e-9a4f-7826618684b4,2024-07-01 07:35:00+00:00,300,2025-01-01 07:00:00+00:00,16.666,0.19999200000000003
GSO_1,ba6970aa-af7f-428e-9a4f-7826618684b4,2024-07-01 07:40:00+00:00,300,2025-01-01 07:00:00+00:00,16.696,0.20035200000000003
GSO_1,ba6970aa-af7f-428e-9a4f-7826618684b4,2024-07-01 07:45:00+00:00,300,2025-01-01 07:00:00+00:00,16.647,0.19976399999999997
GSO_1,ba6970aa-af7f-428e-9a4f-7826618684b4,2024-07-01 07:50:00+00:00,300,2025-01-01 07:00:00+00:00,16.628,0.199536
GSO_1,ba6970aa-af7f-428e-9a4f-7826618684b4,2024-07-01 07:55:00+00:00,300,2025-01-01 07:00:00+00:00,16.837,0.202044
GSO_1,ba6970aa-af7f-428e-9a4f-7826618684b4,2024-07-01 08:00:00+00:00,300,2025-01-01 07:00:00+00:00,16.687,0.20024400000000003
GSO_1,ba6970aa-af7f-428e-9a4f-7826618684b4,2024-07-01 08:05:00+00:00,300,2025-01-01 07:00:00+00:00,16.614,0.19936800000000002
GSO_1,ba6970aa-af7f-428e-9a4f-7826618684b4,2024-07-01 08:10:00+00:00,300,2025-01-01 07:00:00+00:00,16.69,0.20028000000000004
GSO_1,ba6970aa-af7f-428e-9a4f-7826618684b4,2024-07-01 08:15:00+00:00,300,2025-01-01 07:00:00+00:00,16.694,0.200328
GSO_10,396f73e2-6041-46ac-90d5-a9439aef50d8,2024-07-01 00:00:00+00:00,300,2025-01-01 07:00:00+00:00,36.436,0.437232
GSO_10,396f73e2-6041-46ac-90d5-a9439aef50d8,2024-07-01 00:05:00+00:00,300,2025-01-01 07:00:00+00:00,36.589,0.43906799999999996
GSO_10,396f73e2-6041-46ac-90d5-a9439aef50d8,2024-07-01 00:10:00+00:00,300,2025-01-01 07:00:00+00:00,36.825,0.4419
GSO_10,396f73e2-6041-46ac-90d5-a9439aef50d8,2024-07-01 00:15:00+00:00,300,2025-01-01 07:00:00+00:00,36.983,0.44379599999999997
GSO_10,396f73e2-6041-46ac-90d5-a9439aef50d8,2024-07-01 00:20:00+00:00,300,2025-01-01 07:00:00+00:00,37.128,0.445536
GSO_10,396f73e2-6041-46ac-90d5-a9439aef50d8,2024-07-01 00:25:00+00:00,300,2025-01-01 07:00:00+00:00,36.72,0.44064
GSO_10,396f73e2-6041-46ac-90d5-a9439aef50d8,2024-07-01 00:30:00+00:00,300,2025-01-01 07:00:00+00:00,37.194,0.44632800000000006
GSO_10,396f73e2-6041-46ac-90d5-a9439aef50d8,2024-07-01 00:35:00+00:00,300,2025-01-01 07:00:00+00:00,37.05,0.44459999999999994
GSO_10,396f73e2-6041-46ac-90d5-a9439aef50d8,2024-07-01 00:40:00+00:00,300,2025-01-01 07:00:00+00:00,37.433,0.44919600000000004
GSO_10,396f73e2-6041-46ac-90d5-a9439aef50d8,2024-07-01 00:45:00+00:00,300,2025-01-01 07:00:00+00:00,37.034,0.444408
GSO_10,396f73e2-6041-46ac-90d5-a9439aef50d8,2024-07-01 00:50:00+00:00,300,2025-01-01 07:00:00+00:00,37.747,0.452964
GSO_10,396f73e2-6041-46ac-90d5-a9439aef50d8,2024-07-01 00:55:00+00:00,300,2025-01-01 07:00:00+00:00,37.813,0.45375600000000005
GSO_10,396f73e2-6041-46ac-90d5-a9439aef50d8,2024-07-01 01:00:00+00:00,300,2025-01-01 07:00:00+00:00,38.939,0.467268
GSO_10,396f73e2-6041-46ac-90d5-a9439aef50d8,2024-07-01 01:05:00+00:00,300,2025-01-01 07:00:00+00:00,38.522,0.462264
GSO_10,396f73e2-6041-46ac-90d5-a9439aef50d8,2024-07-01 01:10:00+00:00,300,2025-01-01 07:00:00+00:00,38.406,0.460872
GSO_10,396f73e2-6041-46ac-90d5-a9439aef50d8,2024-07-01 01:15:00+00:00,300,2025-01-01 07:00:00+00:00,38.439,0.461268
GSO_10,396f73e2-6041-46ac-90d5-a9439aef50d8,2024-07-01 01:20:00+00:00,300,2025-01-01 07:00:00+00:00,38.566,0.46279200000000004
GSO_10,396f73e2-6041-46ac-90d5-a9439aef50d8,2024-07-01 01:25:00+00:00,300,2025-01-01 07:00:00+00:00,38.891,0.466692
GSO_10,396f73e2-6041-46ac-90d5-a9439aef50d8,2024-07-01 01:30:00+00:00,300,2025-01-01 07:00:00+00:00,38.088,0.457056
GSO_10,396f73e2-6041-46ac-90d5-a9439aef50d8,2024-07-01 01:35:00+00:00,300,2025-01-01 07:00:00+00:00,38.639,0.4636680000000001
GSO_10,396f73e2-6041-46ac-90d5-a9439aef50d8,2024-07-01 01:40:00+00:00,300,2025-01-01 07:00:00+00:00,38.279,0.4593480000000001
GSO_10,396f73e2-6041-46ac-90d5-a9439aef50d8,2024-07-01 01:45:00+00:00,300,2025-01-01 07:00:00+00:00,38.478,0.46173600000000004
GSO_10,396f73e2-6041-46ac-90d5-a9439aef50d8,2024-07-01 01:50:00+00:00,300,2025-01-01 07:00:00+00:00,38.201,0.45841200000000004
GSO_10,396f73e2-6041-46ac-90d5-a9439aef50d8,2024-07-01 01:55:00+00:00,300,2025-01-01 07:00:00+00:00,37.839,0.45406799999999997
GSO_10,396f73e2-6041-46ac-90d5-a9439aef50d8,2024-07-01 02:00:00+00:00,300,2025-01-01 07:00:00+00:00,38.602,0.46322399999999997
GSO_10,396f73e2-6041-46ac-90d5-a9439aef50d8,2024-07-01 02:05:00+00:00,300,2025-01-01 07:00:00+00:00,38.41,0.46091999999999994
GSO_10,396f73e2-6041-46ac-90d5-a9439aef50d8,2024-07-01 02:10:00+00:00,300,2025-01-01 07:00:00+00:00,38.132,0.457584
GSO_10,396f73e2-6041-46ac-90d5-a9439aef50d8,2024-07-01 02:15:00+00:00,300,2025-01-01 07:00:00+00:00,38.51,0.46212000000000003
GSO_10,396f73e2-6041-46ac-90d5-a9439aef50d8,2024-07-01 02:20:00+00:00,300,2025-01-01 07:00:00+00:00,37.853,0.45423600000000003
GSO_10,396f73e2-6041-46ac-90d5-a9439aef50d8,2024-07-01 02:25:00+00:00,300,2025-01-01 07:00:00+00:00,38.058,0.45669600000000005
GSO_10,396f73e2-6041-46ac-90d5-a9439aef50d8,2024-07-01 02:30:00+00:00,300,2025-01-01 07:00:00+00:00,37.904,0.4548480000000001
GSO_10,396f73e2-6041-46ac-90d5-a9439aef50d8,2024-07-01 02:35:00+00:00,300,2025-01-01 07:00:00+00:00,37.653,0.451836
GSO_10,396f73e2-6041-46ac-90d5-a9439aef50d8,2024-07-01 02:40:00+00:00,300,2025-01-01 07:00:00+00:00,37.963,0.455556
GSO_10,396f73e2-6041-46ac-90d5-a9439aef50d8,2024-07-01 02:45:00+00:00,300,2025-01-01 07:00:00+00:00,37.545,0.45054
GSO_10,396f73e2-6041-46ac-90d5-a9439aef50d8,2024-07-01 02:50:00+00:00,300,2025-01-01 07:00:00+00:00,37.564,0.450768
GSO_10,396f73e2-6041-46ac-90d5-a9439aef50d8,2024-07-01 02:55:00+00:00,300,2025-01-01 07:00:00+00:00,37.352,0.448224
GSO_10,396f73e2-6041-46ac-90d5-a9439aef50d8,2024-07-01 03:00:00+00:00,300,2025-01-01 07:00:00+00:00,39.267,0.47120400000000007
GSO_10,396f73e2-6041-46ac-90d5-a9439aef50d8,2024-07-01 03:05:00+00:00,300,2025-01-01 07:00:00+00:00,38.288,0.459456
GSO_10,396f73e2-6041-46ac-90d5-a9439aef50d8,2024-07-01 03:10:00+00:00,300,2025-01-01 07:00:00+00:00,37.805,0.45366
GSO_10,396f73e2-6041-46ac-90d5-a9439aef50d8,2024-07-01 03:15:00+00:00,300,2025-01-01 07:00:00+00:00,37.823,0.45387600000000006
GSO_10,396f73e2-6041-46ac-90d5-a9439aef50d8,2024-07-01 03:20:00+00:00,300,2025-01-01 07:00:00+00:00,37.477,0.449724
GSO_10,396f73e2-6041-46ac-90d5-a9439aef50d8,2024-07-01 03:25:00+00:00,300,2025-01-01 07:00:00+00:00,37.211,0.446532
GSO_10,396f73e2-6041-46ac-90d5-a9439aef50d8,2024-07-01 03:30:00+00:00,300,2025-01-01 07:00:00+00:00,36.228,0.43473600000000007
GSO_10,396f73e2-6041-46ac-90d5-a9439aef50d8,2024-07-01 03:35:00+00:00,300,2025-01-01 07:00:00+00:00,35.921,0.43105200000000005
GSO_10,396f73e2-6041-46ac-90d5-a9439aef50d8,2024-07-01 03:40:00+00:00,300,2025-01-01 07:00:00+00:00,35.201,0.422412
GSO_10,396f73e2-6041-46ac-90d5-a9439aef50d8,2024-07-01 03:45:00+00:00,300,2025-01-01 07:00:00+00:00,35.036,0.42043200000000003
GSO_10,396f73e2-6041-46ac-90d5-a9439aef50d8,2024-07-01 03:50:00+00:00,300,2025-01-01 07:00:00+00:00,34.844,0.41812800000000006
GSO_10,396f73e2-6041-46ac-90d5-a9439aef50d8,2024-07-01 03:55:00+00:00,300,2025-01-01 07:00:00+00:00,34.557,0.41468400000000005
GSO_10,396f73e2-6041-46ac-90d5-a9439aef50d8,2024-07-01 04:00:00+00:00,300,2025-01-01 07:00:00+00:00,31.996,0.383952
GSO_10,396f73e2-6041-46ac-90d5-a9439aef50d8,2024-07-01 04:05:00+00:00,300,2025-01-01 07:00:00+00:00,32.07,0.38484
GSO_10,396f73e2-6041-46ac-90d5-a9439aef50d8,2024-07-01 04:10:00+00:00,300,2025-01-01 07:00:00+00:00,31.942,0.38330400000000003
GSO_10,396f73e2-6041-46ac-90d5-a9439aef50d8,2024-07-01 04:15:00+00:00,300,2025-01-01 07:00:00+00:00,32.102,0.385224
GSO_10,396f73e2-6041-46ac-90d5-a9439aef50d8,2024-07-01 04:20:00+00:00,300,2025-01-01 07:00:00+00:00,31.846,0.38215200000000005
GSO_10,396f73e2-6041-46ac-90d5-a9439aef50d8,2024-07-01 04:25:00+00:00,300,2025-01-01 07:00:00+00:00,31.503,0.378036
GSO_10,396f73e2-6041-46ac-90d5-a9439aef50d8,2024-07-01 04:30:00+00:00,300,2025-01-01 07:00:00+00:00,31.622,0.379464
GSO_10,396f73e2-6041-46ac-90d5-a9439aef50d8,2024-07-01 04:35:00+00:00,300,2025-01-01 07:00:00+00:00,31.373,0.37647600000000003
GSO_10,396f73e2-6041-46ac-90d5-a9439aef50d8,2024-07-01 04:40:00+00:00,300,2025-01-01 07:00:00+00:00,31.405,0.37686000000000003
GSO_10,396f73e2-6041-46ac-90d5-a9439aef50d8,2024-07-01 04:45:00+00:00,300,2025-01-01 07:00:00+00:00,31.05,0.37260000000000004
GSO_10,396f73e2-6041-46ac-90d5-a9439aef50d8,2024-07-01 04:50:00+00:00,300,2025-01-01 07:00:00+00:00,30.596,0.36715200000000003
GSO_10,396f73e2-6041-46ac-90d5-a9439aef50d8,2024-07-01 04:55:00+00:00,300,2025-01-01 07:00:00+00:00,31.104,0.37324799999999997
GSO_10,396f73e2-6041-46ac-90d5-a9439aef50d8,2024-07-01 05:00:00+00:00,300,2025-01-01 07:00:00+00:00,30.563,0.366756
GSO_10,396f73e2-6041-46ac-90d5-a9439aef50d8,2024-07-01 05:05:00+00:00,300,2025-01-01 07:00:00+00:00,30.203,0.36243600000000004
GSO_10,396f73e2-6041-46ac-90d5-a9439aef50d8,2024-07-01 05:10:00+00:00,300,2025-01-01 07:00:00+00:00,30.229,0.362748
GSO_10,396f73e2-6041-46ac-90d5-a9439aef50d8,2024-07-01 05:15:00+00:00,300,2025-01-01 07:00:00+00:00,30.219,0.36262800000000006
GSO_10,396f73e2-6041-46ac-90d5-a9439aef50d8,2024-07-01 05:20:00+00:00,300,2025-01-01 07:00:00+00:00,30.003,0.360036
GSO_10,396f73e2-6041-46ac-90d5-a9439aef50d8,2024-07-01 05:25:00+00:00,300,2025-01-01 07:00:00+00:00,29.99,0.35988
GSO_10,396f73e2-6041-46ac-90d5-a9439aef50d8,2024-07-01 05:30:00+00:00,300,2025-01-01 07:00:00+00:00,30.091,0.361092
GSO_10,396f73e2-6041-46ac-90d5-a9439aef50d8,2024-07-01 05:35:00+00:00,300,2025-01-01 07:00:00+00:00,29.833,0.357996
GSO_10,396f73e2-6041-46ac-90d5-a9439aef50d8,2024-07-01 05:40:00+00:00,300,2025-01-01 07:00:00+00:00,29.745,0.35694000000000004
GSO_10,396f73e2-6041-46ac-90d5-a9439aef50d8,2024-07-01 05:45:00+00:00,300,2025-01-01 07:00:00+00:00,30.026,0.360312
GSO_10,396f73e2-6041-46ac-90d5-a9439aef50d8,2024-07-01 05:50:00+00:00,300,2025-01-01 07:00:00+00:00,29.817,0.357804
GSO_10,396f73e2-6041-46ac-90d5-a9439aef50d8,2024-07-01 05:55:00+00:00,300,2025-01-01 07:00:00+00:00,29.857,0.358284
GSO_10,396f73e2-6041-46ac-90d5-a9439aef50d8,2024-07-01 06:00:00+00:00,300,2025-01-01 07:00:00+00:00,29.1,0.34920000000000007
GSO_10,396f73e2-6041-46ac-90d5-a9439aef50d8,2024-07-01 06:05:00+00:00,300,2025-01-01 07:00:00+00:00,29.145,0.34974
GSO_10,396f73e2-6041-46ac-90d5-a9439aef50d8,2024-07-01 06:10:00+00:00,300,2025-01-01 07:00:00+00:00,28.909,0.346908
GSO_10,396f73e2-6041-46ac-90d5-a9439aef50d8,2024-07-01 06:15:00+00:00,300,2025-01-01 07:00:00+00:00,29.335,0.35202000000000006
GSO_10,396f73e2-6041-46ac-90d5-a9439aef50d8,2024-07-01 06:20:00+00:00,300,2025-01-01 07:00:00+00:00,28.89,0.34668
GSO_10,396f73e2-6041-46ac-90d5-a9439aef50d8,2024-07-01 06:25:00+00:00,300,2025-01-01 07:00:00+00:00,28.809,0.345708
GSO_10,396f73e2-6041-46ac-90d5-a9439aef50d8,2024-07-01 06:30:00+00:00,300,2025-01-01 07:00:00+00:00,29.284,0.351408
GSO_10,396f73e2-6041-46ac-90d5-a9439aef50d8,2024-07-01 06:35:00+00:00,300,2025-01-01 07:00:00+00:00,29.334,0.35200800000000004
GSO_10,396f73e2-6041-46ac-90d5-a9439aef50d8,2024-07-01 06:40:00+00:00,300,2025-01-01 07:00:00+00:00,29.272,0.351264
GSO_10,396f73e2-6041-46ac-90d5-a9439aef50d8,2024-07-01 06:45:00+00:00,300,2025-01-01 07:00:00+00:00,29.097,0.34916400000000003
GSO_10,396f73e2-6041-46ac-90d5-a9439aef50d8,2024-07-01 06:50:00+00:00,300,2025-01-01 07:00:00+00:00,29.363,0.352356
GSO_10,396f73e2-6041-46ac-90d5-a9439aef50d8,2024-07-01 06:55:00+00:00,300,2025-01-01 07:00:00+00:00,29.342,0.352104
GSO_10,396f73e2-6041-46ac-90d5-a9439aef50d8,2024-07-01 07:00:00+00:00,300,2025-01-01 07:00:00+00:00,29.744,0.356928
GSO_10,396f73e2-6041-46ac-90d5-a9439aef50d8,2024-07-01 07:05:00+00:00,300,2025-01-01 07:00:00+00:00,29.962,0.35954400000000003
GSO_10,396f73e2-6041-46ac-90d5-a9439aef50d8,2024-07-01 07:10:00+00:00,300,2025-01-01 07:00:00+00:00,30.047,0.360564
GSO_10,396f73e2-6041-46ac-90d5-a9439aef50d8,2024-07-01 07:15:00+00:00,300,2025-01-01 07:00:00+00:00,29.722,0.35666400000000004
GSO_10,396f73e2-6041-46ac-90d5-a9439aef50d8,2024-07-01 07:20:00+00:00,300,2025-01-01 07:00:00+00:00,29.935,0.35922000000000004
GSO_10,396f73e2-6041-46ac-90d5-a9439aef50d8,2024-07-01 07:25:00+00:00,300,2025-01-01 07:00:00+00:00,29.727,0.35672400000000004
GSO_10,396f73e2-6041-46ac-90d5-a9439aef50d8,2024-07-01 07:30:00+00:00,300,2025-01-01 07:00:00+00:00,29.977,0.35972400000000004
GSO_10,396f73e2-6041-46ac-90d5-a9439aef50d8,2024-07-01 07:35:00+00:00,300,2025-01-01 07:00:00+00:00,29.765,0.35718
GSO_10,396f73e2-6041-46ac-90d5-a9439aef50d8,2024-07-01 07:40:00+00:00,300,2025-01-01 07:00:00+00:00,29.716,0.356592
GSO_10,396f73e2-6041-46ac-90d5-a9439aef50d8,2024-07-01 07:45:00+00:00,300,2025-01-01 07:00:00+00:00,29.448,0.353376
GSO_10,396f73e2-6041-46ac-90d5-a9439aef50d8,2024-07-01 07:50:00+00:00,300,2025-01-01 07:00:00+00:00,29.708,0.356496
GSO_10,396f73e2-6041-46ac-90d5-a9439aef50d8,2024-07-01 07:55:00+00:00,300,2025-01-01 07:00:00+00:00,29.996,0.359952
GSO_10,396f73e2-6041-46ac-90d5-a9439aef50d8,2024-07-01 08:00:00+00:00,300,2025-01-01 07:00:00+00:00,29.25,0.351
GSO_10,396f73e2-6041-46ac-90d5-a9439aef50d8,2024-07-01 08:05:00+00:00,300,2025-01-01 07:00:00+00:00,29.264,0.351168
GSO_10,396f73e2-6041-46ac-90d5-a9439aef50d8,2024-07-01 08:10:00+00:00,300,2025-01-01 07:00:00+00:00,29.011,0.348132
GSO_10,396f73e2-6041-46ac-90d5-a9439aef50d8,2024-07-01 08:15:00+00:00,300,2025-01-01 07:00:00+00:00,29.49,0.35388
GSO_10,b315ece6-7341-4cdf-a1c9-70a8dbfe93ff,2024-07-01 00:00:00+00:00,300,2025-01-01 07:00:00+00:00,38.006,0.456072
GSO_10,b315ece6-7341-4cdf-a1c9-70a8dbfe93ff,2024-07-01 00:05:00+00:00,300,2025-01-01 07:00:00+00:00,38.169,0.458028
GSO_10,b315ece6-7341-4cdf-a1c9-70a8dbfe93ff,2024-07-01 00:10:00+00:00,300,2025-01-01 07:00:00+00:00,38.04,0.45648
GSO_10,b315ece6-7341-4cdf-a1c9-70a8dbfe93ff,2024-07-01 00:15:00+00:00,300,2025-01-01 07:00:00+00:00,38.004,0.456048
GSO_10,b315ece6-7341-4cdf-a1c9-70a8dbfe93ff,2024-07-01 00:20:00+00:00,300,2025-01-01 07:00:00+00:00,38.267,0.45920400000000006
GSO_10,b315ece6-7341-4cdf-a1c9-70a8dbfe93ff,2024-07-01 00:25:00+00:00,300,2025-01-01 07:00:00+00:00,38.117,0.457404
GSO_10,b315ece6-7341-4cdf-a1c9-70a8dbfe93ff,2024-07-01 00:30:00+00:00,300,2025-01-01 07:00:00+00:00,38.441,0.46129200000000004
GSO_10,b315ece6-7341-4cdf-a1c9-70a8dbfe93ff,2024-07-01 00:35:00+00:00,300,2025-01-01 07:00:00+00:00,38.358,0.460296
GSO_10,b315ece6-7341-4cdf-a1c9-70a8dbfe93ff,2024-07-01 00:40:00+00:00,300,2025-01-01 07:00:00+00:00,38.277,0.459324
GSO_10,b315ece6-7341-4cdf-a1c9-70a8dbfe93ff,2024-07-01 00:45:00+00:00,300,2025-01-01 07:00:00+00:00,38.924,0.467088
GSO_10,b315ece6-7341-4cdf-a1c9-70a8dbfe93ff,2024-07-01 00:50:00+00:00,300,2025-01-01 07:00:00+00:00,38.37,0.46044
GSO_10,b315ece6-7341-4cdf-a1c9-70a8dbfe93ff,2024-07-01 00:55:00+00:00,300,2025-01-01 07:00:00+00:00,38.057,0.45668400000000003
GSO_10,b315ece6-7341-4cdf-a1c9-70a8dbfe93ff,2024-07-01 01:00:00+00:00,300,2025-01-01 07:00:00+00:00,38.863,0.466356
GSO_10,b315ece6-7341-4cdf-a1c9-70a8dbfe93ff,2024-07-01 01:05:00+00:00,300,2025-01-01 07:00:00+00:00,38.301,0.459612
GSO_10,b315ece6-7341-4cdf-a1c9-70a8dbfe93ff,2024-07-01 01:10:00+00:00,300,2025-01-01 07:00:00+00:00,39.067,0.46880400000000005
GSO_10,b315ece6-7341-4cdf-a1c9-70a8dbfe93ff,2024-07-01 01:15:00+00:00,300,2025-01-01 07:00:00+00:00,38.557,0.46268400000000004
GSO_10,b315ece6-7341-4cdf-a1c9-70a8dbfe93ff,2024-07-01 01:20:00+00:00,300,2025-01-01 07:00:00+00:00,38.828,0.465936
GSO_10,b315ece6-7341-4cdf-a1c9-70a8dbfe93ff,2024-07-01 01:25:00+00:00,300,2025-01-01 07:00:00+00:00,38.183,0.45819600000000005
GSO_10,b315ece6-7341-4cdf-a1c9-70a8dbfe93ff,2024-07-01 01:30:00+00:00,300,2025-01-01 07:00:00+00:00,38.254,0.459048
GSO_10,b315ece6-7341-4cdf-a1c9-70a8dbfe93ff,2024-07-01 01:35:00+00:00,300,2025-01-01 07:00:00+00:00,38.202,0.458424
GSO_10,b315ece6-7341-4cdf-a1c9-70a8dbfe93ff,2024-07-01 01:40:00+00:00,300,2025-01-01 07:00:00+00:00,38.524,0.46228800000000003
GSO_10,b315ece6-7341-4cdf-a1c9-70a8dbfe93ff,2024-07-01 01:45:00+00:00,300,2025-01-01 07:00:00+00:00,38.352,0.46022399999999997
GSO_10,b315ece6-7341-4cdf-a1c9-70a8dbfe93ff,2024-07-01 01:50:00+00:00,300,2025-01-01 07:00:00+00:00,38.291,0.45949199999999996
GSO_10,b315ece6-7341-4cdf-a1c9-70a8dbfe93ff,2024-07-01 01:55:00+00:00,300,2025-01-01 07:00:00+00:00,38.061,0.456732
GSO_10,b315ece6-7341-4cdf-a1c9-70a8dbfe93ff,2024-07-01 02:00:00+00:00,300,2025-01-01 07:00:00+00:00,37.932,0.45518400000000003
GSO_10,b315ece6-7341-4cdf-a1c9-70a8dbfe93ff,2024-07-01 02:05:00+00:00,300,2025-01-01 07:00:00+00:00,38.046,0.456552
GSO_10,b315ece6-7341-4cdf-a1c9-70a8dbfe93ff,2024-07-01 02:10:00+00:00,300,2025-01-01 07:00:00+00:00,38.073,0.45687600000000006
GSO_10,b315ece6-7341-4cdf-a1c9-70a8dbfe93ff,2024-07-01 02:15:00+00:00,300,2025-01-01 07:00:00+00:00,38.183,0.45819600000000005
GSO_10,b315ece6-7341-4cdf-a1c9-70a8dbfe93ff,2024-07-01 02:20:00+00:00,300,2025-01-01 07:00:00+00:00,38.161,0.457932
GSO_10,b315ece6-7341-4cdf-a1c9-70a8dbfe93ff,2024-07-01 02:25:00+00:00,300,2025-01-01 07:00:00+00:00,38.163,0.457956
GSO_10,b315ece6-7341-4cdf-a1c9-70a8dbfe93ff,2024-07-01 02:30:00+00:00,300,2025-01-01 07:00:00+00:00,38.301,0.459612
GSO_10,b315ece6-7341-4cdf-a1c9-70a8dbfe93ff,2024-07-01 02:35:00+00:00,300,2025-01-01 07:00:00+00:00,37.765,0.45318
GSO_10,b315ece6-7341-4cdf-a1c9-70a8dbfe93ff,2024-07-01 02:40:00+00:00,300,2025-01-01 07:00:00+00:00,37.985,0.45582
GSO_10,b315ece6-7341-4cdf-a1c9-70a8dbfe93ff,2024-07-01 02:45:00+00:00,300,2025-01-01 07:00:00+00:00,38.103,0.45723600000000003
GSO_10,b315ece6-7341-4cdf-a1c9-70a8dbfe93ff,2024-07-01 02:50:00+00:00,300,2025-01-01 07:00:00+00:00,38.098,0.45717599999999997
GSO_10,b315ece6-7341-4cdf-a1c9-70a8dbfe93ff,2024-07-01 02:55:00+00:00,300,2025-01-01 07:00:00+00:00,37.853,0.45423600000000003
GSO_10,b315ece6-7341-4cdf-a1c9-70a8dbfe93ff,2024-07-01 03:00:00+00:00,300,2025-01-01 07:00:00+00:00,40.592,0.487104
GSO_10,b315ece6-7341-4cdf-a1c9-70a8dbfe93ff,2024-07-01 03:05:00+00:00,300,2025-01-01 07:00:00+00:00,40.315,0.48378
GSO_10,b315ece6-7341-4cdf-a1c9-70a8dbfe93ff,2024-07-01 03:10:00+00:00,300,2025-01-01 07:00:00+00:00,39.165,0.46998
GSO_10,b315ece6-7341-4cdf-a1c9-70a8dbfe93ff,2024-07-01 03:15:00+00:00,300,2025-01-01 07:00:00+00:00,38.913,0.466956
GSO_10,b315ece6-7341-4cdf-a1c9-70a8dbfe93ff,2024-07-01 03:20:00+00:00,300,2025-01-01 07:00:00+00:00,38.238,0.458856
GSO_10,b315ece6-7341-4cdf-a1c9-70a8dbfe93ff,2024-07-01 03:25:00+00:00,300,2025-01-01 07:00:00+00:00,38.186,0.45823200000000003
GSO_10,b315ece6-7341-4cdf-a1c9-70a8dbfe93ff,2024-07-01 03:30:00+00:00,300,2025-01-01 07:00:00+00:00,37.758,0.45309600000000005
GSO_10,b315ece6-7341-4cdf-a1c9-70a8dbfe93ff,2024-07-01 03:35:00+00:00,300,2025-01-01 07:00:00+00:00,37.23,0.44676
GSO_10,b315ece6-7341-4cdf-a1c9-70a8dbfe93ff,2024-07-01 03:40:00+00:00,300,2025-01-01 07:00:00+00:00,37.057,0.444684
GSO_10,b315ece6-7341-4cdf-a1c9-70a8dbfe93ff,2024-07-01 03:45:00+00:00,300,2025-01-01 07:00:00+00:00,36.344,0.436128
GSO_10,b315ece6-7341-4cdf-a1c9-70a8dbfe93ff,2024-07-01 03:50:00+00:00,300,2025-01-01 07:00:00+00:00,35.834,0.43000800000000006
GSO_10,b315ece6-7341-4cdf-a1c9-70a8dbfe93ff,2024-07-01 03:55:00+00:00,300,2025-01-01 07:00:00+00:00,35.277,0.42332400000000003
GSO_10,b315ece6-7341-4cdf-a1c9-70a8dbfe93ff,2024-07-01 04:00:00+00:00,300,2025-01-01 07:00:00+00:00,33.595,0.40314
GSO_10,b315ece6-7341-4cdf-a1c9-70a8dbfe93ff,2024-07-01 04:05:00+00:00,300,2025-01-01 07:00:00+00:00,33.072,0.39686400000000005
GSO_10,b315ece6-7341-4cdf-a1c9-70a8dbfe93ff,2024-07-01 04:10:00+00:00,300,2025-01-01 07:00:00+00:00,33.042,0.396504
GSO_10,b315ece6-7341-4cdf-a1c9-70a8dbfe93ff,2024-07-01 04:15:00+00:00,300,2025-01-01 07:00:00+00:00,32.636,0.39163200000000004
GSO_10,b315ece6-7341-4cdf-a1c9-70a8dbfe93ff,2024-07-01 04:20:00+00:00,300,2025-01-01 07:00:00+00:00,33.179,0.398148
GSO_10,b315ece6-7341-4cdf-a1c9-70a8dbfe93ff,2024-07-01 04:25:00+00:00,300,2025-01-01 07:00:00+00:00,32.742,0.392904
GSO_10,b315ece6-7341-4cdf-a1c9-70a8dbfe93ff,2024-07-01 04:30:00+00:00,300,2025-01-01 07:00:00+00:00,32.351,0.388212
GSO_10,b315ece6-7341-4cdf-a1c9-70a8dbfe93ff,2024-07-01 04:35:00+00:00,300,2025-01-01 07:00:00+00:00,32.34,0.38808000000000004
GSO_10,b315ece6-7341-4cdf-a1c9-70a8dbfe93ff,2024-07-01 04:40:00+00:00,300,2025-01-01 07:00:00+00:00,31.719,0.380628
GSO_10,b315ece6-7341-4cdf-a1c9-70a8dbfe93ff,2024-07-01 04:45:00+00:00,300,2025-01-01 07:00:00+00:00,31.67,0.38004000000000004
GSO_10,b315ece6-7341-4cdf-a1c9-70a8dbfe93ff,2024-07-01 04:50:00+00:00,300,2025-01-01 07:00:00+00:00,31.704,0.380448
GSO_10,b315ece6-7341-4cdf-a1c9-70a8dbfe93ff,2024-07-01 04:55:00+00:00,300,2025-01-01 07:00:00+00:00,31.61,0.37932
GSO_10,b315ece6-7341-4cdf-a1c9-70a8dbfe93ff,2024-07-01 05:00:00+00:00,300,2025-01-01 07:00:00+00:00,30.51,0.36612000000000006
GSO_10,b315ece6-7341-4cdf-a1c9-70a8dbfe93ff,2024-07-01 05:05:00+00:00,300,2025-01-01 07:00:00+00:00,29.997,0.359964
GSO_10,b315ece6-7341-4cdf-a1c9-70a8dbfe93ff,2024-07-01 05:10:00+00:00,300,2025-01-01 07:00:00+00:00,30.281,0.36337200000000003
GSO_10,b315ece6-7341-4cdf-a1c9-70a8dbfe93ff,2024-07-01 05:15:00+00:00,300,2025-01-01 07:00:00+00:00,30.043,0.360516
GSO_10,b315ece6-7341-4cdf-a1c9-70a8dbfe93ff,2024-07-01 05:20:00+00:00,300,2025-01-01 07:00:00+00:00,30.395,0.36474
GSO_10,b315ece6-7341-4cdf-a1c9-70a8dbfe93ff,2024-07-01 05:25:00+00:00,300,2025-01-01 07:00:00+00:00,30.464,0.365568
GSO_10,b315ece6-7341-4cdf-a1c9-70a8dbfe93ff,2024-07-01 05:30:00+00:00,300,2025-01-01 07:00:00+00:00,30.23,0.36276
GSO_10,b315ece6-7341-4cdf-a1c9-70a8dbfe93ff,2024-07-01 05:35:00+00:00,300,2025-01-01 07:00:00+00:00,30.239,0.3628680000000001
GSO_10,b315ece6-7341-4cdf-a1c9-70a8dbfe93ff,2024-07-01 05:40:00+00:00,300,2025-01-01 07:00:00+00:00,30.545,0.36654000000000003
GSO_10,b315ece6-7341-4cdf-a1c9-70a8dbfe93ff,2024-07-01 05:45:00+00:00,300,2025-01-01 07:00:00+00:00,30.548,0.366576
GSO_10,b315ece6-7341-4cdf-a1c9-70a8dbfe93ff,2024-07-01 05:50:00+00:00,300,2025-01-01 07:00:00+00:00,30.553,0.366636
GSO_10,b315ece6-7341-4cdf-a1c9-70a8dbfe93ff,2024-07-01 05:55:00+00:00,300,2025-01-01 07:00:00+00:00,30.692,0.368304
GSO_10,b315ece6-7341-4cdf-a1c9-70a8dbfe93ff,2024-07-01 06:00:00+00:00,300,2025-01-01 07:00:00+00:00,30.704,0.36844800000000005
GSO_10,b315ece6-7341-4cdf-a1c9-70a8dbfe93ff,2024-07-01 06:05:00+00:00,300,2025-01-01 07:00:00+00:00,30.737,0.368844
GSO_10,b315ece6-7341-4cdf-a1c9-70a8dbfe93ff,2024-07-01 06:10:00+00:00,300,2025-01-01 07:00:00+00:00,30.618,0.367416
GSO_10,b315ece6-7341-4cdf-a1c9-70a8dbfe93ff,2024-07-01 06:15:00+00:00,300,2025-01-01 07:00:00+00:00,30.757,0.3690840000000001
GSO_10,b315ece6-7341-4cdf-a1c9-70a8dbfe93ff,2024-07-01 06:20:00+00:00,300,2025-01-01 07:00:00+00:00,30.741,0.368892
GSO_10,b315ece6-7341-4cdf-a1c9-70a8dbfe93ff,2024-07-01 06:25:00+00:00,300,2025-01-01 07:00:00+00:00,30.827,0.36992400000000003
GSO_10,b315ece6-7341-4cdf-a1c9-70a8dbfe93ff,2024-07-01 06:30:00+00:00,300,2025-01-01 07:00:00+00:00,30.796,0.36955200000000005
GSO_10,b315ece6-7341-4cdf-a1c9-70a8dbfe93ff,2024-07-01 06:35:00+00:00,300,2025-01-01 07:00:00+00:00,30.83,0.36995999999999996
GSO_10,b315ece6-7341-4cdf-a1c9-70a8dbfe93ff,2024-07-01 06:40:00+00:00,300,2025-01-01 07:00:00+00:00,31.093,0.37311600000000006
GSO_10,b315ece6-7341-4cdf-a1c9-70a8dbfe93ff,2024-07-01 06:45:00+00:00,300,2025-01-01 07:00:00+00:00,30.917,0.371004
GSO_10,b315ece6-7341-4cdf-a1c9-70a8dbfe93ff,2024-07-01 06:50:00+00:00,300,2025-01-01 07:00:00+00:00,30.895,0.37074
GSO_10,b315ece6-7341-4cdf-a1c9-70a8dbfe93ff,2024-07-01 06:55:00+00:00,300,2025-01-01 07:00:00+00:00,31.078,0.37293600000000005
GSO_10,b315ece6-7341-4cdf-a1c9-70a8dbfe93ff,2024-07-01 07:00:00+00:00,300,2025-01-01 07:00:00+00:00,31.047,0.372564
GSO_10,b315ece6-7341-4cdf-a1c9-70a8dbfe93ff,2024-07-01 07:05:00+00:00,300,2025-01-01 07:00:00+00:00,31.032,0.372384
GSO_10,b315ece6-7341-4cdf-a1c9-70a8dbfe93ff,2024-07-01 07:10:00+00:00,300,2025-01-01 07:00:00+00:00,31.253,0.375036
GSO_10,b315ece6-7341-4cdf-a1c9-70a8dbfe93ff,2024-07-01 07:15:00+00:00,300,2025-01-01 07:00:00+00:00,31.062,0.372744
GSO_10,b315ece6-7341-4cdf-a1c9-70a8dbfe93ff,2024-07-01 07:20:00+00:00,300,2025-01-01 07:00:00+00:00,30.963,0.37155600000000005
GSO_10,b315ece6-7341-4cdf-a1c9-70a8dbfe93ff,2024-07-01 07:25:00+00:00,300,2025-01-01 07:00:00+00:00,31.288,0.375456
GSO_10,b315ece6-7341-4cdf-a1c9-70a8dbfe93ff,2024-07-01 07:30:00+00:00,300,2025-01-01 07:00:00+00:00,30.942,0.371304
GSO_10,b315ece6-7341-4cdf-a1c9-70a8dbfe93ff,2024-07-01 07:35:00+00:00,300,2025-01-01 07:00:00+00:00,31.307,0.375684
GSO_10,b315ece6-7341-4cdf-a1c9-70a8dbfe93ff,2024-07-01 07:40:00+00:00,300,2025-01-01 07:00:00+00:00,31.098,0.373176
GSO_10,b315ece6-7341-4cdf-a1c9-70a8dbfe93ff,2024-07-01 07:45:00+00:00,300,2025-01-01 07:00:00+00:00,30.882,0.3705840000000001
GSO_10,b315ece6-7341-4cdf-a1c9-70a8dbfe93ff,2024-07-01 07:50:00+00:00,300,2025-01-01 07:00:00+00:00,31.041,0.37249200000000005
GSO_10,b315ece6-7341-4cdf-a1c9-70a8dbfe93ff,2024-07-01 07:55:00+00:00,300,2025-01-01 07:00:00+00:00,31.548,0.378576
GSO_10,b315ece6-7341-4cdf-a1c9-70a8dbfe93ff,2024-07-01 08:00:00+00:00,300,2025-01-01 07:00:00+00:00,31.293,0.375516
GSO_10,b315ece6-7341-4cdf-a1c9-70a8dbfe93ff,2024-07-01 08:05:00+00:00,300,2025-01-01 07:00:00+00:00,31.122,0.373464
GSO_10,b315ece6-7341-4cdf-a1c9-70a8dbfe93ff,2024-07-01 08:10:00+00:00,300,2025-01-01 07:00:00+00:00,31.12,0.37344000000000005
GSO_10,b315ece6-7341-4cdf-a1c9-70a8dbfe93ff,2024-07-01 08:15:00+00:00,300,2025-01-01 07:00:00+00:00,31.45,0.3774
GSO_10,d140ab36-31a8-40c7-820d-c3a2df82604a,2024-07-01 00:00:00+00:00,300,2025-01-01 07:00:00+00:00,40.938,0.491256
GSO_10,d140ab36-31a8-40c7-820d-c3a2df82604a,2024-07-01 00:05:00+00:00,300,2025-01-01 07:00:00+00:00,41.103,0.49323600000000006
GSO_10,d140ab36-31a8-40c7-820d-c3a2df82604a,2024-07-01 00:10:00+00:00,300,2025-01-01 07:00:00+00:00,41.06,0.49272000000000005
GSO_10,d140ab36-31a8-40c7-820d-c3a2df82604a,2024-07-01 00:15:00+00:00,300,2025-01-01 07:00:00+00:00,41.701,0.5004120000000001
GSO_10,d140ab36-31a8-40c7-820d-c3a2df82604a,2024-07-01 00:20:00+00:00,300,2025-01-01 07:00:00+00:00,41.909,0.502908
GSO_10,d140ab36-31a8-40c7-820d-c3a2df82604a,2024-07-01 00:25:00+00:00,300,2025-01-01 07:00:00+00:00,41.87,0.50244
GSO_10,d140ab36-31a8-40c7-820d-c3a2df82604a,2024-07-01 00:30:00+00:00,300,2025-01-01 07:00:00+00:00,41.249,0.49498800000000004
GSO_10,d140ab36-31a8-40c7-820d-c3a2df82604a,2024-07-01 00:35:00+00:00,300,2025-01-01 07:00:00+00:00,41.891,0.502692
GSO_10,d140ab36-31a8-40c7-820d-c3a2df82604a,2024-07-01 00:40:00+00:00,300,2025-01-01 07:00:00+00:00,41.726,0.5007119999999999
GSO_10,d140ab36-31a8-40c7-820d-c3a2df82604a,2024-07-01 00:45:00+00:00,300,2025-01-01 07:00:00+00:00,41.788,0.501456
GSO_10,d140ab36-31a8-40c7-820d-c3a2df82604a,2024-07-01 00:50:00+00:00,300,2025-01-01 07:00:00+00:00,41.705,0.50046
GSO_10,d140ab36-31a8-40c7-820d-c3a2df82604a,2024-07-01 00:55:00+00:00,300,2025-01-01 07:00:00+00:00,42.04,0.50448
GSO_10,d140ab36-31a8-40c7-820d-c3a2df82604a,2024-07-01 01:00:00+00:00,300,2025-01-01 07:00:00+00:00,42.905,0.51486
GSO_10,d140ab36-31a8-40c7-820d-c3a2df82604a,2024-07-01 01:05:00+00:00,300,2025-01-01 07:00:00+00:00,42.876,0.5145120000000001
GSO_10,d140ab36-31a8-40c7-820d-c3a2df82604a,2024-07-01 01:10:00+00:00,300,2025-01-01 07:00:00+00:00,42.65,0.5118
GSO_10,d140ab36-31a8-40c7-820d-c3a2df82604a,2024-07-01 01:15:00+00:00,300,2025-01-01 07:00:00+00:00,42.589,0.511068
GSO_10,d140ab36-31a8-40c7-820d-c3a2df82604a,2024-07-01 01:20:00+00:00,300,2025-01-01 07:00:00+00:00,42.789,0.513468
GSO_10,d140ab36-31a8-40c7-820d-c3a2df82604a,2024-07-01 01:25:00+00:00,300,2025-01-01 07:00:00+00:00,42.709,0.5125080000000001
GSO_10,d140ab36-31a8-40c7-820d-c3a2df82604a,2024-07-01 01:30:00+00:00,300,2025-01-01 07:00:00+00:00,42.645,0.5117400000000001
GSO_10,d140ab36-31a8-40c7-820d-c3a2df82604a,2024-07-01 01:35:00+00:00,300,2025-01-01 07:00:00+00:00,42.127,0.5055240000000001
GSO_10,d140ab36-31a8-40c7-820d-c3a2df82604a,2024-07-01 01:40:00+00:00,300,2025-01-01 07:00:00+00:00,41.734,0.500808
GSO_10,d140ab36-31a8-40c7-820d-c3a2df82604a,2024-07-01 01:45:00+00:00,300,2025-01-01 07:00:00+00:00,42.579,0.5109480000000001
GSO_10,d140ab36-31a8-40c7-820d-c3a2df82604a,2024-07-01 01:50:00+00:00,300,2025-01-01 07:00:00+00:00,41.963,0.503556
GSO_10,d140ab36-31a8-40c7-820d-c3a2df82604a,2024-07-01 01:55:00+00:00,300,2025-01-01 07:00:00+00:00,41.678,0.5001359999999999
GSO_10,d140ab36-31a8-40c7-820d-c3a2df82604a,2024-07-01 02:00:00+00:00,300,2025-01-01 07:00:00+00:00,41.06,0.49272000000000005
GSO_10,d140ab36-31a8-40c7-820d-c3a2df82604a,2024-07-01 02:05:00+00:00,300,2025-01-01 07:00:00+00:00,41.047,0.49256399999999995
GSO_10,d140ab36-31a8-40c7-820d-c3a2df82604a,2024-07-01 02:10:00+00:00,300,2025-01-01 07:00:00+00:00,41.395,0.49674000000000007
GSO_10,d140ab36-31a8-40c7-820d-c3a2df82604a,2024-07-01 02:15:00+00:00,300,2025-01-01 07:00:00+00:00,41.209,0.49450800000000006
GSO_10,d140ab36-31a8-40c7-820d-c3a2df82604a,2024-07-01 02:20:00+00:00,300,2025-01-01 07:00:00+00:00,41.185,0.49422000000000005
GSO_10,d140ab36-31a8-40c7-820d-c3a2df82604a,2024-07-01 02:25:00+00:00,300,2025-01-01 07:00:00+00:00,41.603,0.49923600000000007
GSO_10,d140ab36-31a8-40c7-820d-c3a2df82604a,2024-07-01 02:30:00+00:00,300,2025-01-01 07:00:00+00:00,41.683,0.500196
GSO_10,d140ab36-31a8-40c7-820d-c3a2df82604a,2024-07-01 02:35:00+00:00,300,2025-01-01 07:00:00+00:00,41.019,0.492228
GSO_10,d140ab36-31a8-40c7-820d-c3a2df82604a,2024-07-01 02:40:00+00:00,300,2025-01-01 07:00:00+00:00,41.062,0.49274399999999996
GSO_10,d140ab36-31a8-40c7-820d-c3a2df82604a,2024-07-01 02:45:00+00:00,300,2025-01-01 07:00:00+00:00,41.727,0.500724
GSO_10,d140ab36-31a8-40c7-820d-c3a2df82604a,2024-07-01 02:50:00+00:00,300,2025-01-01 07:00:00+00:00,41.939,0.503268
GSO_10,d140ab36-31a8-40c7-820d-c3a2df82604a,2024-07-01 02:55:00+00:00,300,2025-01-01 07:00:00+00:00,41.494,0.497928
GSO_10,d140ab36-31a8-40c7-820d-c3a2df82604a,2024-07-01 03:00:00+00:00,300,2025-01-01 07:00:00+00:00,45.686,0.548232
GSO_10,d140ab36-31a8-40c7-820d-c3a2df82604a,2024-07-01 03:05:00+00:00,300,2025-01-01 07:00:00+00:00,45.378,0.544536
GSO_10,d140ab36-31a8-40c7-820d-c3a2df82604a,2024-07-01 03:10:00+00:00,300,2025-01-01 07:00:00+00:00,44.267,0.531204
GSO_10,d140ab36-31a8-40c7-820d-c3a2df82604a,2024-07-01 03:15:00+00:00,300,2025-01-01 07:00:00+00:00,43.461,0.521532
GSO_10,d140ab36-31a8-40c7-820d-c3a2df82604a,2024-07-01 03:20:00+00:00,300,2025-01-01 07:00:00+00:00,42.89,0.51468
GSO_10,d140ab36-31a8-40c7-820d-c3a2df82604a,2024-07-01 03:25:00+00:00,300,2025-01-01 07:00:00+00:00,42.468,0.5096160000000001
GSO_10,d140ab36-31a8-40c7-820d-c3a2df82604a,2024-07-01 03:30:00+00:00,300,2025-01-01 07:00:00+00:00,41.294,0.49552799999999997
GSO_10,d140ab36-31a8-40c7-820d-c3a2df82604a,2024-07-01 03:35:00+00:00,300,2025-01-01 07:00:00+00:00,40.828,0.48993600000000004
GSO_10,d140ab36-31a8-40c7-820d-c3a2df82604a,2024-07-01 03:40:00+00:00,300,2025-01-01 07:00:00+00:00,40.532,0.486384
GSO_10,d140ab36-31a8-40c7-820d-c3a2df82604a,2024-07-01 03:45:00+00:00,300,2025-01-01 07:00:00+00:00,39.534,0.474408
GSO_10,d140ab36-31a8-40c7-820d-c3a2df82604a,2024-07-01 03:50:00+00:00,300,2025-01-01 07:00:00+00:00,38.883,0.46659600000000007
GSO_10,d140ab36-31a8-40c7-820d-c3a2df82604a,2024-07-01 03:55:00+00:00,300,2025-01-01 07:00:00+00:00,37.736,0.452832
GSO_10,d140ab36-31a8-40c7-820d-c3a2df82604a,2024-07-01 04:00:00+00:00,300,2025-01-01 07:00:00+00:00,33.447,0.40136400000000005
GSO_10,d140ab36-31a8-40c7-820d-c3a2df82604a,2024-07-01 04:05:00+00:00,300,2025-01-01 07:00:00+00:00,33.573,0.402876
GSO_10,d140ab36-31a8-40c7-820d-c3a2df82604a,2024-07-01 04:10:00+00:00,300,2025-01-01 07:00:00+00:00,33.587,0.403044
GSO_10,d140ab36-31a8-40c7-820d-c3a2df82604a,2024-07-01 04:15:00+00:00,300,2025-01-01 07:00:00+00:00,33.464,0.401568
GSO_10,d140ab36-31a8-40c7-820d-c3a2df82604a,2024-07-01 04:20:00+00:00,300,2025-01-01 07:00:00+00:00,33.641,0.403692
GSO_10,d140ab36-31a8-40c7-820d-c3a2df82604a,2024-07-01 04:25:00+00:00,300,2025-01-01 07:00:00+00:00,33.165,0.39798
GSO_10,d140ab36-31a8-40c7-820d-c3a2df82604a,2024-07-01 04:30:00+00:00,300,2025-01-01 07:00:00+00:00,33.443,0.40131599999999995
GSO_10,d140ab36-31a8-40c7-820d-c3a2df82604a,2024-07-01 04:35:00+00:00,300,2025-01-01 07:00:00+00:00,33.241,0.39889199999999997
GSO_10,d140ab36-31a8-40c7-820d-c3a2df82604a,2024-07-01 04:40:00+00:00,300,2025-01-01 07:00:00+00:00,33.57,0.40284000000000003
GSO_10,d140ab36-31a8-40c7-820d-c3a2df82604a,2024-07-01 04:45:00+00:00,300,2025-01-01 07:00:00+00:00,33.234,0.39880800000000005
GSO_10,d140ab36-31a8-40c7-820d-c3a2df82604a,2024-07-01 04:50:00+00:00,300,2025-01-01 07:00:00+00:00,32.907,0.39488399999999996
GSO_10,d140ab36-31a8-40c7-820d-c3a2df82604a,2024-07-01 04:55:00+00:00,300,2025-01-01 07:00:00+00:00,32.948,0.39537600000000006
GSO_10,d140ab36-31a8-40c7-820d-c3a2df82604a,2024-07-01 05:00:00+00:00,300,2025-01-01 07:00:00+00:00,32.038,0.38445599999999996
GSO_10,d140ab36-31a8-40c7-820d-c3a2df82604a,2024-07-01 05:05:00+00:00,300,2025-01-01 07:00:00+00:00,31.906,0.382872
GSO_10,d140ab36-31a8-40c7-820d-c3a2df82604a,2024-07-01 05:10:00+00:00,300,2025-01-01 07:00:00+00:00,31.85,0.38220000000000004
GSO_10,d140ab36-31a8-40c7-820d-c3a2df82604a,2024-07-01 05:15:00+00:00,300,2025-01-01 07:00:00+00:00,32.217,0.386604
GSO_10,d140ab36-31a8-40c7-820d-c3a2df82604a,2024-07-01 05:20:00+00:00,300,2025-01-01 07:00:00+00:00,32.228,0.386736
GSO_10,d140ab36-31a8-40c7-820d-c3a2df82604a,2024-07-01 05:25:00+00:00,300,2025-01-01 07:00:00+00:00,32.526,0.39031200000000005
GSO_10,d140ab36-31a8-40c7-820d-c3a2df82604a,2024-07-01 05:30:00+00:00,300,2025-01-01 07:00:00+00:00,32.327,0.387924
GSO_10,d140ab36-31a8-40c7-820d-c3a2df82604a,2024-07-01 05:35:00+00:00,300,2025-01-01 07:00:00+00:00,32.51,0.39012
GSO_10,d140ab36-31a8-40c7-820d-c3a2df82604a,2024-07-01 05:40:00+00:00,300,2025-01-01 07:00:00+00:00,32.82,0.39384
GSO_10,d140ab36-31a8-40c7-820d-c3a2df82604a,2024-07-01 05:45:00+00:00,300,2025-01-01 07:00:00+00:00,32.303,0.387636
GSO_10,d140ab36-31a8-40c7-820d-c3a2df82604a,2024-07-01 05:50:00+00:00,300,2025-01-01 07:00:00+00:00,32.213,0.38655600000000007
GSO_10,d140ab36-31a8-40c7-820d-c3a2df82604a,2024-07-01 05:55:00+00:00,300,2025-01-01 07:00:00+00:00,32.957,0.39548400000000006
GSO_10,d140ab36-31a8-40c7-820d-c3a2df82604a,2024-07-01 06:00:00+00:00,300,2025-01-01 07:00:00+00:00,33.506,0.402072
GSO_10,d140ab36-31a8-40c7-820d-c3a2df82604a,2024-07-01 06:05:00+00:00,300,2025-01-01 07:00:00+00:00,33.67,0.40404
GSO_10,d140ab36-31a8-40c7-820d-c3a2df82604a,2024-07-01 06:10:00+00:00,300,2025-01-01 07:00:00+00:00,33.622,0.403464
GSO_10,d140ab36-31a8-40c7-820d-c3a2df82604a,2024-07-01 06:15:00+00:00,300,2025-01-01 07:00:00+00:00,33.561,0.40273200000000003
GSO_10,d140ab36-31a8-40c7-820d-c3a2df82604a,2024-07-01 06:20:00+00:00,300,2025-01-01 07:00:00+00:00,33.675,0.40409999999999996
GSO_10,d140ab36-31a8-40c7-820d-c3a2df82604a,2024-07-01 06:25:00+00:00,300,2025-01-01 07:00:00+00:00,33.469,0.40162800000000004
GSO_10,d140ab36-31a8-40c7-820d-c3a2df82604a,2024-07-01 06:30:00+00:00,300,2025-01-01 07:00:00+00:00,33.639,0.4036680000000001
GSO_10,d140ab36-31a8-40c7-820d-c3a2df82604a,2024-07-01 06:35:00+00:00,300,2025-01-01 07:00:00+00:00,32.931,0.39517199999999997
GSO_10,d140ab36-31a8-40c7-820d-c3a2df82604a,2024-07-01 06:40:00+00:00,300,2025-01-01 07:00:00+00:00,32.981,0.39577200000000007
GSO_10,d140ab36-31a8-40c7-820d-c3a2df82604a,2024-07-01 06:45:00+00:00,300,2025-01-01 07:00:00+00:00,33.644,0.40372800000000003
GSO_10,d140ab36-31a8-40c7-820d-c3a2df82604a,2024-07-01 06:50:00+00:00,300,2025-01-01 07:00:00+00:00,33.258,0.39909600000000006
GSO_10,d140ab36-31a8-40c7-820d-c3a2df82604a,2024-07-01 06:55:00+00:00,300,2025-01-01 07:00:00+00:00,33.165,0.39798
GSO_10,d140ab36-31a8-40c7-820d-c3a2df82604a,2024-07-01 07:00:00+00:00,300,2025-01-01 07:00:00+00:00,32.163,0.38595599999999997
GSO_10,d140ab36-31a8-40c7-820d-c3a2df82604a,2024-07-01 07:05:00+00:00,300,2025-01-01 07:00:00+00:00,32.213,0.38655600000000007
GSO_10,d140ab36-31a8-40c7-820d-c3a2df82604a,2024-07-01 07:10:00+00:00,300,2025-01-01 07:00:00+00:00,32.703,0.39243600000000006
GSO_10,d140ab36-31a8-40c7-820d-c3a2df82604a,2024-07-01 07:15:00+00:00,300,2025-01-01 07:00:00+00:00,32.585,0.39102000000000003
GSO_10,d140ab36-31a8-40c7-820d-c3a2df82604a,2024-07-01 07:20:00+00:00,300,2025-01-01 07:00:00+00:00,32.767,0.39320400000000005
GSO_10,d140ab36-31a8-40c7-820d-c3a2df82604a,2024-07-01 07:25:00+00:00,300,2025-01-01 07:00:00+00:00,32.824,0.39388799999999996
GSO_10,d140ab36-31a8-40c7-820d-c3a2df82604a,2024-07-01 07:30:00+00:00,300,2025-01-01 07:00:00+00:00,32.212,0.38654400000000005
GSO_10,d140ab36-31a8-40c7-820d-c3a2df82604a,2024-07-01 07:35:00+00:00,300,2025-01-01 07:00:00+00:00,32.677,0.39212400000000003
GSO_10,d140ab36-31a8-40c7-820d-c3a2df82604a,2024-07-01 07:40:00+00:00,300,2025-01-01 07:00:00+00:00,32.692,0.39230400000000004
GSO_10,d140ab36-31a8-40c7-820d-c3a2df82604a,2024-07-01 07:45:00+00:00,300,2025-01-01 07:00:00+00:00,32.591,0.39109200000000005
GSO_10,d140ab36-31a8-40c7-820d-c3a2df82604a,2024-07-01 07:50:00+00:00,300,2025-01-01 07:00:00+00:00,33.127,0.39752400000000004
GSO_10,d140ab36-31a8-40c7-820d-c3a2df82604a,2024-07-01 07:55:00+00:00,300,2025-01-01 07:00:00+00:00,33.372,0.400464
GSO_10,d140ab36-31a8-40c7-820d-c3a2df82604a,2024-07-01 08:00:00+00:00,300,2025-01-01 07:00:00+00:00,33.964,0.407568
GSO_10,d140ab36-31a8-40c7-820d-c3a2df82604a,2024-07-01 08:05:00+00:00,300,2025-01-01 07:00:00+00:00,34.436,0.41323200000000004
GSO_10,d140ab36-31a8-40c7-820d-c3a2df82604a,2024-07-01 08:10:00+00:00,300,2025-01-01 07:00:00+00:00,33.733,0.404796
GSO_10,d140ab36-31a8-40c7-820d-c3a2df82604a,2024-07-01 08:15:00+00:00,300,2025-01-01 07:00:00+00:00,33.459,0.40150800000000003
GSO_2,e16fe26a-3331-4e10-bcda-3d5b4cfc42bc,2024-07-01 00:00:00+00:00,300,2025-01-01 07:00:00+00:00,50.347,0.6041640000000001
GSO_2,e16fe26a-3331-4e10-bcda-3d5b4cfc42bc,2024-07-01 00:05:00+00:00,300,2025-01-01 07:00:00+00:00,49.651,0.5958120000000001
GSO_2,e16fe26a-3331-4e10-bcda-3d5b4cfc42bc,2024-07-01 00:10:00+00:00,300,2025-01-01 07:00:00+00:00,49.95,0.5994
GSO_2,e16fe26a-3331-4e10-bcda-3d5b4cfc42bc,2024-07-01 00:15:00+00:00,300,2025-01-01 07:00:00+00:00,49.433,0.5931960000000001
GSO_2,e16fe26a-3331-4e10-bcda-3d5b4cfc42bc,2024-07-01 00:20:00+00:00,300,2025-01-01 07:00:00+00:00,49.546,0.594552
GSO_2,e16fe26a-3331-4e10-bcda-3d5b4cfc42bc,2024-07-01 00:25:00+00:00,300,2025-01-01 07:00:00+00:00,49.154,0.589848
GSO_2,e16fe26a-3331-4e10-bcda-3d5b4cfc42bc,2024-07-01 00:30:00+00:00,300,2025-01-01 07:00:00+00:00,48.842,0.5861040000000001
GSO_2,e16fe26a-3331-4e10-bcda-3d5b4cfc42bc,2024-07-01 00:35:00+00:00,300,2025-01-01 07:00:00+00:00,48.835,0.5860200000000001
GSO_2,e16fe26a-3331-4e10-bcda-3d5b4cfc42bc,2024-07-01 00:40:00+00:00,300,2025-01-01 07:00:00+00:00,49.184,0.590208
GSO_2,e16fe26a-3331-4e10-bcda-3d5b4cfc42bc,2024-07-01 00:45:00+00:00,300,2025-01-01 07:00:00+00:00,48.527,0.5823240000000001
GSO_2,e16fe26a-3331-4e10-bcda-3d5b4cfc42bc,2024-07-01 00:50:00+00:00,300,2025-01-01 07:00:00+00:00,48.429,0.581148
GSO_2,e16fe26a-3331-4e10-bcda-3d5b4cfc42bc,2024-07-01 00:55:00+00:00,300,2025-01-01 07:00:00+00:00,48.382,0.5805840000000001
GSO_2,e16fe26a-3331-4e10-bcda-3d5b4cfc42bc,2024-07-01 01:00:00+00:00,300,2025-01-01 07:00:00+00:00,47.569,0.5708280000000001
GSO_2,e16fe26a-3331-4e10-bcda-3d5b4cfc42bc,2024-07-01 01:05:00+00:00,300,2025-01-01 07:00:00+00:00,47.194,0.566328
GSO_2,e16fe26a-3331-4e10-bcda-3d5b4cfc42bc,2024-07-01 01:10:00+00:00,300,2025-01-01 07:00:00+00:00,48.134,0.577608
GSO_2,e16fe26a-3331-4e10-bcda-3d5b4cfc42bc,2024-07-01 01:15:00+00:00,300,2025-01-01 07:00:00+00:00,47.02,0.5642400000000001
GSO_2,e16fe26a-3331-4e10-bcda-3d5b4cfc42bc,2024-07-01 01:20:00+00:00,300,2025-01-01 07:00:00+00:00,47.383,0.5685960000000001
GSO_2,e16fe26a-3331-4e10-bcda-3d5b4cfc42bc,2024-07-01 01:25:00+00:00,300,2025-01-01 07:00:00+00:00,47.044,0.564528
GSO_2,e16fe26a-3331-4e10-bcda-3d5b4cfc42bc,2024-07-01 01:30:00+00:00,300,2025-01-01 07:00:00+00:00,47.189,0.566268
GSO_2,e16fe26a-3331-4e10-bcda-3d5b4cfc42bc,2024-07-01 01:35:00+00:00,300,2025-01-01 07:00:00+00:00,46.943,0.563316
GSO_2,e16fe26a-3331-4e10-bcda-3d5b4cfc42bc,2024-07-01 01:40:00+00:00,300,2025-01-01 07:00:00+00:00,46.567,0.5588040000000001
GSO_2,e16fe26a-3331-4e10-bcda-3d5b4cfc42bc,2024-07-01 01:45:00+00:00,300,2025-01-01 07:00:00+00:00,46.789,0.5614680000000001
GSO_2,e16fe26a-3331-4e10-bcda-3d5b4cfc42bc,2024-07-01 01:50:00+00:00,300,2025-01-01 07:00:00+00:00,47.181,0.566172
GSO_2,e16fe26a-3331-4e10-bcda-3d5b4cfc42bc,2024-07-01 01:55:00+00:00,300,2025-01-01 07:00:00+00:00,46.453,0.557436
GSO_2,e16fe26a-3331-4e10-bcda-3d5b4cfc42bc,2024-07-01 02:00:00+00:00,300,2025-01-01 07:00:00+00:00,46.363,0.556356
GSO_2,e16fe26a-3331-4e10-bcda-3d5b4cfc42bc,2024-07-01 02:05:00+00:00,300,2025-01-01 07:00:00+00:00,45.967,0.5516040000000001
GSO_2,e16fe26a-3331-4e10-bcda-3d5b4cfc42bc,2024-07-01 02:10:00+00:00,300,2025-01-01 07:00:00+00:00,45.962,0.5515440000000001
GSO_2,e16fe26a-3331-4e10-bcda-3d5b4cfc42bc,2024-07-01 02:15:00+00:00,300,2025-01-01 07:00:00+00:00,46.291,0.555492
GSO_2,e16fe26a-3331-4e10-bcda-3d5b4cfc42bc,2024-07-01 02:20:00+00:00,300,2025-01-01 07:00:00+00:00,46.203,0.554436
GSO_2,e16fe26a-3331-4e10-bcda-3d5b4cfc42bc,2024-07-01 02:25:00+00:00,300,2025-01-01 07:00:00+00:00,46.124,0.5534880000000001
GSO_2,e16fe26a-3331-4e10-bcda-3d5b4cfc42bc,2024-07-01 02:30:00+00:00,300,2025-01-01 07:00:00+00:00,45.716,0.5485920000000001
GSO_2,e16fe26a-3331-4e10-bcda-3d5b4cfc42bc,2024-07-01 02:35:00+00:00,300,2025-01-01 07:00:00+00:00,45.845,0.55014
GSO_2,e16fe26a-3331-4e10-bcda-3d5b4cfc42bc,2024-07-01 02:40:00+00:00,300,2025-01-01 07:00:00+00:00,45.424,0.5450880000000001
GSO_2,e16fe26a-3331-4e10-bcda-3d5b4cfc42bc,2024-07-01 02:45:00+00:00,300,2025-01-01 07:00:00+00:00,45.488,0.545856
GSO_2,e16fe26a-3331-4e10-bcda-3d5b4cfc42bc,2024-07-01 02:50:00+00:00,300,2025-01-01 07:00:00+00:00,45.98,0.55176
GSO_2,e16fe26a-3331-4e10-bcda-3d5b4cfc42bc,2024-07-01 02:55:00+00:00,300,2025-01-01 07:00:00+00:00,45.606,0.5472720000000001
GSO_2,e16fe26a-3331-4e10-bcda-3d5b4cfc42bc,2024-07-01 03:00:00+00:00,300,2025-01-01 07:00:00+00:00,48.994,0.587928
GSO_2,e16fe26a-3331-4e10-bcda-3d5b4cfc42bc,2024-07-01 03:05:00+00:00,300,2025-01-01 07:00:00+00:00,48.403,0.580836
GSO_2,e16fe26a-3331-4e10-bcda-3d5b4cfc42bc,2024-07-01 03:10:00+00:00,300,2025-01-01 07:00:00+00:00,47.655,0.57186
GSO_2,e16fe26a-3331-4e10-bcda-3d5b4cfc42bc,2024-07-01 03:15:00+00:00,300,2025-01-01 07:00:00+00:00,47.16,0.56592
GSO_2,e16fe26a-3331-4e10-bcda-3d5b4cfc42bc,2024-07-01 03:20:00+00:00,300,2025-01-01 07:00:00+00:00,46.716,0.5605920000000001
GSO_2,e16fe26a-3331-4e10-bcda-3d5b4cfc42bc,2024-07-01 03:25:00+00:00,300,2025-01-01 07:00:00+00:00,45.69,0.54828
GSO_2,e16fe26a-3331-4e10-bcda-3d5b4cfc42bc,2024-07-01 03:30:00+00:00,300,2025-01-01 07:00:00+00:00,45.158,0.541896
GSO_2,e16fe26a-3331-4e10-bcda-3d5b4cfc42bc,2024-07-01 03:35:00+00:00,300,2025-01-01 07:00:00+00:00,44.869,0.538428
GSO_2,e16fe26a-3331-4e10-bcda-3d5b4cfc42bc,2024-07-01 03:40:00+00:00,300,2025-01-01 07:00:00+00:00,44.041,0.528492
GSO_2,e16fe26a-3331-4e10-bcda-3d5b4cfc42bc,2024-07-01 03:45:00+00:00,300,2025-01-01 07:00:00+00:00,43.866,0.5263920000000001
GSO_2,e16fe26a-3331-4e10-bcda-3d5b4cfc42bc,2024-07-01 03:50:00+00:00,300,2025-01-01 07:00:00+00:00,43.429,0.5211480000000001
GSO_2,e16fe26a-3331-4e10-bcda-3d5b4cfc42bc,2024-07-01 03:55:00+00:00,300,2025-01-01 07:00:00+00:00,42.689,0.5122680000000001
GSO_2,e16fe26a-3331-4e10-bcda-3d5b4cfc42bc,2024-07-01 04:00:00+00:00,300,2025-01-01 07:00:00+00:00,38.679,0.464148
GSO_2,e16fe26a-3331-4e10-bcda-3d5b4cfc42bc,2024-07-01 04:05:00+00:00,300,2025-01-01 07:00:00+00:00,38.565,0.46277999999999997
GSO_2,e16fe26a-3331-4e10-bcda-3d5b4cfc42bc,2024-07-01 04:10:00+00:00,300,2025-01-01 07:00:00+00:00,38.935,0.46722
GSO_2,e16fe26a-3331-4e10-bcda-3d5b4cfc42bc,2024-07-01 04:15:00+00:00,300,2025-01-01 07:00:00+00:00,39.113,0.469356
GSO_2,e16fe26a-3331-4e10-bcda-3d5b4cfc42bc,2024-07-01 04:20:00+00:00,300,2025-01-01 07:00:00+00:00,38.762,0.465144
GSO_2,e16fe26a-3331-4e10-bcda-3d5b4cfc42bc,2024-07-01 04:25:00+00:00,300,2025-01-01 07:00:00+00:00,38.969,0.46762800000000004
GSO_2,e16fe26a-3331-4e10-bcda-3d5b4cfc42bc,2024-07-01 04:30:00+00:00,300,2025-01-01 07:00:00+00:00,39.315,0.47178
GSO_2,e16fe26a-3331-4e10-bcda-3d5b4cfc42bc,2024-07-01 04:35:00+00:00,300,2025-01-01 07:00:00+00:00,39.047,0.468564
GSO_2,e16fe26a-3331-4e10-bcda-3d5b4cfc42bc,2024-07-01 04:40:00+00:00,300,2025-01-01 07:00:00+00:00,39.303,0.47163599999999994
GSO_2,e16fe26a-3331-4e10-bcda-3d5b4cfc42bc,2024-07-01 04:45:00+00:00,300,2025-01-01 07:00:00+00:00,38.916,0.46699199999999996
GSO_2,e16fe26a-3331-4e10-bcda-3d5b4cfc42bc,2024-07-01 04:50:00+00:00,300,2025-01-01 07:00:00+00:00,39.336,0.472032
GSO_2,e16fe26a-3331-4e10-bcda-3d5b4cfc42bc,2024-07-01 04:55:00+00:00,300,2025-01-01 07:00:00+00:00,39.535,0.47441999999999995
GSO_2,e16fe26a-3331-4e10-bcda-3d5b4cfc42bc,2024-07-01 05:00:00+00:00,300,2025-01-01 07:00:00+00:00,39.625,0.4755
GSO_2,e16fe26a-3331-4e10-bcda-3d5b4cfc42bc,2024-07-01 05:05:00+00:00,300,2025-01-01 07:00:00+00:00,39.696,0.476352
GSO_2,e16fe26a-3331-4e10-bcda-3d5b4cfc42bc,2024-07-01 05:10:00+00:00,300,2025-01-01 07:00:00+00:00,39.457,0.473484
GSO_2,e16fe26a-3331-4e10-bcda-3d5b4cfc42bc,2024-07-01 05:15:00+00:00,300,2025-01-01 07:00:00+00:00,39.447,0.473364
GSO_2,e16fe26a-3331-4e10-bcda-3d5b4cfc42bc,2024-07-01 05:20:00+00:00,300,2025-01-01 07:00:00+00:00,39.539,0.474468
GSO_2,e16fe26a-3331-4e10-bcda-3d5b4cfc42bc,2024-07-01 05:25:00+00:00,300,2025-01-01 07:00:00+00:00,39.867,0.478404
GSO_2,e16fe26a-3331-4e10-bcda-3d5b4cfc42bc,2024-07-01 05:30:00+00:00,300,2025-01-01 07:00:00+00:00,40.09,0.48108000000000006
GSO_2,e16fe26a-3331-4e10-bcda-3d5b4cfc42bc,2024-07-01 05:35:00+00:00,300,2025-01-01 07:00:00+00:00,40.026,0.48031200000000007
GSO_2,e16fe26a-3331-4e10-bcda-3d5b4cfc42bc,2024-07-01 05:40:00+00:00,300,2025-01-01 07:00:00+00:00,39.935,0.47922000000000003
GSO_2,e16fe26a-3331-4e10-bcda-3d5b4cfc42bc,2024-07-01 05:45:00+00:00,300,2025-01-01 07:00:00+00:00,39.669,0.47602799999999995
GSO_2,e16fe26a-3331-4e10-bcda-3d5b4cfc42bc,2024-07-01 05:50:00+00:00,300,2025-01-01 07:00:00+00:00,39.643,0.475716
GSO_2,e16fe26a-3331-4e10-bcda-3d5b4cfc42bc,2024-07-01 05:55:00+00:00,300,2025-01-01 07:00:00+00:00,39.955,0.47946
GSO_2,e16fe26a-3331-4e10-bcda-3d5b4cfc42bc,2024-07-01 06:00:00+00:00,300,2025-01-01 07:00:00+00:00,40.327,0.48392399999999997
GSO_2,e16fe26a-3331-4e10-bcda-3d5b4cfc42bc,2024-07-01 06:05:00+00:00,300,2025-01-01 07:00:00+00:00,40.358,0.484296
GSO_2,e16fe26a-3331-4e10-bcda-3d5b4cfc42bc,2024-07-01 06:10:00+00:00,300,2025-01-01 07:00:00+00:00,40.177,0.482124
GSO_2,e16fe26a-3331-4e10-bcda-3d5b4cfc42bc,2024-07-01 06:15:00+00:00,300,2025-01-01 07:00:00+00:00,40.401,0.4848120000000001
GSO_2,e16fe26a-3331-4e10-bcda-3d5b4cfc42bc,2024-07-01 06:20:00+00:00,300,2025-01-01 07:00:00+00:00,40.036,0.480432
GSO_2,e16fe26a-3331-4e10-bcda-3d5b4cfc42bc,2024-07-01 06:25:00+00:00,300,2025-01-01 07:00:00+00:00,39.879,0.47854800000000003
GSO_2,e16fe26a-3331-4e10-bcda-3d5b4cfc42bc,2024-07-01 06:30:00+00:00,300,2025-01-01 07:00:00+00:00,40.273,0.4832760000000001
GSO_2,e16fe26a-3331-4e10-bcda-3d5b4cfc42bc,2024-07-01 06:35:00+00:00,300,2025-01-01 07:00:00+00:00,39.898,0.4787760000000001
GSO_2,e16fe26a-3331-4e10-bcda-3d5b4cfc42bc,2024-07-01 06:40:00+00:00,300,2025-01-01 07:00:00+00:00,40.071,0.480852
GSO_2,e16fe26a-3331-4e10-bcda-3d5b4cfc42bc,2024-07-01 06:45:00+00:00,300,2025-01-01 07:00:00+00:00,40.064,0.48076800000000003
GSO_2,e16fe26a-3331-4e10-bcda-3d5b4cfc42bc,2024-07-01 06:50:00+00:00,300,2025-01-01 07:00:00+00:00,40.472,0.48566400000000004
GSO_2,e16fe26a-3331-4e10-bcda-3d5b4cfc42bc,2024-07-01 06:55:00+00:00,300,2025-01-01 07:00:00+00:00,39.983,0.479796
GSO_2,e16fe26a-3331-4e10-bcda-3d5b4cfc42bc,2024-07-01 07:00:00+00:00,300,2025-01-01 07:00:00+00:00,41.318,0.495816
GSO_2,e16fe26a-3331-4e10-bcda-3d5b4cfc42bc,2024-07-01 07:05:00+00:00,300,2025-01-01 07:00:00+00:00,41.196,0.49435199999999996
GSO_2,e16fe26a-3331-4e10-bcda-3d5b4cfc42bc,2024-07-01 07:10:00+00:00,300,2025-01-01 07:00:00+00:00,40.709,0.48850800000000005
GSO_2,e16fe26a-3331-4e10-bcda-3d5b4cfc42bc,2024-07-01 07:15:00+00:00,300,2025-01-01 07:00:00+00:00,40.564,0.48676800000000003
GSO_2,e16fe26a-3331-4e10-bcda-3d5b4cfc42bc,2024-07-01 07:20:00+00:00,300,2025-01-01 07:00:00+00:00,40.583,0.486996
GSO_2,e16fe26a-3331-4e10-bcda-3d5b4cfc42bc,2024-07-01 07:25:00+00:00,300,2025-01-01 07:00:00+00:00,40.07,0.48084000000000005
GSO_2,e16fe26a-3331-4e10-bcda-3d5b4cfc42bc,2024-07-01 07:30:00+00:00,300,2025-01-01 07:00:00+00:00,40.526,0.4863120000000001
GSO_2,e16fe26a-3331-4e10-bcda-3d5b4cfc42bc,2024-07-01 07:35:00+00:00,300,2025-01-01 07:00:00+00:00,39.52,0.47424000000000005
GSO_2,e16fe26a-3331-4e10-bcda-3d5b4cfc42bc,2024-07-01 07:40:00+00:00,300,2025-01-01 07:00:00+00:00,39.93,0.47916000000000003
GSO_2,e16fe26a-3331-4e10-bcda-3d5b4cfc42bc,2024-07-01 07:45:00+00:00,300,2025-01-01 07:00:00+00:00,39.72,0.47664
GSO_2,e16fe26a-3331-4e10-bcda-3d5b4cfc42bc,2024-07-01 07:50:00+00:00,300,2025-01-01 07:00:00+00:00,39.374,0.4724880000000001
GSO_2,e16fe26a-3331-4e10-bcda-3d5b4cfc42bc,2024-07-01 07:55:00+00:00,300,2025-01-01 07:00:00+00:00,39.367,0.472404
GSO_2,e16fe26a-3331-4e10-bcda-3d5b4cfc42bc,2024-07-01 08:00:00+00:00,300,2025-01-01 07:00:00+00:00,37.4,0.44880000000000003
GSO_2,e16fe26a-3331-4e10-bcda-3d5b4cfc42bc,2024-07-01 08:05:00+00:00,300,2025-01-01 07:00:00+00:00,37.466,0.44959200000000005
GSO_2,e16fe26a-3331-4e10-bcda-3d5b4cfc42bc,2024-07-01 08:10:00+00:00,300,2025-01-01 07:00:00+00:00,37.539,0.45046800000000004
GSO_2,e16fe26a-3331-4e10-bcda-3d5b4cfc42bc,2024-07-01 08:15:00+00:00,300,2025-01-01 07:00:00+00:00,37.595,0.45114
GSO_2,a28c1752-7f45-48c2-b058-b7cdc091e5d6,2024-07-01 00:00:00+00:00,300,2025-01-01 07:00:00+00:00,49.896,0.5987520000000001
GSO_2,a28c1752-7f45-48c2-b058-b7cdc091e5d6,2024-07-01 00:05:00+00:00,300,2025-01-01 07:00:00+00:00,50.191,0.602292
GSO_2,a28c1752-7f45-48c2-b058-b7cdc091e5d6,2024-07-01 00:10:00+00:00,300,2025-01-01 07:00:00+00:00,50.372,0.604464
GSO_2,a28c1752-7f45-48c2-b058-b7cdc091e5d6,2024-07-01 00:15:00+00:00,300,2025-01-01 07:00:00+00:00,50.093,0.6011160000000001
GSO_2,a28c1752-7f45-48c2-b058-b7cdc091e5d6,2024-07-01 00:20:00+00:00,300,2025-01-01 07:00:00+00:00,50.088,0.601056
GSO_2,a28c1752-7f45-48c2-b058-b7cdc091e5d6,2024-07-01 00:25:00+00:00,300,2025-01-01 07:00:00+00:00,49.28,0.59136
GSO_2,a28c1752-7f45-48c2-b058-b7cdc091e5d6,2024-07-01 00:30:00+00:00,300,2025-01-01 07:00:00+00:00,49.508,0.5940960000000001
GSO_2,a28c1752-7f45-48c2-b058-b7cdc091e5d6,2024-07-01 00:35:00+00:00,300,2025-01-01 07:00:00+00:00,49.898,0.5987760000000001
GSO_2,a28c1752-7f45-48c2-b058-b7cdc091e5d6,2024-07-01 00:40:00+00:00,300,2025-01-01 07:00:00+00:00,49.404,0.592848
GSO_2,a28c1752-7f45-48c2-b058-b7cdc091e5d6,2024-07-01 00:45:00+00:00,300,2025-01-01 07:00:00+00:00,49.522,0.594264
GSO_2,a28c1752-7f45-48c2-b058-b7cdc091e5d6,2024-07-01 00:50:00+00:00,300,2025-01-01 07:00:00+00:00,49.678,0.596136
GSO_2,a28c1752-7f45-48c2-b058-b7cdc091e5d6,2024-07-01 00:55:00+00:00,300,2025-01-01 07:00:00+00:00,49.327,0.591924
GSO_2,a28c1752-7f45-48c2-b058-b7cdc091e5d6,2024-07-01 01:00:00+00:00,300,2025-01-01 07:00:00+00:00,49.946,0.599352
GSO_2,a28c1752-7f45-48c2-b058-b7cdc091e5d6,2024-07-01 01:05:00+00:00,300,2025-01-01 07:00:00+00:00,49.287,0.5914440000000001
GSO_2,a28c1752-7f45-48c2-b058-b7cdc091e5d6,2024-07-01 01:10:00+00:00,300,2025-01-01 07:00:00+00:00,49.764,0.5971680000000001
GSO_2,a28c1752-7f45-48c2-b058-b7cdc091e5d6,2024-07-01 01:15:00+00:00,300,2025-01-01 07:00:00+00:00,49.074,0.5888880000000001
GSO_2,a28c1752-7f45-48c2-b058-b7cdc091e5d6,2024-07-01 01:20:00+00:00,300,2025-01-01 07:00:00+00:00,49.576,0.594912
GSO_2,a28c1752-7f45-48c2-b058-b7cdc091e5d6,2024-07-01 01:25:00+00:00,300,2025-01-01 07:00:00+00:00,49.217,0.590604
GSO_2,a28c1752-7f45-48c2-b058-b7cdc091e5d6,2024-07-01 01:30:00+00:00,300,2025-01-01 07:00:00+00:00,49.043,0.588516
GSO_2,a28c1752-7f45-48c2-b058-b7cdc091e5d6,2024-07-01 01:35:00+00:00,300,2025-01-01 07:00:00+00:00,49.448,0.5933760000000001
GSO_2,a28c1752-7f45-48c2-b058-b7cdc091e5d6,2024-07-01 01:40:00+00:00,300,2025-01-01 07:00:00+00:00,48.877,0.5865240000000002
GSO_2,a28c1752-7f45-48c2-b058-b7cdc091e5d6,2024-07-01 01:45:00+00:00,300,2025-01-01 07:00:00+00:00,48.724,0.584688
GSO_2,a28c1752-7f45-48c2-b058-b7cdc091e5d6,2024-07-01 01:50:00+00:00,300,2025-01-01 07:00:00+00:00,48.578,0.582936
GSO_2,a28c1752-7f45-48c2-b058-b7cdc091e5d6,2024-07-01 01:55:00+00:00,300,2025-01-01 07:00:00+00:00,48.432,0.581184
GSO_2,a28c1752-7f45-48c2-b058-b7cdc091e5d6,2024-07-01 02:00:00+00:00,300,2025-01-01 07:00:00+00:00,45.722,0.5486640000000002
GSO_2,a28c1752-7f45-48c2-b058-b7cdc091e5d6,2024-07-01 02:05:00+00:00,300,2025-01-01 07:00:00+00:00,46.25,0.555
GSO_2,a28c1752-7f45-48c2-b058-b7cdc091e5d6,2024-07-01 02:10:00+00:00,300,2025-01-01 07:00:00+00:00,46.916,0.5629919999999999
GSO_2,a28c1752-7f45-48c2-b058-b7cdc091e5d6,2024-07-01 02:15:00+00:00,300,2025-01-01 07:00:00+00:00,46.942,0.5633040000000001
GSO_2,a28c1752-7f45-48c2-b058-b7cdc091e5d6,2024-07-01 02:20:00+00:00,300,2025-01-01 07:00:00+00:00,47.118,0.565416
GSO_2,a28c1752-7f45-48c2-b058-b7cdc091e5d6,2024-07-01 02:25:00+00:00,300,2025-01-01 07:00:00+00:00,47.438,0.5692560000000001
GSO_2,a28c1752-7f45-48c2-b058-b7cdc091e5d6,2024-07-01 02:30:00+00:00,300,2025-01-01 07:00:00+00:00,47.872,0.5744640000000001
GSO_2,a28c1752-7f45-48c2-b058-b7cdc091e5d6,2024-07-01 02:35:00+00:00,300,2025-01-01 07:00:00+00:00,48.26,0.57912
GSO_2,a28c1752-7f45-48c2-b058-b7cdc091e5d6,2024-07-01 02:40:00+00:00,300,2025-01-01 07:00:00+00:00,48.884,0.586608
GSO_2,a28c1752-7f45-48c2-b058-b7cdc091e5d6,2024-07-01 02:45:00+00:00,300,2025-01-01 07:00:00+00:00,49.094,0.5891280000000001
GSO_2,a28c1752-7f45-48c2-b058-b7cdc091e5d6,2024-07-01 02:50:00+00:00,300,2025-01-01 07:00:00+00:00,49.167,0.590004
GSO_2,a28c1752-7f45-48c2-b058-b7cdc091e5d6,2024-07-01 02:55:00+00:00,300,2025-01-01 07:00:00+00:00,49.832,0.5979840000000001
GSO_2,a28c1752-7f45-48c2-b058-b7cdc091e5d6,2024-07-01 03:00:00+00:00,300,2025-01-01 07:00:00+00:00,56.066,0.6727920000000001
GSO_2,a28c1752-7f45-48c2-b058-b7cdc091e5d6,2024-07-01 03:05:00+00:00,300,2025-01-01 07:00:00+00:00,55.608,0.667296
GSO_2,a28c1752-7f45-48c2-b058-b7cdc091e5d6,2024-07-01 03:10:00+00:00,300,2025-01-01 07:00:00+00:00,54.979,0.659748
GSO_2,a28c1752-7f45-48c2-b058-b7cdc091e5d6,2024-07-01 03:15:00+00:00,300,2025-01-01 07:00:00+00:00,53.909,0.646908
GSO_2,a28c1752-7f45-48c2-b058-b7cdc091e5d6,2024-07-01 03:20:00+00:00,300,2025-01-01 07:00:00+00:00,52.606,0.631272
GSO_2,a28c1752-7f45-48c2-b058-b7cdc091e5d6,2024-07-01 03:25:00+00:00,300,2025-01-01 07:00:00+00:00,51.681,0.6201720000000001
GSO_2,a28c1752-7f45-48c2-b058-b7cdc091e5d6,2024-07-01 03:30:00+00:00,300,2025-01-01 07:00:00+00:00,50.945,0.61134
GSO_2,a28c1752-7f45-48c2-b058-b7cdc091e5d6,2024-07-01 03:35:00+00:00,300,2025-01-01 07:00:00+00:00,49.907,0.598884
GSO_2,a28c1752-7f45-48c2-b058-b7cdc091e5d6,2024-07-01 03:40:00+00:00,300,2025-01-01 07:00:00+00:00,49.034,0.588408
GSO_2,a28c1752-7f45-48c2-b058-b7cdc091e5d6,2024-07-01 03:45:00+00:00,300,2025-01-01 07:00:00+00:00,48.263,0.5791560000000001
GSO_2,a28c1752-7f45-48c2-b058-b7cdc091e5d6,2024-07-01 03:50:00+00:00,300,2025-01-01 07:00:00+00:00,47.477,0.569724
GSO_2,a28c1752-7f45-48c2-b058-b7cdc091e5d6,2024-07-01 03:55:00+00:00,300,2025-01-01 07:00:00+00:00,45.994,0.551928
GSO_2,a28c1752-7f45-48c2-b058-b7cdc091e5d6,2024-07-01 04:00:00+00:00,300,2025-01-01 07:00:00+00:00,40.552,0.486624
GSO_2,a28c1752-7f45-48c2-b058-b7cdc091e5d6,2024-07-01 04:05:00+00:00,300,2025-01-01 07:00:00+00:00,40.724,0.488688
GSO_2,a28c1752-7f45-48c2-b058-b7cdc091e5d6,2024-07-01 04:10:00+00:00,300,2025-01-01 07:00:00+00:00,40.251,0.483012
GSO_2,a28c1752-7f45-48c2-b058-b7cdc091e5d6,2024-07-01 04:15:00+00:00,300,2025-01-01 07:00:00+00:00,40.379,0.484548
GSO_2,a28c1752-7f45-48c2-b058-b7cdc091e5d6,2024-07-01 04:20:00+00:00,300,2025-01-01 07:00:00+00:00,40.542,0.486504
GSO_2,a28c1752-7f45-48c2-b058-b7cdc091e5d6,2024-07-01 04:25:00+00:00,300,2025-01-01 07:00:00+00:00,39.885,0.47862
GSO_2,a28c1752-7f45-48c2-b058-b7cdc091e5d6,2024-07-01 04:30:00+00:00,300,2025-01-01 07:00:00+00:00,40.078,0.48093600000000003
GSO_2,a28c1752-7f45-48c2-b058-b7cdc091e5d6,2024-07-01 04:35:00+00:00,300,2025-01-01 07:00:00+00:00,40.26,0.48312
GSO_2,a28c1752-7f45-48c2-b058-b7cdc091e5d6,2024-07-01 04:40:00+00:00,300,2025-01-01 07:00:00+00:00,40.25,0.483
GSO_2,a28c1752-7f45-48c2-b058-b7cdc091e5d6,2024-07-01 04:45:00+00:00,300,2025-01-01 07:00:00+00:00,39.952,0.47942399999999996
GSO_2,a28c1752-7f45-48c2-b058-b7cdc091e5d6,2024-07-01 04:50:00+00:00,300,2025-01-01 07:00:00+00:00,39.937,0.47924399999999995
GSO_2,a28c1752-7f45-48c2-b058-b7cdc091e5d6,2024-07-01 04:55:00+00:00,300,2025-01-01 07:00:00+00:00,39.687,0.47624399999999995
GSO_2,a28c1752-7f45-48c2-b058-b7cdc091e5d6,2024-07-01 05:00:00+00:00,300,2025-01-01 07:00:00+00:00,38.022,0.456264
GSO_2,a28c1752-7f45-48c2-b058-b7cdc091e5d6,2024-07-01 05:05:00+00:00,300,2025-01-01 07:00:00+00:00,38.517,0.46220400000000006
GSO_2,a28c1752-7f45-48c2-b058-b7cdc091e5d6,2024-07-01 05:10:00+00:00,300,2025-01-01 07:00:00+00:00,38.465,0.46158000000000005
GSO_2,a28c1752-7f45-48c2-b058-b7cdc091e5d6,2024-07-01 05:15:00+00:00,300,2025-01-01 07:00:00+00:00,38.334,0.46000800000000003
GSO_2,a28c1752-7f45-48c2-b058-b7cdc091e5d6,2024-07-01 05:20:00+00:00,300,2025-01-01 07:00:00+00:00,38.67,0.46404
GSO_2,a28c1752-7f45-48c2-b058-b7cdc091e5d6,2024-07-01 05:25:00+00:00,300,2025-01-01 07:00:00+00:00,39.492,0.473904
GSO_2,a28c1752-7f45-48c2-b058-b7cdc091e5d6,2024-07-01 05:30:00+00:00,300,2025-01-01 07:00:00+00:00,39.458,0.473496
GSO_2,a28c1752-7f45-48c2-b058-b7cdc091e5d6,2024-07-01 05:35:00+00:00,300,2025-01-01 07:00:00+00:00,39.714,0.476568
GSO_2,a28c1752-7f45-48c2-b058-b7cdc091e5d6,2024-07-01 05:40:00+00:00,300,2025-01-01 07:00:00+00:00,39.96,0.47952000000000006
GSO_2,a28c1752-7f45-48c2-b058-b7cdc091e5d6,2024-07-01 05:45:00+00:00,300,2025-01-01 07:00:00+00:00,39.662,0.47594400000000003
GSO_2,a28c1752-7f45-48c2-b058-b7cdc091e5d6,2024-07-01 05:50:00+00:00,300,2025-01-01 07:00:00+00:00,39.937,0.47924399999999995
GSO_2,a28c1752-7f45-48c2-b058-b7cdc091e5d6,2024-07-01 05:55:00+00:00,300,2025-01-01 07:00:00+00:00,40.741,0.488892
GSO_2,a28c1752-7f45-48c2-b058-b7cdc091e5d6,2024-07-01 06:00:00+00:00,300,2025-01-01 07:00:00+00:00,41.634,0.499608
GSO_2,a28c1752-7f45-48c2-b058-b7cdc091e5d6,2024-07-01 06:05:00+00:00,300,2025-01-01 07:00:00+00:00,42.033,0.5043960000000001
GSO_2,a28c1752-7f45-48c2-b058-b7cdc091e5d6,2024-07-01 06:10:00+00:00,300,2025-01-01 07:00:00+00:00,41.49,0.49788000000000004
GSO_2,a28c1752-7f45-48c2-b058-b7cdc091e5d6,2024-07-01 06:15:00+00:00,300,2025-01-01 07:00:00+00:00,41.969,0.5036280000000001
GSO_2,a28c1752-7f45-48c2-b058-b7cdc091e5d6,2024-07-01 06:20:00+00:00,300,2025-01-01 07:00:00+00:00,41.58,0.49895999999999996
GSO_2,a28c1752-7f45-48c2-b058-b7cdc091e5d6,2024-07-01 06:25:00+00:00,300,2025-01-01 07:00:00+00:00,41.773,0.501276
GSO_2,a28c1752-7f45-48c2-b058-b7cdc091e5d6,2024-07-01 06:30:00+00:00,300,2025-01-01 07:00:00+00:00,41.7,0.5004000000000001
GSO_2,a28c1752-7f45-48c2-b058-b7cdc091e5d6,2024-07-01 06:35:00+00:00,300,2025-01-01 07:00:00+00:00,42.135,0.50562
GSO_2,a28c1752-7f45-48c2-b058-b7cdc091e5d6,2024-07-01 06:40:00+00:00,300,2025-01-01 07:00:00+00:00,42.129,0.505548
GSO_2,a28c1752-7f45-48c2-b058-b7cdc091e5d6,2024-07-01 06:45:00+00:00,300,2025-01-01 07:00:00+00:00,42.0,0.504
GSO_2,a28c1752-7f45-48c2-b058-b7cdc091e5d6,2024-07-01 06:50:00+00:00,300,2025-01-01 07:00:00+00:00,41.666,0.49999199999999994
GSO_2,a28c1752-7f45-48c2-b058-b7cdc091e5d6,2024-07-01 06:55:00+00:00,300,2025-01-01 07:00:00+00:00,41.303,0.49563599999999997
GSO_2,a28c1752-7f45-48c2-b058-b7cdc091e5d6,2024-07-01 07:00:00+00:00,300,2025-01-01 07:00:00+00:00,41.376,0.496512
GSO_2,a28c1752-7f45-48c2-b058-b7cdc091e5d6,2024-07-01 07:05:00+00:00,300,2025-01-01 07:00:00+00:00,41.124,0.49348800000000004
GSO_2,a28c1752-7f45-48c2-b058-b7cdc091e5d6,2024-07-01 07:10:00+00:00,300,2025-01-01 07:00:00+00:00,41.24,0.49488000000000004
GSO_2,a28c1752-7f45-48c2-b058-b7cdc091e5d6,2024-07-01 07:15:00+00:00,300,2025-01-01 07:00:00+00:00,41.444,0.49732800000000005
GSO_2,a28c1752-7f45-48c2-b058-b7cdc091e5d6,2024-07-01 07:20:00+00:00,300,2025-01-01 07:00:00+00:00,41.117,0.493404
GSO_2,a28c1752-7f45-48c2-b058-b7cdc091e5d6,2024-07-01 07:25:00+00:00,300,2025-01-01 07:00:00+00:00,41.553,0.49863599999999997
GSO_2,a28c1752-7f45-48c2-b058-b7cdc091e5d6,2024-07-01 07:30:00+00:00,300,2025-01-01 07:00:00+00:00,41.229,0.49474799999999997
GSO_2,a28c1752-7f45-48c2-b058-b7cdc091e5d6,2024-07-01 07:35:00+00:00,300,2025-01-01 07:00:00+00:00,41.083,0.492996
GSO_2,a28c1752-7f45-48c2-b058-b7cdc091e5d6,2024-07-01 07:40:00+00:00,300,2025-01-01 07:00:00+00:00,41.426,0.497112
GSO_2,a28c1752-7f45-48c2-b058-b7cdc091e5d6,2024-07-01 07:45:00+00:00,300,2025-01-01 07:00:00+00:00,41.341,0.49609200000000003
GSO_2,a28c1752-7f45-48c2-b058-b7cdc091e5d6,2024-07-01 07:50:00+00:00,300,2025-01-01 07:00:00+00:00,40.852,0.490224
GSO_2,a28c1752-7f45-48c2-b058-b7cdc091e5d6,2024-07-01 07:55:00+00:00,300,2025-01-01 07:00:00+00:00,41.745,0.50094
GSO_2,a28c1752-7f45-48c2-b058-b7cdc091e5d6,2024-07-01 08:00:00+00:00,300,2025-01-01 07:00:00+00:00,41.54,0.49848000000000003
GSO_2,a28c1752-7f45-48c2-b058-b7cdc091e5d6,2024-07-01 08:05:00+00:00,300,2025-01-01 07:00:00+00:00,41.433,0.497196
GSO_2,a28c1752-7f45-48c2-b058-b7cdc091e5d6,2024-07-01 08:10:00+00:00,300,2025-01-01 07:00:00+00:00,41.495,0.49794
GSO_2,a28c1752-7f45-48c2-b058-b7cdc091e5d6,2024-07-01 08:15:00+00:00,300,2025-01-01 07:00:00+00:00,41.4,0.4968
GSO_2,f5b81547-937f-4c70-92ba-8a0fb6594394,2024-07-01 00:00:00+00:00,300,2025-01-01 07:00:00+00:00,51.663,0.6199560000000001
GSO_2,f5b81547-937f-4c70-92ba-8a0fb6594394,2024-07-01 00:05:00+00:00,300,2025-01-01 07:00:00+00:00,51.757,0.6210840000000001
GSO_2,f5b81547-937f-4c70-92ba-8a0fb6594394,2024-07-01 00:10:00+00:00,300,2025-01-01 07:00:00+00:00,50.912,0.610944
GSO_2,f5b81547-937f-4c70-92ba-8a0fb6594394,2024-07-01 00:15:00+00:00,300,2025-01-01 07:00:00+00:00,51.015,0.6121800000000001
GSO_2,f5b81547-937f-4c70-92ba-8a0fb6594394,2024-07-01 00:20:00+00:00,300,2025-01-01 07:00:00+00:00,51.264,0.6151680000000002
GSO_2,f5b81547-937f-4c70-92ba-8a0fb6594394,2024-07-01 00:25:00+00:00,300,2025-01-01 07:00:00+00:00,51.511,0.618132
GSO_2,f5b81547-937f-4c70-92ba-8a0fb6594394,2024-07-01 00:30:00+00:00,300,2025-01-01 07:00:00+00:00,51.977,0.6237240000000001
GSO_2,f5b81547-937f-4c70-92ba-8a0fb6594394,2024-07-01 00:35:00+00:00,300,2025-01-01 07:00:00+00:00,51.072,0.6128640000000001
GSO_2,f5b81547-937f-4c70-92ba-8a0fb6594394,2024-07-01 00:40:00+00:00,300,2025-01-01 07:00:00+00:00,51.421,0.617052
GSO_2,f5b81547-937f-4c70-92ba-8a0fb6594394,2024-07-01 00:45:00+00:00,300,2025-01-01 07:00:00+00:00,51.127,0.6135240000000001
GSO_2,f5b81547-937f-4c70-92ba-8a0fb6594394,2024-07-01 00:50:00+00:00,300,2025-01-01 07:00:00+00:00,51.032,0.612384
GSO_2,f5b81547-937f-4c70-92ba-8a0fb6594394,2024-07-01 00:55:00+00:00,300,2025-01-01 07:00:00+00:00,51.146,0.6137520000000001
GSO_2,f5b81547-937f-4c70-92ba-8a0fb6594394,2024-07-01 01:00:00+00:00,300,2025-01-01 07:00:00+00:00,50.632,0.607584
GSO_2,f5b81547-937f-4c70-92ba-8a0fb6594394,2024-07-01 01:05:00+00:00,300,2025-01-01 07:00:00+00:00,50.891,0.610692
GSO_2,f5b81547-937f-4c70-92ba-8a0fb6594394,2024-07-01 01:10:00+00:00,300,2025-01-01 07:00:00+00:00,50.732,0.608784
GSO_2,f5b81547-937f-4c70-92ba-8a0fb6594394,2024-07-01 01:15:00+00:00,300,2025-01-01 07:00:00+00:00,49.944,0.5993280000000001
GSO_2,f5b81547-937f-4c70-92ba-8a0fb6594394,2024-07-01 01:20:00+00:00,300,2025-01-01 07:00:00+00:00,50.47,0.60564
GSO_2,f5b81547-937f-4c70-92ba-8a0fb6594394,2024-07-01 01:25:00+00:00,300,2025-01-01 07:00:00+00:00,50.39,0.6046800000000001
GSO_2,f5b81547-937f-4c70-92ba-8a0fb6594394,2024-07-01 01:30:00+00:00,300,2025-01-01 07:00:00+00:00,50.321,0.6038519999999999
GSO_2,f5b81547-937f-4c70-92ba-8a0fb6594394,2024-07-01 01:35:00+00:00,300,2025-01-01 07:00:00+00:00,50.054,0.6006480000000001
GSO_2,f5b81547-937f-4c70-92ba-8a0fb6594394,2024-07-01 01:40:00+00:00,300,2025-01-01 07:00:00+00:00,50.311,0.603732
GSO_2,f5b81547-937f-4c70-92ba-8a0fb6594394,2024-07-01 01:45:00+00:00,300,2025-01-01 07:00:00+00:00,50.35,0.6042000000000001
GSO_2,f5b81547-937f-4c70-92ba-8a0fb6594394,2024-07-01 01:50:00+00:00,300,2025-01-01 07:00:00+00:00,49.875,0.5985
GSO_2,f5b81547-937f-4c70-92ba-8a0fb6594394,2024-07-01 01:55:00+00:00,300,2025-01-01 07:00:00+00:00,50.8,0.6096
GSO_2,f5b81547-937f-4c70-92ba-8a0fb6594394,2024-07-01 02:00:00+00:00,300,2025-01-01 07:00:00+00:00,50.459,0.605508
GSO_2,f5b81547-937f-4c70-92ba-8a0fb6594394,2024-07-01 02:05:00+00:00,300,2025-01-01 07:00:00+00:00,50.429,0.605148
GSO_2,f5b81547-937f-4c70-92ba-8a0fb6594394,2024-07-01 02:10:00+00:00,300,2025-01-01 07:00:00+00:00,50.84,0.6100800000000001
GSO_2,f5b81547-937f-4c70-92ba-8a0fb6594394,2024-07-01 02:15:00+00:00,300,2025-01-01 07:00:00+00:00,50.334,0.604008
GSO_2,f5b81547-937f-4c70-92ba-8a0fb6594394,2024-07-01 02:20:00+00:00,300,2025-01-01 07:00:00+00:00,50.743,0.608916
GSO_2,f5b81547-937f-4c70-92ba-8a0fb6594394,2024-07-01 02:25:00+00:00,300,2025-01-01 07:00:00+00:00,49.805,0.5976600000000001
GSO_2,f5b81547-937f-4c70-92ba-8a0fb6594394,2024-07-01 02:30:00+00:00,300,2025-01-01 07:00:00+00:00,49.836,0.598032
GSO_2,f5b81547-937f-4c70-92ba-8a0fb6594394,2024-07-01 02:35:00+00:00,300,2025-01-01 07:00:00+00:00,50.26,0.60312
GSO_2,f5b81547-937f-4c70-92ba-8a0fb6594394,2024-07-01 02:40:00+00:00,300,2025-01-01 07:00:00+00:00,50.323,0.6038760000000001
GSO_2,f5b81547-937f-4c70-92ba-8a0fb6594394,2024-07-01 02:45:00+00:00,300,2025-01-01 07:00:00+00:00,49.678,0.596136
GSO_2,f5b81547-937f-4c70-92ba-8a0fb6594394,2024-07-01 02:50:00+00:00,300,2025-01-01 07:00:00+00:00,49.941,0.599292
GSO_2,f5b81547-937f-4c70-92ba-8a0fb6594394,2024-07-01 02:55:00+00:00,300,2025-01-01 07:00:00+00:00,49.978,0.5997360000000002
GSO_2,f5b81547-937f-4c70-92ba-8a0fb6594394,2024-07-01 03:00:00+00:00,300,2025-01-01 07:00:00+00:00,52.88,0.63456
GSO_2,f5b81547-937f-4c70-92ba-8a0fb6594394,2024-07-01 03:05:00+00:00,300,2025-01-01 07:00:00+00:00,52.496,0.6299520000000001
GSO_2,f5b81547-937f-4c70-92ba-8a0fb6594394,2024-07-01 03:10:00+00:00,300,2025-01-01 07:00:00+00:00,51.756,0.621072
GSO_2,f5b81547-937f-4c70-92ba-8a0fb6594394,2024-07-01 03:15:00+00:00,300,2025-01-01 07:00:00+00:00,51.022,0.612264
GSO_2,f5b81547-937f-4c70-92ba-8a0fb6594394,2024-07-01 03:20:00+00:00,300,2025-01-01 07:00:00+00:00,50.707,0.608484
GSO_2,f5b81547-937f-4c70-92ba-8a0fb6594394,2024-07-01 03:25:00+00:00,300,2025-01-01 07:00:00+00:00,50.09,0.6010800000000001
GSO_2,f5b81547-937f-4c70-92ba-8a0fb6594394,2024-07-01 03:30:00+00:00,300,2025-01-01 07:00:00+00:00,48.388,0.5806560000000001
GSO_2,f5b81547-937f-4c70-92ba-8a0fb6594394,2024-07-01 03:35:00+00:00,300,2025-01-01 07:00:00+00:00,48.905,0.58686
GSO_2,f5b81547-937f-4c70-92ba-8a0fb6594394,2024-07-01 03:40:00+00:00,300,2025-01-01 07:00:00+00:00,48.192,0.578304
GSO_2,f5b81547-937f-4c70-92ba-8a0fb6594394,2024-07-01 03:45:00+00:00,300,2025-01-01 07:00:00+00:00,47.277,0.567324
GSO_2,f5b81547-937f-4c70-92ba-8a0fb6594394,2024-07-01 03:50:00+00:00,300,2025-01-01 07:00:00+00:00,46.481,0.557772
GSO_2,f5b81547-937f-4c70-92ba-8a0fb6594394,2024-07-01 03:55:00+00:00,300,2025-01-01 07:00:00+00:00,45.718,0.5486160000000001
GSO_2,f5b81547-937f-4c70-92ba-8a0fb6594394,2024-07-01 04:00:00+00:00,300,2025-01-01 07:00:00+00:00,41.071,0.49285199999999996
GSO_2,f5b81547-937f-4c70-92ba-8a0fb6594394,2024-07-01 04:05:00+00:00,300,2025-01-01 07:00:00+00:00,41.1,0.4932
GSO_2,f5b81547-937f-4c70-92ba-8a0fb6594394,2024-07-01 04:10:00+00:00,300,2025-01-01 07:00:00+00:00,41.027,0.49232400000000004
GSO_2,f5b81547-937f-4c70-92ba-8a0fb6594394,2024-07-01 04:15:00+00:00,300,2025-01-01 07:00:00+00:00,41.344,0.49612800000000007
GSO_2,f5b81547-937f-4c70-92ba-8a0fb6594394,2024-07-01 04:20:00+00:00,300,2025-01-01 07:00:00+00:00,41.022,0.49226400000000003
GSO_2,f5b81547-937f-4c70-92ba-8a0fb6594394,2024-07-01 04:25:00+00:00,300,2025-01-01 07:00:00+00:00,41.558,0.49869600000000003
GSO_2,f5b81547-937f-4c70-92ba-8a0fb6594394,2024-07-01 04:30:00+00:00,300,2025-01-01 07:00:00+00:00,41.311,0.495732
GSO_2,f5b81547-937f-4c70-92ba-8a0fb6594394,2024-07-01 04:35:00+00:00,300,2025-01-01 07:00:00+00:00,41.42,0.49704000000000004
GSO_2,f5b81547-937f-4c70-92ba-8a0fb6594394,2024-07-01 04:40:00+00:00,300,2025-01-01 07:00:00+00:00,41.52,0.49824000000000007
GSO_2,f5b81547-937f-4c70-92ba-8a0fb6594394,2024-07-01 04:45:00+00:00,300,2025-01-01 07:00:00+00:00,42.026,0.5043120000000001
GSO_2,f5b81547-937f-4c70-92ba-8a0fb6594394,2024-07-01 04:50:00+00:00,300,2025-01-01 07:00:00+00:00,41.174,0.494088
GSO_2,f5b81547-937f-4c70-92ba-8a0fb6594394,2024-07-01 04:55:00+00:00,300,2025-01-01 07:00:00+00:00,41.945,0.50334
GSO_2,f5b81547-937f-4c70-92ba-8a0fb6594394,2024-07-01 05:00:00+00:00,300,2025-01-01 07:00:00+00:00,41.134,0.493608
GSO_2,f5b81547-937f-4c70-92ba-8a0fb6594394,2024-07-01 05:05:00+00:00,300,2025-01-01 07:00:00+00:00,41.656,0.49987200000000004
GSO_2,f5b81547-937f-4c70-92ba-8a0fb6594394,2024-07-01 05:10:00+00:00,300,2025-01-01 07:00:00+00:00,41.554,0.49864800000000004
GSO_2,f5b81547-937f-4c70-92ba-8a0fb6594394,2024-07-01 05:15:00+00:00,300,2025-01-01 07:00:00+00:00,41.577,0.498924
GSO_2,f5b81547-937f-4c70-92ba-8a0fb6594394,2024-07-01 05:20:00+00:00,300,2025-01-01 07:00:00+00:00,41.888,0.502656
GSO_2,f5b81547-937f-4c70-92ba-8a0fb6594394,2024-07-01 05:25:00+00:00,300,2025-01-01 07:00:00+00:00,42.141,0.505692
GSO_2,f5b81547-937f-4c70-92ba-8a0fb6594394,2024-07-01 05:30:00+00:00,300,2025-01-01 07:00:00+00:00,41.899,0.502788
GSO_2,f5b81547-937f-4c70-92ba-8a0fb6594394,2024-07-01 05:35:00+00:00,300,2025-01-01 07:00:00+00:00,41.858,0.502296
GSO_2,f5b81547-937f-4c70-92ba-8a0fb6594394,2024-07-01 05:40:00+00:00,300,2025-01-01 07:00:00+00:00,41.912,0.5029440000000001
GSO_2,f5b81547-937f-4c70-92ba-8a0fb6594394,2024-07-01 05:45:00+00:00,300,2025-01-01 07:00:00+00:00,42.112,0.505344
GSO_2,f5b81547-937f-4c70-92ba-8a0fb6594394,2024-07-01 05:50:00+00:00,300,2025-01-01 07:00:00+00:00,42.306,0.507672
GSO_2,f5b81547-937f-4c70-92ba-8a0fb6594394,2024-07-01 05:55:00+00:00,300,2025-01-01 07:00:00+00:00,42.481,0.509772
GSO_2,f5b81547-937f-4c70-92ba-8a0fb6594394,2024-07-01 06:00:00+00:00,300,2025-01-01 07:00:00+00:00,44.06,0.5287200000000001
GSO_2,f5b81547-937f-4c70-92ba-8a0fb6594394,2024-07-01 06:05:00+00:00,300,2025-01-01 07:00:00+00:00,43.581,0.5229720000000001
GSO_2,f5b81547-937f-4c70-92ba-8a0fb6594394,2024-07-01 06:10:00+00:00,300,2025-01-01 07:00:00+00:00,43.136,0.5176320000000001
GSO_2,f5b81547-937f-4c70-92ba-8a0fb6594394,2024-07-01 06:15:00+00:00,300,2025-01-01 07:00:00+00:00,43.104,0.517248
GSO_2,f5b81547-937f-4c70-92ba-8a0fb6594394,2024-07-01 06:20:00+00:00,300,2025-01-01 07:00:00+00:00,43.23,0.51876
GSO_2,f5b81547-937f-4c70-92ba-8a0fb6594394,2024-07-01 06:25:00+00:00,300,2025-01-01 07:00:00+00:00,43.269,0.519228
GSO_2,f5b81547-937f-4c70-92ba-8a0fb6594394,2024-07-01 06:30:00+00:00,300,2025-01-01 07:00:00+00:00,43.149,0.517788
GSO_2,f5b81547-937f-4c70-92ba-8a0fb6594394,2024-07-01 06:35:00+00:00,300,2025-01-01 07:00:00+00:00,42.99,0.5158800000000001
GSO_2,f5b81547-937f-4c70-92ba-8a0fb6594394,2024-07-01 06:40:00+00:00,300,2025-01-01 07:00:00+00:00,42.516,0.510192
GSO_2,f5b81547-937f-4c70-92ba-8a0fb6594394,2024-07-01 06:45:00+00:00,300,2025-01-01 07:00:00+00:00,42.941,0.5152920000000001
GSO_2,f5b81547-937f-4c70-92ba-8a0fb6594394,2024-07-01 06:50:00+00:00,300,2025-01-01 07:00:00+00:00,42.501,0.510012
GSO_2,f5b81547-937f-4c70-92ba-8a0fb6594394,2024-07-01 06:55:00+00:00,300,2025-01-01 07:00:00+00:00,42.505,0.5100600000000001
GSO_2,f5b81547-937f-4c70-92ba-8a0fb6594394,2024-07-01 07:00:00+00:00,300,2025-01-01 07:00:00+00:00,42.144,0.505728
GSO_2,f5b81547-937f-4c70-92ba-8a0fb6594394,2024-07-01 07:05:00+00:00,300,2025-01-01 07:00:00+00:00,42.259,0.507108
GSO_2,f5b81547-937f-4c70-92ba-8a0fb6594394,2024-07-01 07:10:00+00:00,300,2025-01-01 07:00:00+00:00,42.664,0.511968
GSO_2,f5b81547-937f-4c70-92ba-8a0fb6594394,2024-07-01 07:15:00+00:00,300,2025-01-01 07:00:00+00:00,41.838,0.5020560000000001
GSO_2,f5b81547-937f-4c70-92ba-8a0fb6594394,2024-07-01 07:20:00+00:00,300,2025-01-01 07:00:00+00:00,42.456,0.509472
GSO_2,f5b81547-937f-4c70-92ba-8a0fb6594394,2024-07-01 07:25:00+00:00,300,2025-01-01 07:00:00+00:00,41.955,0.50346
GSO_2,f5b81547-937f-4c70-92ba-8a0fb6594394,2024-07-01 07:30:00+00:00,300,2025-01-01 07:00:00+00:00,42.391,0.508692
GSO_2,f5b81547-937f-4c70-92ba-8a0fb6594394,2024-07-01 07:35:00+00:00,300,2025-01-01 07:00:00+00:00,42.466,0.509592
GSO_2,f5b81547-937f-4c70-92ba-8a0fb6594394,2024-07-01 07:40:00+00:00,300,2025-01-01 07:00:00+00:00,42.181,0.506172
GSO_2,f5b81547-937f-4c70-92ba-8a0fb6594394,2024-07-01 07:45:00+00:00,300,2025-01-01 07:00:00+00:00,41.958,0.5034959999999999
GSO_2,f5b81547-937f-4c70-92ba-8a0fb6594394,2024-07-01 07:50:00+00:00,300,2025-01-01 07:00:00+00:00,42.429,0.509148
GSO_2,f5b81547-937f-4c70-92ba-8a0fb6594394,2024-07-01 07:55:00+00:00,300,2025-01-01 07:00:00+00:00,42.195,0.50634
GSO_2,f5b81547-937f-4c70-92ba-8a0fb6594394,2024-07-01 08:00:00+00:00,300,2025-01-01 07:00:00+00:00,42.935,0.51522
GSO_2,f5b81547-937f-4c70-92ba-8a0fb6594394,2024-07-01 08:05:00+00:00,300,2025-01-01 07:00:00+00:00,43.109,0.5173080000000001
GSO_2,f5b81547-937f-4c70-92ba-8a0fb6594394,2024-07-01 08:10:00+00:00,300,2025-01-01 07:00:00+00:00,43.335,0.5200200000000001
GSO_2,f5b81547-937f-4c70-92ba-8a0fb6594394,2024-07-01 08:15:00+00:00,300,2025-01-01 07:00:00+00:00,42.785,0.51342
GSO_3,cabb02b4-86e3-4261-87ef-66f06902bb61,2024-07-01 00:00:00+00:00,300,2025-01-01 07:00:00+00:00,2.0,0.024
GSO_3,cabb02b4-86e3-4261-87ef-66f06902bb61,2024-07-01 00:05:00+00:00,300,2025-01-01 07:00:00+00:00,1.963,0.023556
GSO_3,cabb02b4-86e3-4261-87ef-66f06902bb61,2024-07-01 00:10:00+00:00,300,2025-01-01 07:00:00+00:00,1.956,0.023472
GSO_3,cabb02b4-86e3-4261-87ef-66f06902bb61,2024-07-01 00:15:00+00:00,300,2025-01-01 07:00:00+00:00,1.919,0.023028000000000003
GSO_3,cabb02b4-86e3-4261-87ef-66f06902bb61,2024-07-01 00:20:00+00:00,300,2025-01-01 07:00:00+00:00,1.932,0.023184
GSO_3,cabb02b4-86e3-4261-87ef-66f06902bb61,2024-07-01 00:25:00+00:00,300,2025-01-01 07:00:00+00:00,1.914,0.022968
GSO_3,cabb02b4-86e3-4261-87ef-66f06902bb61,2024-07-01 00:30:00+00:00,300,2025-01-01 07:00:00+00:00,1.911,0.022932
GSO_3,cabb02b4-86e3-4261-87ef-66f06902bb61,2024-07-01 00:35:00+00:00,300,2025-01-01 07:00:00+00:00,1.891,0.022692
GSO_3,cabb02b4-86e3-4261-87ef-66f06902bb61,2024-07-01 00:40:00+00:00,300,2025-01-01 07:00:00+00:00,1.873,0.022476000000000003
GSO_3,cabb02b4-86e3-4261-87ef-66f06902bb61,2024-07-01 00:45:00+00:00,300,2025-01-01 07:00:00+00:00,1.866,0.022392000000000002
GSO_3,cabb02b4-86e3-4261-87ef-66f06902bb61,2024-07-01 00:50:00+00:00,300,2025-01-01 07:00:00+00:00,1.874,0.022488000000000005
GSO_3,cabb02b4-86e3-4261-87ef-66f06902bb61,2024-07-01 00:55:00+00:00,300,2025-01-01 07:00:00+00:00,1.831,0.021972000000000002
GSO_3,cabb02b4-86e3-4261-87ef-66f06902bb61,2024-07-01 01:00:00+00:00,300,2025-01-01 07:00:00+00:00,1.906,0.022872
GSO_3,cabb02b4-86e3-4261-87ef-66f06902bb61,2024-07-01 01:05:00+00:00,300,2025-01-01 07:00:00+00:00,1.894,0.022728
GSO_3,cabb02b4-86e3-4261-87ef-66f06902bb61,2024-07-01 01:10:00+00:00,300,2025-01-01 07:00:00+00:00,1.854,0.022248
GSO_3,cabb02b4-86e3-4261-87ef-66f06902bb61,2024-07-01 01:15:00+00:00,300,2025-01-01 07:00:00+00:00,1.847,0.022164000000000003
GSO_3,cabb02b4-86e3-4261-87ef-66f06902bb61,2024-07-01 01:20:00+00:00,300,2025-01-01 07:00:00+00:00,1.815,0.02178
GSO_3,cabb02b4-86e3-4261-87ef-66f06902bb61,2024-07-01 01:25:00+00:00,300,2025-01-01 07:00:00+00:00,1.785,0.02142
GSO_3,cabb02b4-86e3-4261-87ef-66f06902bb61,2024-07-01 01:30:00+00:00,300,2025-01-01 07:00:00+00:00,1.75,0.021
GSO_3,cabb02b4-86e3-4261-87ef-66f06902bb61,2024-07-01 01:35:00+00:00,300,2025-01-01 07:00:00+00:00,1.741,0.020892000000000004
GSO_3,cabb02b4-86e3-4261-87ef-66f06902bb61,2024-07-01 01:40:00+00:00,300,2025-01-01 07:00:00+00:00,1.717,0.020604000000000004
GSO_3,cabb02b4-86e3-4261-87ef-66f06902bb61,2024-07-01 01:45:00+00:00,300,2025-01-01 07:00:00+00:00,1.688,0.020256
GSO_3,cabb02b4-86e3-4261-87ef-66f06902bb61,2024-07-01 01:50:00+00:00,300,2025-01-01 07:00:00+00:00,1.671,0.020052000000000004
GSO_3,cabb02b4-86e3-4261-87ef-66f06902bb61,2024-07-01 01:55:00+00:00,300,2025-01-01 07:00:00+00:00,1.639,0.019668
GSO_3,cabb02b4-86e3-4261-87ef-66f06902bb61,2024-07-01 02:00:00+00:00,300,2025-01-01 07:00:00+00:00,1.426,0.017112000000000002
GSO_3,cabb02b4-86e3-4261-87ef-66f06902bb61,2024-07-01 02:05:00+00:00,300,2025-01-01 07:00:00+00:00,1.438,0.017256
GSO_3,cabb02b4-86e3-4261-87ef-66f06902bb61,2024-07-01 02:10:00+00:00,300,2025-01-01 07:00:00+00:00,1.461,0.017532000000000002
GSO_3,cabb02b4-86e3-4261-87ef-66f06902bb61,2024-07-01 02:15:00+00:00,300,2025-01-01 07:00:00+00:00,1.441,0.017292000000000002
GSO_3,cabb02b4-86e3-4261-87ef-66f06902bb61,2024-07-01 02:20:00+00:00,300,2025-01-01 07:00:00+00:00,1.454,0.017448
GSO_3,cabb02b4-86e3-4261-87ef-66f06902bb61,2024-07-01 02:25:00+00:00,300,2025-01-01 07:00:00+00:00,1.467,0.017604
GSO_3,cabb02b4-86e3-4261-87ef-66f06902bb61,2024-07-01 02:30:00+00:00,300,2025-01-01 07:00:00+00:00,1.497,0.017964
GSO_3,cabb02b4-86e3-4261-87ef-66f06902bb61,2024-07-01 02:35:00+00:00,300,2025-01-01 07:00:00+00:00,1.491,0.017892
GSO_3,cabb02b4-86e3-4261-87ef-66f06902bb61,2024-07-01 02:40:00+00:00,300,2025-01-01 07:00:00+00:00,1.516,0.018192
GSO_3,cabb02b4-86e3-4261-87ef-66f06902bb61,2024-07-01 02:45:00+00:00,300,2025-01-01 07:00:00+00:00,1.501,0.018012
GSO_3,cabb02b4-86e3-4261-87ef-66f06902bb61,2024-07-01 02:50:00+00:00,300,2025-01-01 07:00:00+00:00,1.541,0.018492
GSO_3,cabb02b4-86e3-4261-87ef-66f06902bb61,2024-07-01 02:55:00+00:00,300,2025-01-01 07:00:00+00:00,1.519,0.018228
GSO_3,cabb02b4-86e3-4261-87ef-66f06902bb61,2024-07-01 03:00:00+00:00,300,2025-01-01 07:00:00+00:00,1.701,0.020412000000000003
GSO_3,cabb02b4-86e3-4261-87ef-66f06902bb61,2024-07-01 03:05:00+00:00,300,2025-01-01 07:00:00+00:00,1.688,0.020256
GSO_3,cabb02b4-86e3-4261-87ef-66f06902bb61,2024-07-01 03:10:00+00:00,300,2025-01-01 07:00:00+00:00,1.637,0.019644000000000002
GSO_3,cabb02b4-86e3-4261-87ef-66f06902bb61,2024-07-01 03:15:00+00:00,300,2025-01-01 07:00:00+00:00,1.638,0.019656
GSO_3,cabb02b4-86e3-4261-87ef-66f06902bb61,2024-07-01 03:20:00+00:00,300,2025-01-01 07:00:00+00:00,1.632,0.019584
GSO_3,cabb02b4-86e3-4261-87ef-66f06902bb61,2024-07-01 03:25:00+00:00,300,2025-01-01 07:00:00+00:00,1.596,0.019152000000000002
GSO_3,cabb02b4-86e3-4261-87ef-66f06902bb61,2024-07-01 03:30:00+00:00,300,2025-01-01 07:00:00+00:00,1.581,0.018972000000000003
GSO_3,cabb02b4-86e3-4261-87ef-66f06902bb61,2024-07-01 03:35:00+00:00,300,2025-01-01 07:00:00+00:00,1.554,0.018648000000000005
GSO_3,cabb02b4-86e3-4261-87ef-66f06902bb61,2024-07-01 03:40:00+00:00,300,2025-01-01 07:00:00+00:00,1.539,0.018468
GSO_3,cabb02b4-86e3-4261-87ef-66f06902bb61,2024-07-01 03:45:00+00:00,300,2025-01-01 07:00:00+00:00,1.528,0.018336
GSO_3,cabb02b4-86e3-4261-87ef-66f06902bb61,2024-07-01 03:50:00+00:00,300,2025-01-01 07:00:00+00:00,1.501,0.018012
GSO_3,cabb02b4-86e3-4261-87ef-66f06902bb61,2024-07-01 03:55:00+00:00,300,2025-01-01 07:00:00+00:00,1.474,0.017688000000000002
GSO_3,cabb02b4-86e3-4261-87ef-66f06902bb61,2024-07-01 04:00:00+00:00,300,2025-01-01 07:00:00+00:00,1.237,0.014844000000000001
GSO_3,cabb02b4-86e3-4261-87ef-66f06902bb61,2024-07-01 04:05:00+00:00,300,2025-01-01 07:00:00+00:00,1.248,0.014976000000000001
GSO_3,cabb02b4-86e3-4261-87ef-66f06902bb61,2024-07-01 04:10:00+00:00,300,2025-01-01 07:00:00+00:00,1.271,0.015251999999999998
GSO_3,cabb02b4-86e3-4261-87ef-66f06902bb61,2024-07-01 04:15:00+00:00,300,2025-01-01 07:00:00+00:00,1.301,0.015612000000000001
GSO_3,cabb02b4-86e3-4261-87ef-66f06902bb61,2024-07-01 04:20:00+00:00,300,2025-01-01 07:00:00+00:00,1.307,0.015684
GSO_3,cabb02b4-86e3-4261-87ef-66f06902bb61,2024-07-01 04:25:00+00:00,300,2025-01-01 07:00:00+00:00,1.333,0.015996
GSO_3,cabb02b4-86e3-4261-87ef-66f06902bb61,2024-07-01 04:30:00+00:00,300,2025-01-01 07:00:00+00:00,1.372,0.016464000000000003
GSO_3,cabb02b4-86e3-4261-87ef-66f06902bb61,2024-07-01 04:35:00+00:00,300,2025-01-01 07:00:00+00:00,1.368,0.016416000000000004
GSO_3,cabb02b4-86e3-4261-87ef-66f06902bb61,2024-07-01 04:40:00+00:00,300,2025-01-01 07:00:00+00:00,1.389,0.016668000000000002
GSO_3,cabb02b4-86e3-4261-87ef-66f06902bb61,2024-07-01 04:45:00+00:00,300,2025-01-01 07:00:00+00:00,1.412,0.016944
GSO_3,cabb02b4-86e3-4261-87ef-66f06902bb61,2024-07-01 04:50:00+00:00,300,2025-01-01 07:00:00+00:00,1.423,0.017076
GSO_3,cabb02b4-86e3-4261-87ef-66f06902bb61,2024-07-01 04:55:00+00:00,300,2025-01-01 07:00:00+00:00,1.433,0.017196000000000003
GSO_3,cabb02b4-86e3-4261-87ef-66f06902bb61,2024-07-01 05:00:00+00:00,300,2025-01-01 07:00:00+00:00,1.6,0.019200000000000002
GSO_3,cabb02b4-86e3-4261-87ef-66f06902bb61,2024-07-01 05:05:00+00:00,300,2025-01-01 07:00:00+00:00,1.62,0.019440000000000002
GSO_3,cabb02b4-86e3-4261-87ef-66f06902bb61,2024-07-01 05:10:00+00:00,300,2025-01-01 07:00:00+00:00,1.593,0.019116
GSO_3,cabb02b4-86e3-4261-87ef-66f06902bb61,2024-07-01 05:15:00+00:00,300,2025-01-01 07:00:00+00:00,1.583,0.018996000000000002
GSO_3,cabb02b4-86e3-4261-87ef-66f06902bb61,2024-07-01 05:20:00+00:00,300,2025-01-01 07:00:00+00:00,1.571,0.018852
GSO_3,cabb02b4-86e3-4261-87ef-66f06902bb61,2024-07-01 05:25:00+00:00,300,2025-01-01 07:00:00+00:00,1.575,0.018900000000000004
GSO_3,cabb02b4-86e3-4261-87ef-66f06902bb61,2024-07-01 05:30:00+00:00,300,2025-01-01 07:00:00+00:00,1.572,0.018864000000000002
GSO_3,cabb02b4-86e3-4261-87ef-66f06902bb61,2024-07-01 05:35:00+00:00,300,2025-01-01 07:00:00+00:00,1.554,0.018648000000000005
GSO_3,cabb02b4-86e3-4261-87ef-66f06902bb61,2024-07-01 05:40:00+00:00,300,2025-01-01 07:00:00+00:00,1.544,0.018528000000000003
GSO_3,cabb02b4-86e3-4261-87ef-66f06902bb61,2024-07-01 05:45:00+00:00,300,2025-01-01 07:00:00+00:00,1.555,0.01866
GSO_3,cabb02b4-86e3-4261-87ef-66f06902bb61,2024-07-01 05:50:00+00:00,300,2025-01-01 07:00:00+00:00,1.552,0.018624
GSO_3,cabb02b4-86e3-4261-87ef-66f06902bb61,2024-07-01 05:55:00+00:00,300,2025-01-01 07:00:00+00:00,1.56,0.018720000000000004
GSO_3,cabb02b4-86e3-4261-87ef-66f06902bb61,2024-07-01 06:00:00+00:00,300,2025-01-01 07:00:00+00:00,1.468,0.017616
GSO_3,cabb02b4-86e3-4261-87ef-66f06902bb61,2024-07-01 06:05:00+00:00,300,2025-01-01 07:00:00+00:00,1.487,0.017844000000000002
GSO_3,cabb02b4-86e3-4261-87ef-66f06902bb61,2024-07-01 06:10:00+00:00,300,2025-01-01 07:00:00+00:00,1.475,0.017700000000000004
GSO_3,cabb02b4-86e3-4261-87ef-66f06902bb61,2024-07-01 06:15:00+00:00,300,2025-01-01 07:00:00+00:00,1.485,0.017820000000000003
GSO_3,cabb02b4-86e3-4261-87ef-66f06902bb61,2024-07-01 06:20:00+00:00,300,2025-01-01 07:00:00+00:00,1.489,0.017868000000000002
GSO_3,cabb02b4-86e3-4261-87ef-66f06902bb61,2024-07-01 06:25:00+00:00,300,2025-01-01 07:00:00+00:00,1.5,0.018
GSO_3,cabb02b4-86e3-4261-87ef-66f06902bb61,2024-07-01 06:30:00+00:00,300,2025-01-01 07:00:00+00:00,1.516,0.018192
GSO_3,cabb02b4-86e3-4261-87ef-66f06902bb61,2024-07-01 06:35:00+00:00,300,2025-01-01 07:00:00+00:00,1.505,0.01806
GSO_3,cabb02b4-86e3-4261-87ef-66f06902bb61,2024-07-01 06:40:00+00:00,300,2025-01-01 07:00:00+00:00,1.526,0.018312000000000002
GSO_3,cabb02b4-86e3-4261-87ef-66f06902bb61,2024-07-01 06:45:00+00:00,300,2025-01-01 07:00:00+00:00,1.513,0.018156
GSO_3,cabb02b4-86e3-4261-87ef-66f06902bb61,2024-07-01 06:50:00+00:00,300,2025-01-01 07:00:00+00:00,1.529,0.018348
GSO_3,cabb02b4-86e3-4261-87ef-66f06902bb61,2024-07-01 06:55:00+00:00,300,2025-01-01 07:00:00+00:00,1.533,0.018396
GSO_3,cabb02b4-86e3-4261-87ef-66f06902bb61,2024-07-01 07:00:00+00:00,300,2025-01-01 07:00:00+00:00,1.416,0.016992
GSO_3,cabb02b4-86e3-4261-87ef-66f06902bb61,2024-07-01 07:05:00+00:00,300,2025-01-01 07:00:00+00:00,1.456,0.017472
GSO_3,cabb02b4-86e3-4261-87ef-66f06902bb61,2024-07-01 07:10:00+00:00,300,2025-01-01 07:00:00+00:00,1.474,0.017688000000000002
GSO_3,cabb02b4-86e3-4261-87ef-66f06902bb61,2024-07-01 07:15:00+00:00,300,2025-01-01 07:00:00+00:00,1.505,0.01806
GSO_3,cabb02b4-86e3-4261-87ef-66f06902bb61,2024-07-01 07:20:00+00:00,300,2025-01-01 07:00:00+00:00,1.536,0.018432
GSO_3,cabb02b4-86e3-4261-87ef-66f06902bb61,2024-07-01 07:25:00+00:00,300,2025-01-01 07:00:00+00:00,1.558,0.018696
GSO_3,cabb02b4-86e3-4261-87ef-66f06902bb61,2024-07-01 07:30:00+00:00,300,2025-01-01 07:00:00+00:00,1.557,0.018684000000000003
GSO_3,cabb02b4-86e3-4261-87ef-66f06902bb61,2024-07-01 07:35:00+00:00,300,2025-01-01 07:00:00+00:00,1.601,0.019212
GSO_3,cabb02b4-86e3-4261-87ef-66f06902bb61,2024-07-01 07:40:00+00:00,300,2025-01-01 07:00:00+00:00,1.622,0.019464000000000002
GSO_3,cabb02b4-86e3-4261-87ef-66f06902bb61,2024-07-01 07:45:00+00:00,300,2025-01-01 07:00:00+00:00,1.629,0.019548000000000003
GSO_3,cabb02b4-86e3-4261-87ef-66f06902bb61,2024-07-01 07:50:00+00:00,300,2025-01-01 07:00:00+00:00,1.674,0.020088
GSO_3,cabb02b4-86e3-4261-87ef-66f06902bb61,2024-07-01 07:55:00+00:00,300,2025-01-01 07:00:00+00:00,1.697,0.020364
GSO_3,cabb02b4-86e3-4261-87ef-66f06902bb61,2024-07-01 08:00:00+00:00,300,2025-01-01 07:00:00+00:00,2.083,0.024996
GSO_3,cabb02b4-86e3-4261-87ef-66f06902bb61,2024-07-01 08:05:00+00:00,300,2025-01-01 07:00:00+00:00,2.047,0.024564000000000002
GSO_3,cabb02b4-86e3-4261-87ef-66f06902bb61,2024-07-01 08:10:00+00:00,300,2025-01-01 07:00:00+00:00,1.983,0.023796000000000005
GSO_3,cabb02b4-86e3-4261-87ef-66f06902bb61,2024-07-01 08:15:00+00:00,300,2025-01-01 07:00:00+00:00,1.939,0.023268
GSO_4,67c44f52-c49c-4993-940f-90408b4b9ae5,2024-07-01 00:00:00+00:00,300,2025-01-01 07:00:00+00:00,107.721,1.2926520000000001
GSO_4,67c44f52-c49c-4993-940f-90408b4b9ae5,2024-07-01 00:05:00+00:00,300,2025-01-01 07:00:00+00:00,105.415,1.2649800000000002
GSO_4,67c44f52-c49c-4993-940f-90408b4b9ae5,2024-07-01 00:10:00+00:00,300,2025-01-01 07:00:00+00:00,107.166,1.285992
GSO_4,67c44f52-c49c-4993-940f-90408b4b9ae5,2024-07-01 00:15:00+00:00,300,2025-01-01 07:00:00+00:00,106.447,1.277364
GSO_4,67c44f52-c49c-4993-940f-90408b4b9ae5,2024-07-01 00:20:00+00:00,300,2025-01-01 07:00:00+00:00,106.621,1.279452
GSO_4,67c44f52-c49c-4993-940f-90408b4b9ae5,2024-07-01 00:25:00+00:00,300,2025-01-01 07:00:00+00:00,106.791,1.2814919999999999
GSO_4,67c44f52-c49c-4993-940f-90408b4b9ae5,2024-07-01 00:30:00+00:00,300,2025-01-01 07:00:00+00:00,106.318,1.275816
GSO_4,67c44f52-c49c-4993-940f-90408b4b9ae5,2024-07-01 00:35:00+00:00,300,2025-01-01 07:00:00+00:00,106.247,1.2749640000000002
GSO_4,67c44f52-c49c-4993-940f-90408b4b9ae5,2024-07-01 00:40:00+00:00,300,2025-01-01 07:00:00+00:00,106.951,1.283412
GSO_4,67c44f52-c49c-4993-940f-90408b4b9ae5,2024-07-01 00:45:00+00:00,300,2025-01-01 07:00:00+00:00,106.031,1.272372
GSO_4,67c44f52-c49c-4993-940f-90408b4b9ae5,2024-07-01 00:50:00+00:00,300,2025-01-01 07:00:00+00:00,106.705,1.28046
GSO_4,67c44f52-c49c-4993-940f-90408b4b9ae5,2024-07-01 00:55:00+00:00,300,2025-01-01 07:00:00+00:00,105.837,1.2700440000000002
GSO_4,67c44f52-c49c-4993-940f-90408b4b9ae5,2024-07-01 01:00:00+00:00,300,2025-01-01 07:00:00+00:00,108.676,1.3041120000000002
GSO_4,67c44f52-c49c-4993-940f-90408b4b9ae5,2024-07-01 01:05:00+00:00,300,2025-01-01 07:00:00+00:00,106.498,1.2779760000000002
GSO_4,67c44f52-c49c-4993-940f-90408b4b9ae5,2024-07-01 01:10:00+00:00,300,2025-01-01 07:00:00+00:00,106.531,1.278372
GSO_4,67c44f52-c49c-4993-940f-90408b4b9ae5,2024-07-01 01:15:00+00:00,300,2025-01-01 07:00:00+00:00,107.302,1.2876240000000003
GSO_4,67c44f52-c49c-4993-940f-90408b4b9ae5,2024-07-01 01:20:00+00:00,300,2025-01-01 07:00:00+00:00,106.579,1.2789480000000002
GSO_4,67c44f52-c49c-4993-940f-90408b4b9ae5,2024-07-01 01:25:00+00:00,300,2025-01-01 07:00:00+00:00,108.159,1.297908
GSO_4,67c44f52-c49c-4993-940f-90408b4b9ae5,2024-07-01 01:30:00+00:00,300,2025-01-01 07:00:00+00:00,105.812,1.2697440000000002
GSO_4,67c44f52-c49c-4993-940f-90408b4b9ae5,2024-07-01 01:35:00+00:00,300,2025-01-01 07:00:00+00:00,106.989,1.2838680000000002
GSO_4,67c44f52-c49c-4993-940f-90408b4b9ae5,2024-07-01 01:40:00+00:00,300,2025-01-01 07:00:00+00:00,107.042,1.284504
GSO_4,67c44f52-c49c-4993-940f-90408b4b9ae5,2024-07-01 01:45:00+00:00,300,2025-01-01 07:00:00+00:00,105.18,1.2621600000000002
GSO_4,67c44f52-c49c-4993-940f-90408b4b9ae5,2024-07-01 01:50:00+00:00,300,2025-01-01 07:00:00+00:00,105.522,1.266264
GSO_4,67c44f52-c49c-4993-940f-90408b4b9ae5,2024-07-01 01:55:00+00:00,300,2025-01-01 07:00:00+00:00,105.772,1.2692640000000002
GSO_4,67c44f52-c49c-4993-940f-90408b4b9ae5,2024-07-01 02:00:00+00:00,300,2025-01-01 07:00:00+00:00,108.331,1.2999720000000001
GSO_4,67c44f52-c49c-4993-940f-90408b4b9ae5,2024-07-01 02:05:00+00:00,300,2025-01-01 07:00:00+00:00,106.146,1.2737520000000002
GSO_4,67c44f52-c49c-4993-940f-90408b4b9ae5,2024-07-01 02:10:00+00:00,300,2025-01-01 07:00:00+00:00,106.006,1.272072
GSO_4,67c44f52-c49c-4993-940f-90408b4b9ae5,2024-07-01 02:15:00+00:00,300,2025-01-01 07:00:00+00:00,106.567,1.278804
GSO_4,67c44f52-c49c-4993-940f-90408b4b9ae5,2024-07-01 02:20:00+00:00,300,2025-01-01 07:00:00+00:00,105.859,1.270308
GSO_4,67c44f52-c49c-4993-940f-90408b4b9ae5,2024-07-01 02:25:00+00:00,300,2025-01-01 07:00:00+00:00,105.969,1.271628
GSO_4,67c44f52-c49c-4993-940f-90408b4b9ae5,2024-07-01 02:30:00+00:00,300,2025-01-01 07:00:00+00:00,105.461,1.265532
GSO_4,67c44f52-c49c-4993-940f-90408b4b9ae5,2024-07-01 02:35:00+00:00,300,2025-01-01 07:00:00+00:00,104.582,1.2549839999999999
GSO_4,67c44f52-c49c-4993-940f-90408b4b9ae5,2024-07-01 02:40:00+00:00,300,2025-01-01 07:00:00+00:00,104.273,1.251276
GSO_4,67c44f52-c49c-4993-940f-90408b4b9ae5,2024-07-01 02:45:00+00:00,300,2025-01-01 07:00:00+00:00,105.298,1.263576
GSO_4,67c44f52-c49c-4993-940f-90408b4b9ae5,2024-07-01 02:50:00+00:00,300,2025-01-01 07:00:00+00:00,104.908,1.2588960000000002
GSO_4,67c44f52-c49c-4993-940f-90408b4b9ae5,2024-07-01 02:55:00+00:00,300,2025-01-01 07:00:00+00:00,104.17,1.2500400000000003
GSO_4,67c44f52-c49c-4993-940f-90408b4b9ae5,2024-07-01 03:00:00+00:00,300,2025-01-01 07:00:00+00:00,112.1,1.3452
GSO_4,67c44f52-c49c-4993-940f-90408b4b9ae5,2024-07-01 03:05:00+00:00,300,2025-01-01 07:00:00+00:00,110.785,1.32942
GSO_4,67c44f52-c49c-4993-940f-90408b4b9ae5,2024-07-01 03:10:00+00:00,300,2025-01-01 07:00:00+00:00,109.07,1.30884
GSO_4,67c44f52-c49c-4993-940f-90408b4b9ae5,2024-07-01 03:15:00+00:00,300,2025-01-01 07:00:00+00:00,107.337,1.2880440000000002
GSO_4,67c44f52-c49c-4993-940f-90408b4b9ae5,2024-07-01 03:20:00+00:00,300,2025-01-01 07:00:00+00:00,105.263,1.2631560000000002
GSO_4,67c44f52-c49c-4993-940f-90408b4b9ae5,2024-07-01 03:25:00+00:00,300,2025-01-01 07:00:00+00:00,103.998,1.2479760000000002
GSO_4,67c44f52-c49c-4993-940f-90408b4b9ae5,2024-07-01 03:30:00+00:00,300,2025-01-01 07:00:00+00:00,102.346,1.2281520000000001
GSO_4,67c44f52-c49c-4993-940f-90408b4b9ae5,2024-07-01 03:35:00+00:00,300,2025-01-01 07:00:00+00:00,100.285,1.2034200000000002
GSO_4,67c44f52-c49c-4993-940f-90408b4b9ae5,2024-07-01 03:40:00+00:00,300,2025-01-01 07:00:00+00:00,98.237,1.178844
GSO_4,67c44f52-c49c-4993-940f-90408b4b9ae5,2024-07-01 03:45:00+00:00,300,2025-01-01 07:00:00+00:00,96.579,1.158948
GSO_4,67c44f52-c49c-4993-940f-90408b4b9ae5,2024-07-01 03:50:00+00:00,300,2025-01-01 07:00:00+00:00,95.859,1.1503079999999999
GSO_4,67c44f52-c49c-4993-940f-90408b4b9ae5,2024-07-01 03:55:00+00:00,300,2025-01-01 07:00:00+00:00,92.526,1.1103120000000002
GSO_4,67c44f52-c49c-4993-940f-90408b4b9ae5,2024-07-01 04:00:00+00:00,300,2025-01-01 07:00:00+00:00,81.273,0.9752759999999999
GSO_4,67c44f52-c49c-4993-940f-90408b4b9ae5,2024-07-01 04:05:00+00:00,300,2025-01-01 07:00:00+00:00,82.132,0.985584
GSO_4,67c44f52-c49c-4993-940f-90408b4b9ae5,2024-07-01 04:10:00+00:00,300,2025-01-01 07:00:00+00:00,81.688,0.9802560000000001
GSO_4,67c44f52-c49c-4993-940f-90408b4b9ae5,2024-07-01 04:15:00+00:00,300,2025-01-01 07:00:00+00:00,80.993,0.9719159999999999
GSO_4,67c44f52-c49c-4993-940f-90408b4b9ae5,2024-07-01 04:20:00+00:00,300,2025-01-01 07:00:00+00:00,81.716,0.980592
GSO_4,67c44f52-c49c-4993-940f-90408b4b9ae5,2024-07-01 04:25:00+00:00,300,2025-01-01 07:00:00+00:00,81.612,0.979344
GSO_4,67c44f52-c49c-4993-940f-90408b4b9ae5,2024-07-01 04:30:00+00:00,300,2025-01-01 07:00:00+00:00,81.781,0.981372
GSO_4,67c44f52-c49c-4993-940f-90408b4b9ae5,2024-07-01 04:35:00+00:00,300,2025-01-01 07:00:00+00:00,81.451,0.977412
GSO_4,67c44f52-c49c-4993-940f-90408b4b9ae5,2024-07-01 04:40:00+00:00,300,2025-01-01 07:00:00+00:00,80.505,0.9660599999999999
GSO_4,67c44f52-c49c-4993-940f-90408b4b9ae5,2024-07-01 04:45:00+00:00,300,2025-01-01 07:00:00+00:00,81.594,0.9791279999999999
GSO_4,67c44f52-c49c-4993-940f-90408b4b9ae5,2024-07-01 04:50:00+00:00,300,2025-01-01 07:00:00+00:00,81.027,0.9723240000000001
GSO_4,67c44f52-c49c-4993-940f-90408b4b9ae5,2024-07-01 04:55:00+00:00,300,2025-01-01 07:00:00+00:00,80.611,0.9673320000000001
GSO_4,67c44f52-c49c-4993-940f-90408b4b9ae5,2024-07-01 05:00:00+00:00,300,2025-01-01 07:00:00+00:00,79.757,0.957084
GSO_4,67c44f52-c49c-4993-940f-90408b4b9ae5,2024-07-01 05:05:00+00:00,300,2025-01-01 07:00:00+00:00,78.3,0.9396
GSO_4,67c44f52-c49c-4993-940f-90408b4b9ae5,2024-07-01 05:10:00+00:00,300,2025-01-01 07:00:00+00:00,76.924,0.9230880000000001
GSO_4,67c44f52-c49c-4993-940f-90408b4b9ae5,2024-07-01 05:15:00+00:00,300,2025-01-01 07:00:00+00:00,80.625,0.9675
GSO_4,67c44f52-c49c-4993-940f-90408b4b9ae5,2024-07-01 05:20:00+00:00,300,2025-01-01 07:00:00+00:00,79.71,0.95652
GSO_4,67c44f52-c49c-4993-940f-90408b4b9ae5,2024-07-01 05:25:00+00:00,300,2025-01-01 07:00:00+00:00,79.77,0.95724
GSO_4,67c44f52-c49c-4993-940f-90408b4b9ae5,2024-07-01 05:30:00+00:00,300,2025-01-01 07:00:00+00:00,80.494,0.965928
GSO_4,67c44f52-c49c-4993-940f-90408b4b9ae5,2024-07-01 05:35:00+00:00,300,2025-01-01 07:00:00+00:00,80.062,0.960744
GSO_4,67c44f52-c49c-4993-940f-90408b4b9ae5,2024-07-01 05:40:00+00:00,300,2025-01-01 07:00:00+00:00,81.237,0.9748439999999999
GSO_4,67c44f52-c49c-4993-940f-90408b4b9ae5,2024-07-01 05:45:00+00:00,300,2025-01-01 07:00:00+00:00,79.883,0.958596
GSO_4,67c44f52-c49c-4993-940f-90408b4b9ae5,2024-07-01 05:50:00+00:00,300,2025-01-01 07:00:00+00:00,79.954,0.959448
GSO_4,67c44f52-c49c-4993-940f-90408b4b9ae5,2024-07-01 05:55:00+00:00,300,2025-01-01 07:00:00+00:00,81.06,0.97272
GSO_4,67c44f52-c49c-4993-940f-90408b4b9ae5,2024-07-01 06:00:00+00:00,300,2025-01-01 07:00:00+00:00,81.933,0.9831960000000002
GSO_4,67c44f52-c49c-4993-940f-90408b4b9ae5,2024-07-01 06:05:00+00:00,300,2025-01-01 07:00:00+00:00,83.058,0.9966960000000001
GSO_4,67c44f52-c49c-4993-940f-90408b4b9ae5,2024-07-01 06:10:00+00:00,300,2025-01-01 07:00:00+00:00,81.61,0.9793200000000001
GSO_4,67c44f52-c49c-4993-940f-90408b4b9ae5,2024-07-01 06:15:00+00:00,300,2025-01-01 07:00:00+00:00,82.5,0.99
GSO_4,67c44f52-c49c-4993-940f-90408b4b9ae5,2024-07-01 06:20:00+00:00,300,2025-01-01 07:00:00+00:00,83.046,0.9965520000000001
GSO_4,67c44f52-c49c-4993-940f-90408b4b9ae5,2024-07-01 06:25:00+00:00,300,2025-01-01 07:00:00+00:00,81.902,0.982824
GSO_4,67c44f52-c49c-4993-940f-90408b4b9ae5,2024-07-01 06:30:00+00:00,300,2025-01-01 07:00:00+00:00,82.907,0.994884
GSO_4,67c44f52-c49c-4993-940f-90408b4b9ae5,2024-07-01 06:35:00+00:00,300,2025-01-01 07:00:00+00:00,82.683,0.9921960000000002
GSO_4,67c44f52-c49c-4993-940f-90408b4b9ae5,2024-07-01 06:40:00+00:00,300,2025-01-01 07:00:00+00:00,82.58,0.9909600000000001
GSO_4,67c44f52-c49c-4993-940f-90408b4b9ae5,2024-07-01 06:45:00+00:00,300,2025-01-01 07:00:00+00:00,81.24,0.97488
GSO_4,67c44f52-c49c-4993-940f-90408b4b9ae5,2024-07-01 06:50:00+00:00,300,2025-01-01 07:00:00+00:00,82.078,0.984936
GSO_4,67c44f52-c49c-4993-940f-90408b4b9ae5,2024-07-01 06:55:00+00:00,300,2025-01-01 07:00:00+00:00,82.565,0.99078
GSO_4,67c44f52-c49c-4993-940f-90408b4b9ae5,2024-07-01 07:00:00+00:00,300,2025-01-01 07:00:00+00:00,82.901,0.994812
GSO_4,67c44f52-c49c-4993-940f-90408b4b9ae5,2024-07-01 07:05:00+00:00,300,2025-01-01 07:00:00+00:00,81.997,0.9839640000000001
GSO_4,67c44f52-c49c-4993-940f-90408b4b9ae5,2024-07-01 07:10:00+00:00,300,2025-01-01 07:00:00+00:00,82.004,0.9840480000000001
GSO_4,67c44f52-c49c-4993-940f-90408b4b9ae5,2024-07-01 07:15:00+00:00,300,2025-01-01 07:00:00+00:00,81.806,0.981672
GSO_4,67c44f52-c49c-4993-940f-90408b4b9ae5,2024-07-01 07:20:00+00:00,300,2025-01-01 07:00:00+00:00,82.039,0.9844680000000001
GSO_4,67c44f52-c49c-4993-940f-90408b4b9ae5,2024-07-01 07:25:00+00:00,300,2025-01-01 07:00:00+00:00,81.926,0.9831120000000001
GSO_4,67c44f52-c49c-4993-940f-90408b4b9ae5,2024-07-01 07:30:00+00:00,300,2025-01-01 07:00:00+00:00,82.076,0.9849119999999999
GSO_4,67c44f52-c49c-4993-940f-90408b4b9ae5,2024-07-01 07:35:00+00:00,300,2025-01-01 07:00:00+00:00,82.486,0.9898320000000002
GSO_4,67c44f52-c49c-4993-940f-90408b4b9ae5,2024-07-01 07:40:00+00:00,300,2025-01-01 07:00:00+00:00,81.635,0.9796200000000002
GSO_4,67c44f52-c49c-4993-940f-90408b4b9ae5,2024-07-01 07:45:00+00:00,300,2025-01-01 07:00:00+00:00,81.963,0.9835559999999999
GSO_4,67c44f52-c49c-4993-940f-90408b4b9ae5,2024-07-01 07:50:00+00:00,300,2025-01-01 07:00:00+00:00,81.738,0.980856
GSO_4,67c44f52-c49c-4993-940f-90408b4b9ae5,2024-07-01 07:55:00+00:00,300,2025-01-01 07:00:00+00:00,81.608,0.979296
GSO_4,67c44f52-c49c-4993-940f-90408b4b9ae5,2024-07-01 08:00:00+00:00,300,2025-01-01 07:00:00+00:00,80.937,0.971244
GSO_4,67c44f52-c49c-4993-940f-90408b4b9ae5,2024-07-01 08:05:00+00:00,300,2025-01-01 07:00:00+00:00,81.126,0.973512
GSO_4,67c44f52-c49c-4993-940f-90408b4b9ae5,2024-07-01 08:10:00+00:00,300,2025-01-01 07:00:00+00:00,80.888,0.9706560000000001
GSO_4,67c44f52-c49c-4993-940f-90408b4b9ae5,2024-07-01 08:15:00+00:00,300,2025-01-01 07:00:00+00:00,81.351,0.976212
GSO_4,1da22d5c-e6b3-4228-b327-ddf40f1f21b6,2024-07-01 00:00:00+00:00,300,2025-01-01 07:00:00+00:00,102.162,1.2259440000000001
GSO_4,1da22d5c-e6b3-4228-b327-ddf40f1f21b6,2024-07-01 00:05:00+00:00,300,2025-01-01 07:00:00+00:00,101.943,1.223316
GSO_4,1da22d5c-e6b3-4228-b327-ddf40f1f21b6,2024-07-01 00:10:00+00:00,300,2025-01-01 07:00:00+00:00,102.439,1.229268
GSO_4,1da22d5c-e6b3-4228-b327-ddf40f1f21b6,2024-07-01 00:15:00+00:00,300,2025-01-01 07:00:00+00:00,101.318,1.215816
GSO_4,1da22d5c-e6b3-4228-b327-ddf40f1f21b6,2024-07-01 00:20:00+00:00,300,2025-01-01 07:00:00+00:00,101.191,1.2142920000000001
GSO_4,1da22d5c-e6b3-4228-b327-ddf40f1f21b6,2024-07-01 00:25:00+00:00,300,2025-01-01 07:00:00+00:00,100.643,1.207716
GSO_4,1da22d5c-e6b3-4228-b327-ddf40f1f21b6,2024-07-01 00:30:00+00:00,300,2025-01-01 07:00:00+00:00,100.843,1.2101160000000002
GSO_4,1da22d5c-e6b3-4228-b327-ddf40f1f21b6,2024-07-01 00:35:00+00:00,300,2025-01-01 07:00:00+00:00,99.204,1.1904480000000002
GSO_4,1da22d5c-e6b3-4228-b327-ddf40f1f21b6,2024-07-01 00:40:00+00:00,300,2025-01-01 07:00:00+00:00,100.459,1.205508
GSO_4,1da22d5c-e6b3-4228-b327-ddf40f1f21b6,2024-07-01 00:45:00+00:00,300,2025-01-01 07:00:00+00:00,100.113,1.201356
GSO_4,1da22d5c-e6b3-4228-b327-ddf40f1f21b6,2024-07-01 00:50:00+00:00,300,2025-01-01 07:00:00+00:00,100.962,1.2115440000000002
GSO_4,1da22d5c-e6b3-4228-b327-ddf40f1f21b6,2024-07-01 00:55:00+00:00,300,2025-01-01 07:00:00+00:00,99.654,1.195848
GSO_4,1da22d5c-e6b3-4228-b327-ddf40f1f21b6,2024-07-01 01:00:00+00:00,300,2025-01-01 07:00:00+00:00,96.855,1.1622600000000003
GSO_4,1da22d5c-e6b3-4228-b327-ddf40f1f21b6,2024-07-01 01:05:00+00:00,300,2025-01-01 07:00:00+00:00,97.707,1.1724839999999999
GSO_4,1da22d5c-e6b3-4228-b327-ddf40f1f21b6,2024-07-01 01:10:00+00:00,300,2025-01-01 07:00:00+00:00,97.8,1.1736000000000002
GSO_4,1da22d5c-e6b3-4228-b327-ddf40f1f21b6,2024-07-01 01:15:00+00:00,300,2025-01-01 07:00:00+00:00,96.719,1.160628
GSO_4,1da22d5c-e6b3-4228-b327-ddf40f1f21b6,2024-07-01 01:20:00+00:00,300,2025-01-01 07:00:00+00:00,97.94,1.1752799999999999
GSO_4,1da22d5c-e6b3-4228-b327-ddf40f1f21b6,2024-07-01 01:25:00+00:00,300,2025-01-01 07:00:00+00:00,97.948,1.175376
GSO_4,1da22d5c-e6b3-4228-b327-ddf40f1f21b6,2024-07-01 01:30:00+00:00,300,2025-01-01 07:00:00+00:00,97.817,1.173804
GSO_4,1da22d5c-e6b3-4228-b327-ddf40f1f21b6,2024-07-01 01:35:00+00:00,300,2025-01-01 07:00:00+00:00,99.103,1.1892360000000002
GSO_4,1da22d5c-e6b3-4228-b327-ddf40f1f21b6,2024-07-01 01:40:00+00:00,300,2025-01-01 07:00:00+00:00,98.605,1.1832600000000002
GSO_4,1da22d5c-e6b3-4228-b327-ddf40f1f21b6,2024-07-01 01:45:00+00:00,300,2025-01-01 07:00:00+00:00,99.221,1.190652
GSO_4,1da22d5c-e6b3-4228-b327-ddf40f1f21b6,2024-07-01 01:50:00+00:00,300,2025-01-01 07:00:00+00:00,99.285,1.1914200000000001
GSO_4,1da22d5c-e6b3-4228-b327-ddf40f1f21b6,2024-07-01 01:55:00+00:00,300,2025-01-01 07:00:00+00:00,99.156,1.189872
GSO_4,1da22d5c-e6b3-4228-b327-ddf40f1f21b6,2024-07-01 02:00:00+00:00,300,2025-01-01 07:00:00+00:00,102.692,1.232304
GSO_4,1da22d5c-e6b3-4228-b327-ddf40f1f21b6,2024-07-01 02:05:00+00:00,300,2025-01-01 07:00:00+00:00,100.843,1.2101160000000002
GSO_4,1da22d5c-e6b3-4228-b327-ddf40f1f21b6,2024-07-01 02:10:00+00:00,300,2025-01-01 07:00:00+00:00,101.894,1.222728
GSO_4,1da22d5c-e6b3-4228-b327-ddf40f1f21b6,2024-07-01 02:15:00+00:00,300,2025-01-01 07:00:00+00:00,101.063,1.2127560000000002
GSO_4,1da22d5c-e6b3-4228-b327-ddf40f1f21b6,2024-07-01 02:20:00+00:00,300,2025-01-01 07:00:00+00:00,100.459,1.205508
GSO_4,1da22d5c-e6b3-4228-b327-ddf40f1f21b6,2024-07-01 02:25:00+00:00,300,2025-01-01 07:00:00+00:00,99.6,1.1952
GSO_4,1da22d5c-e6b3-4228-b327-ddf40f1f21b6,2024-07-01 02:30:00+00:00,300,2025-01-01 07:00:00+00:00,100.191,1.2022920000000001
GSO_4,1da22d5c-e6b3-4228-b327-ddf40f1f21b6,2024-07-01 02:35:00+00:00,300,2025-01-01 07:00:00+00:00,99.409,1.192908
GSO_4,1da22d5c-e6b3-4228-b327-ddf40f1f21b6,2024-07-01 02:40:00+00:00,300,2025-01-01 07:00:00+00:00,99.344,1.1921279999999999
GSO_4,1da22d5c-e6b3-4228-b327-ddf40f1f21b6,2024-07-01 02:45:00+00:00,300,2025-01-01 07:00:00+00:00,99.207,1.1904839999999999
GSO_4,1da22d5c-e6b3-4228-b327-ddf40f1f21b6,2024-07-01 02:50:00+00:00,300,2025-01-01 07:00:00+00:00,98.774,1.1852880000000001
GSO_4,1da22d5c-e6b3-4228-b327-ddf40f1f21b6,2024-07-01 02:55:00+00:00,300,2025-01-01 07:00:00+00:00,98.052,1.1766240000000003
GSO_4,1da22d5c-e6b3-4228-b327-ddf40f1f21b6,2024-07-01 03:00:00+00:00,300,2025-01-01 07:00:00+00:00,106.249,1.274988
GSO_4,1da22d5c-e6b3-4228-b327-ddf40f1f21b6,2024-07-01 03:05:00+00:00,300,2025-01-01 07:00:00+00:00,104.6,1.2552
GSO_4,1da22d5c-e6b3-4228-b327-ddf40f1f21b6,2024-07-01 03:10:00+00:00,300,2025-01-01 07:00:00+00:00,102.215,1.2265800000000002
GSO_4,1da22d5c-e6b3-4228-b327-ddf40f1f21b6,2024-07-01 03:15:00+00:00,300,2025-01-01 07:00:00+00:00,101.695,1.22034
GSO_4,1da22d5c-e6b3-4228-b327-ddf40f1f21b6,2024-07-01 03:20:00+00:00,300,2025-01-01 07:00:00+00:00,98.407,1.180884
GSO_4,1da22d5c-e6b3-4228-b327-ddf40f1f21b6,2024-07-01 03:25:00+00:00,300,2025-01-01 07:00:00+00:00,96.364,1.156368
GSO_4,1da22d5c-e6b3-4228-b327-ddf40f1f21b6,2024-07-01 03:30:00+00:00,300,2025-01-01 07:00:00+00:00,95.708,1.1484960000000002
GSO_4,1da22d5c-e6b3-4228-b327-ddf40f1f21b6,2024-07-01 03:35:00+00:00,300,2025-01-01 07:00:00+00:00,93.391,1.1206920000000002
GSO_4,1da22d5c-e6b3-4228-b327-ddf40f1f21b6,2024-07-01 03:40:00+00:00,300,2025-01-01 07:00:00+00:00,91.532,1.098384
GSO_4,1da22d5c-e6b3-4228-b327-ddf40f1f21b6,2024-07-01 03:45:00+00:00,300,2025-01-01 07:00:00+00:00,91.255,1.09506
GSO_4,1da22d5c-e6b3-4228-b327-ddf40f1f21b6,2024-07-01 03:50:00+00:00,300,2025-01-01 07:00:00+00:00,88.487,1.061844
GSO_4,1da22d5c-e6b3-4228-b327-ddf40f1f21b6,2024-07-01 03:55:00+00:00,300,2025-01-01 07:00:00+00:00,87.858,1.0542960000000001
GSO_4,1da22d5c-e6b3-4228-b327-ddf40f1f21b6,2024-07-01 04:00:00+00:00,300,2025-01-01 07:00:00+00:00,75.581,0.9069720000000001
GSO_4,1da22d5c-e6b3-4228-b327-ddf40f1f21b6,2024-07-01 04:05:00+00:00,300,2025-01-01 07:00:00+00:00,75.27,0.90324
GSO_4,1da22d5c-e6b3-4228-b327-ddf40f1f21b6,2024-07-01 04:10:00+00:00,300,2025-01-01 07:00:00+00:00,75.215,0.90258
GSO_4,1da22d5c-e6b3-4228-b327-ddf40f1f21b6,2024-07-01 04:15:00+00:00,300,2025-01-01 07:00:00+00:00,75.663,0.907956
GSO_4,1da22d5c-e6b3-4228-b327-ddf40f1f21b6,2024-07-01 04:20:00+00:00,300,2025-01-01 07:00:00+00:00,75.822,0.909864
GSO_4,1da22d5c-e6b3-4228-b327-ddf40f1f21b6,2024-07-01 04:25:00+00:00,300,2025-01-01 07:00:00+00:00,75.305,0.9036600000000001
GSO_4,1da22d5c-e6b3-4228-b327-ddf40f1f21b6,2024-07-01 04:30:00+00:00,300,2025-01-01 07:00:00+00:00,76.701,0.9204119999999999
GSO_4,1da22d5c-e6b3-4228-b327-ddf40f1f21b6,2024-07-01 04:35:00+00:00,300,2025-01-01 07:00:00+00:00,75.634,0.9076080000000001
GSO_4,1da22d5c-e6b3-4228-b327-ddf40f1f21b6,2024-07-01 04:40:00+00:00,300,2025-01-01 07:00:00+00:00,76.635,0.9196200000000001
GSO_4,1da22d5c-e6b3-4228-b327-ddf40f1f21b6,2024-07-01 04:45:00+00:00,300,2025-01-01 07:00:00+00:00,76.854,0.9222480000000001
GSO_4,1da22d5c-e6b3-4228-b327-ddf40f1f21b6,2024-07-01 04:50:00+00:00,300,2025-01-01 07:00:00+00:00,76.673,0.920076
GSO_4,1da22d5c-e6b3-4228-b327-ddf40f1f21b6,2024-07-01 04:55:00+00:00,300,2025-01-01 07:00:00+00:00,77.055,0.92466
GSO_4,1da22d5c-e6b3-4228-b327-ddf40f1f21b6,2024-07-01 05:00:00+00:00,300,2025-01-01 07:00:00+00:00,77.824,0.933888
GSO_4,1da22d5c-e6b3-4228-b327-ddf40f1f21b6,2024-07-01 05:05:00+00:00,300,2025-01-01 07:00:00+00:00,77.566,0.9307920000000001
GSO_4,1da22d5c-e6b3-4228-b327-ddf40f1f21b6,2024-07-01 05:10:00+00:00,300,2025-01-01 07:00:00+00:00,77.617,0.9314040000000001
GSO_4,1da22d5c-e6b3-4228-b327-ddf40f1f21b6,2024-07-01 05:15:00+00:00,300,2025-01-01 07:00:00+00:00,78.363,0.940356
GSO_4,1da22d5c-e6b3-4228-b327-ddf40f1f21b6,2024-07-01 05:20:00+00:00,300,2025-01-01 07:00:00+00:00,77.468,0.9296160000000001
GSO_4,1da22d5c-e6b3-4228-b327-ddf40f1f21b6,2024-07-01 05:25:00+00:00,300,2025-01-01 07:00:00+00:00,77.222,0.9266639999999999
GSO_4,1da22d5c-e6b3-4228-b327-ddf40f1f21b6,2024-07-01 05:30:00+00:00,300,2025-01-01 07:00:00+00:00,76.839,0.922068
GSO_4,1da22d5c-e6b3-4228-b327-ddf40f1f21b6,2024-07-01 05:35:00+00:00,300,2025-01-01 07:00:00+00:00,77.344,0.928128
GSO_4,1da22d5c-e6b3-4228-b327-ddf40f1f21b6,2024-07-01 05:40:00+00:00,300,2025-01-01 07:00:00+00:00,77.757,0.933084
GSO_4,1da22d5c-e6b3-4228-b327-ddf40f1f21b6,2024-07-01 05:45:00+00:00,300,2025-01-01 07:00:00+00:00,76.726,0.920712
GSO_4,1da22d5c-e6b3-4228-b327-ddf40f1f21b6,2024-07-01 05:50:00+00:00,300,2025-01-01 07:00:00+00:00,76.885,0.9226200000000001
GSO_4,1da22d5c-e6b3-4228-b327-ddf40f1f21b6,2024-07-01 05:55:00+00:00,300,2025-01-01 07:00:00+00:00,76.514,0.918168
GSO_4,1da22d5c-e6b3-4228-b327-ddf40f1f21b6,2024-07-01 06:00:00+00:00,300,2025-01-01 07:00:00+00:00,75.077,0.900924
GSO_4,1da22d5c-e6b3-4228-b327-ddf40f1f21b6,2024-07-01 06:05:00+00:00,300,2025-01-01 07:00:00+00:00,75.474,0.905688
GSO_4,1da22d5c-e6b3-4228-b327-ddf40f1f21b6,2024-07-01 06:10:00+00:00,300,2025-01-01 07:00:00+00:00,75.742,0.9089040000000002
GSO_4,1da22d5c-e6b3-4228-b327-ddf40f1f21b6,2024-07-01 06:15:00+00:00,300,2025-01-01 07:00:00+00:00,75.075,0.9009000000000001
GSO_4,1da22d5c-e6b3-4228-b327-ddf40f1f21b6,2024-07-01 06:20:00+00:00,300,2025-01-01 07:00:00+00:00,75.504,0.9060480000000001
GSO_4,1da22d5c-e6b3-4228-b327-ddf40f1f21b6,2024-07-01 06:25:00+00:00,300,2025-01-01 07:00:00+00:00,75.594,0.9071279999999999
GSO_4,1da22d5c-e6b3-4228-b327-ddf40f1f21b6,2024-07-01 06:30:00+00:00,300,2025-01-01 07:00:00+00:00,76.73,0.9207600000000001
GSO_4,1da22d5c-e6b3-4228-b327-ddf40f1f21b6,2024-07-01 06:35:00+00:00,300,2025-01-01 07:00:00+00:00,75.747,0.9089640000000001
GSO_4,1da22d5c-e6b3-4228-b327-ddf40f1f21b6,2024-07-01 06:40:00+00:00,300,2025-01-01 07:00:00+00:00,75.907,0.910884
GSO_4,1da22d5c-e6b3-4228-b327-ddf40f1f21b6,2024-07-01 06:45:00+00:00,300,2025-01-01 07:00:00+00:00,76.479,0.917748
GSO_4,1da22d5c-e6b3-4228-b327-ddf40f1f21b6,2024-07-01 06:50:00+00:00,300,2025-01-01 07:00:00+00:00,75.155,0.90186
GSO_4,1da22d5c-e6b3-4228-b327-ddf40f1f21b6,2024-07-01 06:55:00+00:00,300,2025-01-01 07:00:00+00:00,76.434,0.917208
GSO_4,1da22d5c-e6b3-4228-b327-ddf40f1f21b6,2024-07-01 07:00:00+00:00,300,2025-01-01 07:00:00+00:00,77.202,0.926424
GSO_4,1da22d5c-e6b3-4228-b327-ddf40f1f21b6,2024-07-01 07:05:00+00:00,300,2025-01-01 07:00:00+00:00,76.972,0.923664
GSO_4,1da22d5c-e6b3-4228-b327-ddf40f1f21b6,2024-07-01 07:10:00+00:00,300,2025-01-01 07:00:00+00:00,76.654,0.919848
GSO_4,1da22d5c-e6b3-4228-b327-ddf40f1f21b6,2024-07-01 07:15:00+00:00,300,2025-01-01 07:00:00+00:00,76.37,0.91644
GSO_4,1da22d5c-e6b3-4228-b327-ddf40f1f21b6,2024-07-01 07:20:00+00:00,300,2025-01-01 07:00:00+00:00,77.086,0.9250320000000001
GSO_4,1da22d5c-e6b3-4228-b327-ddf40f1f21b6,2024-07-01 07:25:00+00:00,300,2025-01-01 07:00:00+00:00,77.082,0.9249839999999999
GSO_4,1da22d5c-e6b3-4228-b327-ddf40f1f21b6,2024-07-01 07:30:00+00:00,300,2025-01-01 07:00:00+00:00,76.991,0.923892
GSO_4,1da22d5c-e6b3-4228-b327-ddf40f1f21b6,2024-07-01 07:35:00+00:00,300,2025-01-01 07:00:00+00:00,77.055,0.92466
GSO_4,1da22d5c-e6b3-4228-b327-ddf40f1f21b6,2024-07-01 07:40:00+00:00,300,2025-01-01 07:00:00+00:00,76.888,0.922656
GSO_4,1da22d5c-e6b3-4228-b327-ddf40f1f21b6,2024-07-01 07:45:00+00:00,300,2025-01-01 07:00:00+00:00,77.22,0.92664
GSO_4,1da22d5c-e6b3-4228-b327-ddf40f1f21b6,2024-07-01 07:50:00+00:00,300,2025-01-01 07:00:00+00:00,76.459,0.917508
GSO_4,1da22d5c-e6b3-4228-b327-ddf40f1f21b6,2024-07-01 07:55:00+00:00,300,2025-01-01 07:00:00+00:00,76.386,0.916632
GSO_4,1da22d5c-e6b3-4228-b327-ddf40f1f21b6,2024-07-01 08:00:00+00:00,300,2025-01-01 07:00:00+00:00,75.735,0.9088200000000001
GSO_4,1da22d5c-e6b3-4228-b327-ddf40f1f21b6,2024-07-01 08:05:00+00:00,300,2025-01-01 07:00:00+00:00,76.425,0.9171
GSO_4,1da22d5c-e6b3-4228-b327-ddf40f1f21b6,2024-07-01 08:10:00+00:00,300,2025-01-01 07:00:00+00:00,76.34,0.91608
GSO_4,1da22d5c-e6b3-4228-b327-ddf40f1f21b6,2024-07-01 08:15:00+00:00,300,2025-01-01 07:00:00+00:00,76.154,0.913848
GSO_4,eda55f14-fedc-4eb6-a389-a51a43231405,2024-07-01 00:00:00+00:00,300,2025-01-01 07:00:00+00:00,110.545,1.3265400000000003
GSO_4,eda55f14-fedc-4eb6-a389-a51a43231405,2024-07-01 00:05:00+00:00,300,2025-01-01 07:00:00+00:00,109.776,1.317312
GSO_4,eda55f14-fedc-4eb6-a389-a51a43231405,2024-07-01 00:10:00+00:00,300,2025-01-01 07:00:00+00:00,109.773,1.3172760000000001
GSO_4,eda55f14-fedc-4eb6-a389-a51a43231405,2024-07-01 00:15:00+00:00,300,2025-01-01 07:00:00+00:00,109.525,1.3143000000000002
GSO_4,eda55f14-fedc-4eb6-a389-a51a43231405,2024-07-01 00:20:00+00:00,300,2025-01-01 07:00:00+00:00,109.393,1.3127160000000002
GSO_4,eda55f14-fedc-4eb6-a389-a51a43231405,2024-07-01 00:25:00+00:00,300,2025-01-01 07:00:00+00:00,109.755,1.31706
GSO_4,eda55f14-fedc-4eb6-a389-a51a43231405,2024-07-01 00:30:00+00:00,300,2025-01-01 07:00:00+00:00,107.684,1.292208
GSO_4,eda55f14-fedc-4eb6-a389-a51a43231405,2024-07-01 00:35:00+00:00,300,2025-01-01 07:00:00+00:00,108.921,1.307052
GSO_4,eda55f14-fedc-4eb6-a389-a51a43231405,2024-07-01 00:40:00+00:00,300,2025-01-01 07:00:00+00:00,108.295,1.2995400000000001
GSO_4,eda55f14-fedc-4eb6-a389-a51a43231405,2024-07-01 00:45:00+00:00,300,2025-01-01 07:00:00+00:00,109.105,1.3092600000000003
GSO_4,eda55f14-fedc-4eb6-a389-a51a43231405,2024-07-01 00:50:00+00:00,300,2025-01-01 07:00:00+00:00,108.397,1.300764
GSO_4,eda55f14-fedc-4eb6-a389-a51a43231405,2024-07-01 00:55:00+00:00,300,2025-01-01 07:00:00+00:00,108.429,1.3011480000000002
GSO_4,eda55f14-fedc-4eb6-a389-a51a43231405,2024-07-01 01:00:00+00:00,300,2025-01-01 07:00:00+00:00,107.92,1.2950400000000002
GSO_4,eda55f14-fedc-4eb6-a389-a51a43231405,2024-07-01 01:05:00+00:00,300,2025-01-01 07:00:00+00:00,108.408,1.3008960000000003
GSO_4,eda55f14-fedc-4eb6-a389-a51a43231405,2024-07-01 01:10:00+00:00,300,2025-01-01 07:00:00+00:00,108.534,1.3024080000000002
GSO_4,eda55f14-fedc-4eb6-a389-a51a43231405,2024-07-01 01:15:00+00:00,300,2025-01-01 07:00:00+00:00,106.849,1.282188
GSO_4,eda55f14-fedc-4eb6-a389-a51a43231405,2024-07-01 01:20:00+00:00,300,2025-01-01 07:00:00+00:00,108.209,1.298508
GSO_4,eda55f14-fedc-4eb6-a389-a51a43231405,2024-07-01 01:25:00+00:00,300,2025-01-01 07:00:00+00:00,106.534,1.2784080000000002
GSO_4,eda55f14-fedc-4eb6-a389-a51a43231405,2024-07-01 01:30:00+00:00,300,2025-01-01 07:00:00+00:00,108.344,1.300128
GSO_4,eda55f14-fedc-4eb6-a389-a51a43231405,2024-07-01 01:35:00+00:00,300,2025-01-01 07:00:00+00:00,107.224,1.286688
GSO_4,eda55f14-fedc-4eb6-a389-a51a43231405,2024-07-01 01:40:00+00:00,300,2025-01-01 07:00:00+00:00,108.002,1.296024
GSO_4,eda55f14-fedc-4eb6-a389-a51a43231405,2024-07-01 01:45:00+00:00,300,2025-01-01 07:00:00+00:00,108.092,1.297104
GSO_4,eda55f14-fedc-4eb6-a389-a51a43231405,2024-07-01 01:50:00+00:00,300,2025-01-01 07:00:00+00:00,108.587,1.303044
GSO_4,eda55f14-fedc-4eb6-a389-a51a43231405,2024-07-01 01:55:00+00:00,300,2025-01-01 07:00:00+00:00,107.502,1.290024
GSO_4,eda55f14-fedc-4eb6-a389-a51a43231405,2024-07-01 02:00:00+00:00,300,2025-01-01 07:00:00+00:00,105.879,1.2705480000000002
GSO_4,eda55f14-fedc-4eb6-a389-a51a43231405,2024-07-01 02:05:00+00:00,300,2025-01-01 07:00:00+00:00,105.604,1.2672480000000002
GSO_4,eda55f14-fedc-4eb6-a389-a51a43231405,2024-07-01 02:10:00+00:00,300,2025-01-01 07:00:00+00:00,106.021,1.2722520000000002
GSO_4,eda55f14-fedc-4eb6-a389-a51a43231405,2024-07-01 02:15:00+00:00,300,2025-01-01 07:00:00+00:00,107.376,1.288512
GSO_4,eda55f14-fedc-4eb6-a389-a51a43231405,2024-07-01 02:20:00+00:00,300,2025-01-01 07:00:00+00:00,106.784,1.281408
GSO_4,eda55f14-fedc-4eb6-a389-a51a43231405,2024-07-01 02:25:00+00:00,300,2025-01-01 07:00:00+00:00,107.769,1.293228
GSO_4,eda55f14-fedc-4eb6-a389-a51a43231405,2024-07-01 02:30:00+00:00,300,2025-01-01 07:00:00+00:00,106.374,1.276488
GSO_4,eda55f14-fedc-4eb6-a389-a51a43231405,2024-07-01 02:35:00+00:00,300,2025-01-01 07:00:00+00:00,106.542,1.278504
GSO_4,eda55f14-fedc-4eb6-a389-a51a43231405,2024-07-01 02:40:00+00:00,300,2025-01-01 07:00:00+00:00,107.079,1.2849480000000002
GSO_4,eda55f14-fedc-4eb6-a389-a51a43231405,2024-07-01 02:45:00+00:00,300,2025-01-01 07:00:00+00:00,106.776,1.2813120000000002
GSO_4,eda55f14-fedc-4eb6-a389-a51a43231405,2024-07-01 02:50:00+00:00,300,2025-01-01 07:00:00+00:00,107.829,1.293948
GSO_4,eda55f14-fedc-4eb6-a389-a51a43231405,2024-07-01 02:55:00+00:00,300,2025-01-01 07:00:00+00:00,107.449,1.2893880000000002
GSO_4,eda55f14-fedc-4eb6-a389-a51a43231405,2024-07-01 03:00:00+00:00,300,2025-01-01 07:00:00+00:00,116.569,1.3988280000000002
GSO_4,eda55f14-fedc-4eb6-a389-a51a43231405,2024-07-01 03:05:00+00:00,300,2025-01-01 07:00:00+00:00,115.153,1.3818360000000003
GSO_4,eda55f14-fedc-4eb6-a389-a51a43231405,2024-07-01 03:10:00+00:00,300,2025-01-01 07:00:00+00:00,113.484,1.361808
GSO_4,eda55f14-fedc-4eb6-a389-a51a43231405,2024-07-01 03:15:00+00:00,300,2025-01-01 07:00:00+00:00,110.399,1.324788
GSO_4,eda55f14-fedc-4eb6-a389-a51a43231405,2024-07-01 03:20:00+00:00,300,2025-01-01 07:00:00+00:00,109.139,1.309668
GSO_4,eda55f14-fedc-4eb6-a389-a51a43231405,2024-07-01 03:25:00+00:00,300,2025-01-01 07:00:00+00:00,108.884,1.3066080000000002
GSO_4,eda55f14-fedc-4eb6-a389-a51a43231405,2024-07-01 03:30:00+00:00,300,2025-01-01 07:00:00+00:00,105.289,1.263468
GSO_4,eda55f14-fedc-4eb6-a389-a51a43231405,2024-07-01 03:35:00+00:00,300,2025-01-01 07:00:00+00:00,104.23,1.2507600000000003
GSO_4,eda55f14-fedc-4eb6-a389-a51a43231405,2024-07-01 03:40:00+00:00,300,2025-01-01 07:00:00+00:00,101.884,1.2226080000000001
GSO_4,eda55f14-fedc-4eb6-a389-a51a43231405,2024-07-01 03:45:00+00:00,300,2025-01-01 07:00:00+00:00,100.414,1.204968
GSO_4,eda55f14-fedc-4eb6-a389-a51a43231405,2024-07-01 03:50:00+00:00,300,2025-01-01 07:00:00+00:00,98.824,1.185888
GSO_4,eda55f14-fedc-4eb6-a389-a51a43231405,2024-07-01 03:55:00+00:00,300,2025-01-01 07:00:00+00:00,97.689,1.172268
GSO_4,eda55f14-fedc-4eb6-a389-a51a43231405,2024-07-01 04:00:00+00:00,300,2025-01-01 07:00:00+00:00,86.64,1.0396800000000002
GSO_4,eda55f14-fedc-4eb6-a389-a51a43231405,2024-07-01 04:05:00+00:00,300,2025-01-01 07:00:00+00:00,85.427,1.0251240000000001
GSO_4,eda55f14-fedc-4eb6-a389-a51a43231405,2024-07-01 04:10:00+00:00,300,2025-01-01 07:00:00+00:00,85.717,1.028604
GSO_4,eda55f14-fedc-4eb6-a389-a51a43231405,2024-07-01 04:15:00+00:00,300,2025-01-01 07:00:00+00:00,85.682,1.0281840000000002
GSO_4,eda55f14-fedc-4eb6-a389-a51a43231405,2024-07-01 04:20:00+00:00,300,2025-01-01 07:00:00+00:00,85.523,1.026276
GSO_4,eda55f14-fedc-4eb6-a389-a51a43231405,2024-07-01 04:25:00+00:00,300,2025-01-01 07:00:00+00:00,85.605,1.0272600000000003
GSO_4,eda55f14-fedc-4eb6-a389-a51a43231405,2024-07-01 04:30:00+00:00,300,2025-01-01 07:00:00+00:00,85.47,1.02564
GSO_4,eda55f14-fedc-4eb6-a389-a51a43231405,2024-07-01 04:35:00+00:00,300,2025-01-01 07:00:00+00:00,84.822,1.017864
GSO_4,eda55f14-fedc-4eb6-a389-a51a43231405,2024-07-01 04:40:00+00:00,300,2025-01-01 07:00:00+00:00,85.883,1.030596
GSO_4,eda55f14-fedc-4eb6-a389-a51a43231405,2024-07-01 04:45:00+00:00,300,2025-01-01 07:00:00+00:00,84.833,1.017996
GSO_4,eda55f14-fedc-4eb6-a389-a51a43231405,2024-07-01 04:50:00+00:00,300,2025-01-01 07:00:00+00:00,84.933,1.0191960000000002
GSO_4,eda55f14-fedc-4eb6-a389-a51a43231405,2024-07-01 04:55:00+00:00,300,2025-01-01 07:00:00+00:00,84.868,1.018416
GSO_4,eda55f14-fedc-4eb6-a389-a51a43231405,2024-07-01 05:00:00+00:00,300,2025-01-01 07:00:00+00:00,85.648,1.027776
GSO_4,eda55f14-fedc-4eb6-a389-a51a43231405,2024-07-01 05:05:00+00:00,300,2025-01-01 07:00:00+00:00,84.258,1.011096
GSO_4,eda55f14-fedc-4eb6-a389-a51a43231405,2024-07-01 05:10:00+00:00,300,2025-01-01 07:00:00+00:00,84.549,1.014588
GSO_4,eda55f14-fedc-4eb6-a389-a51a43231405,2024-07-01 05:15:00+00:00,300,2025-01-01 07:00:00+00:00,84.908,1.018896
GSO_4,eda55f14-fedc-4eb6-a389-a51a43231405,2024-07-01 05:20:00+00:00,300,2025-01-01 07:00:00+00:00,83.989,1.007868
GSO_4,eda55f14-fedc-4eb6-a389-a51a43231405,2024-07-01 05:25:00+00:00,300,2025-01-01 07:00:00+00:00,83.829,1.005948
GSO_4,eda55f14-fedc-4eb6-a389-a51a43231405,2024-07-01 05:30:00+00:00,300,2025-01-01 07:00:00+00:00,84.119,1.009428
GSO_4,eda55f14-fedc-4eb6-a389-a51a43231405,2024-07-01 05:35:00+00:00,300,2025-01-01 07:00:00+00:00,83.386,1.000632
GSO_4,eda55f14-fedc-4eb6-a389-a51a43231405,2024-07-01 05:40:00+00:00,300,2025-01-01 07:00:00+00:00,84.328,1.011936
GSO_4,eda55f14-fedc-4eb6-a389-a51a43231405,2024-07-01 05:45:00+00:00,300,2025-01-01 07:00:00+00:00,84.346,1.012152
GSO_4,eda55f14-fedc-4eb6-a389-a51a43231405,2024-07-01 05:50:00+00:00,300,2025-01-01 07:00:00+00:00,83.441,1.001292
GSO_4,eda55f14-fedc-4eb6-a389-a51a43231405,2024-07-01 05:55:00+00:00,300,2025-01-01 07:00:00+00:00,83.894,1.006728
GSO_4,eda55f14-fedc-4eb6-a389-a51a43231405,2024-07-01 06:00:00+00:00,300,2025-01-01 07:00:00+00:00,82.524,0.9902880000000001
GSO_4,eda55f14-fedc-4eb6-a389-a51a43231405,2024-07-01 06:05:00+00:00,300,2025-01-01 07:00:00+00:00,83.21,0.99852
GSO_4,eda55f14-fedc-4eb6-a389-a51a43231405,2024-07-01 06:10:00+00:00,300,2025-01-01 07:00:00+00:00,82.982,0.995784
GSO_4,eda55f14-fedc-4eb6-a389-a51a43231405,2024-07-01 06:15:00+00:00,300,2025-01-01 07:00:00+00:00,82.607,0.9912839999999999
GSO_4,eda55f14-fedc-4eb6-a389-a51a43231405,2024-07-01 06:20:00+00:00,300,2025-01-01 07:00:00+00:00,82.379,0.9885480000000001
GSO_4,eda55f14-fedc-4eb6-a389-a51a43231405,2024-07-01 06:25:00+00:00,300,2025-01-01 07:00:00+00:00,82.596,0.991152
GSO_4,eda55f14-fedc-4eb6-a389-a51a43231405,2024-07-01 06:30:00+00:00,300,2025-01-01 07:00:00+00:00,82.967,0.995604
GSO_4,eda55f14-fedc-4eb6-a389-a51a43231405,2024-07-01 06:35:00+00:00,300,2025-01-01 07:00:00+00:00,82.998,0.9959760000000001
GSO_4,eda55f14-fedc-4eb6-a389-a51a43231405,2024-07-01 06:40:00+00:00,300,2025-01-01 07:00:00+00:00,81.371,0.976452
GSO_4,eda55f14-fedc-4eb6-a389-a51a43231405,2024-07-01 06:45:00+00:00,300,2025-01-01 07:00:00+00:00,83.348,1.000176
GSO_4,eda55f14-fedc-4eb6-a389-a51a43231405,2024-07-01 06:50:00+00:00,300,2025-01-01 07:00:00+00:00,83.619,1.003428
GSO_4,eda55f14-fedc-4eb6-a389-a51a43231405,2024-07-01 06:55:00+00:00,300,2025-01-01 07:00:00+00:00,82.577,0.990924
GSO_4,eda55f14-fedc-4eb6-a389-a51a43231405,2024-07-01 07:00:00+00:00,300,2025-01-01 07:00:00+00:00,82.542,0.990504
GSO_4,eda55f14-fedc-4eb6-a389-a51a43231405,2024-07-01 07:05:00+00:00,300,2025-01-01 07:00:00+00:00,83.02,0.99624
GSO_4,eda55f14-fedc-4eb6-a389-a51a43231405,2024-07-01 07:10:00+00:00,300,2025-01-01 07:00:00+00:00,82.728,0.992736
GSO_4,eda55f14-fedc-4eb6-a389-a51a43231405,2024-07-01 07:15:00+00:00,300,2025-01-01 07:00:00+00:00,83.532,1.002384
GSO_4,eda55f14-fedc-4eb6-a389-a51a43231405,2024-07-01 07:20:00+00:00,300,2025-01-01 07:00:00+00:00,83.242,0.9989040000000001
GSO_4,eda55f14-fedc-4eb6-a389-a51a43231405,2024-07-01 07:25:00+00:00,300,2025-01-01 07:00:00+00:00,83.446,1.001352
GSO_4,eda55f14-fedc-4eb6-a389-a51a43231405,2024-07-01 07:30:00+00:00,300,2025-01-01 07:00:00+00:00,83.694,1.004328
GSO_4,eda55f14-fedc-4eb6-a389-a51a43231405,2024-07-01 07:35:00+00:00,300,2025-01-01 07:00:00+00:00,83.24,0.99888
GSO_4,eda55f14-fedc-4eb6-a389-a51a43231405,2024-07-01 07:40:00+00:00,300,2025-01-01 07:00:00+00:00,83.139,0.997668
GSO_4,eda55f14-fedc-4eb6-a389-a51a43231405,2024-07-01 07:45:00+00:00,300,2025-01-01 07:00:00+00:00,83.495,1.00194
GSO_4,eda55f14-fedc-4eb6-a389-a51a43231405,2024-07-01 07:50:00+00:00,300,2025-01-01 07:00:00+00:00,82.878,0.9945360000000001
GSO_4,eda55f14-fedc-4eb6-a389-a51a43231405,2024-07-01 07:55:00+00:00,300,2025-01-01 07:00:00+00:00,82.787,0.9934440000000001
GSO_4,eda55f14-fedc-4eb6-a389-a51a43231405,2024-07-01 08:00:00+00:00,300,2025-01-01 07:00:00+00:00,82.237,0.9868439999999999
GSO_4,eda55f14-fedc-4eb6-a389-a51a43231405,2024-07-01 08:05:00+00:00,300,2025-01-01 07:00:00+00:00,83.118,0.997416
GSO_4,eda55f14-fedc-4eb6-a389-a51a43231405,2024-07-01 08:10:00+00:00,300,2025-01-01 07:00:00+00:00,82.98,0.9957600000000001
GSO_4,eda55f14-fedc-4eb6-a389-a51a43231405,2024-07-01 08:15:00+00:00,300,2025-01-01 07:00:00+00:00,82.479,0.9897480000000001
GSO_5,1a7b2ce3-8ce4-43f0-822c-bae88f338574,2024-07-01 00:00:00+00:00,300,2025-01-01 07:00:00+00:00,33.654,0.4038480000000001
GSO_5,1a7b2ce3-8ce4-43f0-822c-bae88f338574,2024-07-01 00:05:00+00:00,300,2025-01-01 07:00:00+00:00,33.534,0.402408
GSO_5,1a7b2ce3-8ce4-43f0-822c-bae88f338574,2024-07-01 00:10:00+00:00,300,2025-01-01 07:00:00+00:00,33.248,0.398976
GSO_5,1a7b2ce3-8ce4-43f0-822c-bae88f338574,2024-07-01 00:15:00+00:00,300,2025-01-01 07:00:00+00:00,33.218,0.398616
GSO_5,1a7b2ce3-8ce4-43f0-822c-bae88f338574,2024-07-01 00:20:00+00:00,300,2025-01-01 07:00:00+00:00,33.122,0.397464
GSO_5,1a7b2ce3-8ce4-43f0-822c-bae88f338574,2024-07-01 00:25:00+00:00,300,2025-01-01 07:00:00+00:00,33.23,0.39876
GSO_5,1a7b2ce3-8ce4-43f0-822c-bae88f338574,2024-07-01 00:30:00+00:00,300,2025-01-01 07:00:00+00:00,33.441,0.40129200000000004
GSO_5,1a7b2ce3-8ce4-43f0-822c-bae88f338574,2024-07-01 00:35:00+00:00,300,2025-01-01 07:00:00+00:00,32.916,0.39499199999999995
GSO_5,1a7b2ce3-8ce4-43f0-822c-bae88f338574,2024-07-01 00:40:00+00:00,300,2025-01-01 07:00:00+00:00,32.863,0.394356
GSO_5,1a7b2ce3-8ce4-43f0-822c-bae88f338574,2024-07-01 00:45:00+00:00,300,2025-01-01 07:00:00+00:00,32.461,0.389532
GSO_5,1a7b2ce3-8ce4-43f0-822c-bae88f338574,2024-07-01 00:50:00+00:00,300,2025-01-01 07:00:00+00:00,32.858,0.394296
GSO_5,1a7b2ce3-8ce4-43f0-822c-bae88f338574,2024-07-01 00:55:00+00:00,300,2025-01-01 07:00:00+00:00,32.255,0.38706000000000007
GSO_5,1a7b2ce3-8ce4-43f0-822c-bae88f338574,2024-07-01 01:00:00+00:00,300,2025-01-01 07:00:00+00:00,32.824,0.39388799999999996
GSO_5,1a7b2ce3-8ce4-43f0-822c-bae88f338574,2024-07-01 01:05:00+00:00,300,2025-01-01 07:00:00+00:00,32.692,0.39230400000000004
GSO_5,1a7b2ce3-8ce4-43f0-822c-bae88f338574,2024-07-01 01:10:00+00:00,300,2025-01-01 07:00:00+00:00,32.374,0.38848800000000006
GSO_5,1a7b2ce3-8ce4-43f0-822c-bae88f338574,2024-07-01 01:15:00+00:00,300,2025-01-01 07:00:00+00:00,32.224,0.386688
GSO_5,1a7b2ce3-8ce4-43f0-822c-bae88f338574,2024-07-01 01:20:00+00:00,300,2025-01-01 07:00:00+00:00,31.998,0.38397600000000004
GSO_5,1a7b2ce3-8ce4-43f0-822c-bae88f338574,2024-07-01 01:25:00+00:00,300,2025-01-01 07:00:00+00:00,32.002,0.38402400000000003
GSO_5,1a7b2ce3-8ce4-43f0-822c-bae88f338574,2024-07-01 01:30:00+00:00,300,2025-01-01 07:00:00+00:00,31.969,0.383628
GSO_5,1a7b2ce3-8ce4-43f0-822c-bae88f338574,2024-07-01 01:35:00+00:00,300,2025-01-01 07:00:00+00:00,31.95,0.3834
GSO_5,1a7b2ce3-8ce4-43f0-822c-bae88f338574,2024-07-01 01:40:00+00:00,300,2025-01-01 07:00:00+00:00,31.795,0.38154000000000005
GSO_5,1a7b2ce3-8ce4-43f0-822c-bae88f338574,2024-07-01 01:45:00+00:00,300,2025-01-01 07:00:00+00:00,31.578,0.37893600000000005
GSO_5,1a7b2ce3-8ce4-43f0-822c-bae88f338574,2024-07-01 01:50:00+00:00,300,2025-01-01 07:00:00+00:00,31.599,0.379188
GSO_5,1a7b2ce3-8ce4-43f0-822c-bae88f338574,2024-07-01 01:55:00+00:00,300,2025-01-01 07:00:00+00:00,31.399,0.376788
GSO_5,1a7b2ce3-8ce4-43f0-822c-bae88f338574,2024-07-01 02:00:00+00:00,300,2025-01-01 07:00:00+00:00,31.065,0.37278000000000006
GSO_5,1a7b2ce3-8ce4-43f0-822c-bae88f338574,2024-07-01 02:05:00+00:00,300,2025-01-01 07:00:00+00:00,31.318,0.37581600000000004
GSO_5,1a7b2ce3-8ce4-43f0-822c-bae88f338574,2024-07-01 02:10:00+00:00,300,2025-01-01 07:00:00+00:00,31.352,0.37622400000000006
GSO_5,1a7b2ce3-8ce4-43f0-822c-bae88f338574,2024-07-01 02:15:00+00:00,300,2025-01-01 07:00:00+00:00,31.554,0.37864800000000004
GSO_5,1a7b2ce3-8ce4-43f0-822c-bae88f338574,2024-07-01 02:20:00+00:00,300,2025-01-01 07:00:00+00:00,30.474,0.36568800000000007
GSO_5,1a7b2ce3-8ce4-43f0-822c-bae88f338574,2024-07-01 02:25:00+00:00,300,2025-01-01 07:00:00+00:00,31.376,0.37651200000000007
GSO_5,1a7b2ce3-8ce4-43f0-822c-bae88f338574,2024-07-01 02:30:00+00:00,300,2025-01-01 07:00:00+00:00,31.109,0.37330800000000003
GSO_5,1a7b2ce3-8ce4-43f0-822c-bae88f338574,2024-07-01 02:35:00+00:00,300,2025-01-01 07:00:00+00:00,31.234,0.37480800000000003
GSO_5,1a7b2ce3-8ce4-43f0-822c-bae88f338574,2024-07-01 02:40:00+00:00,300,2025-01-01 07:00:00+00:00,31.075,0.3729
GSO_5,1a7b2ce3-8ce4-43f0-822c-bae88f338574,2024-07-01 02:45:00+00:00,300,2025-01-01 07:00:00+00:00,30.854,0.37024799999999997
GSO_5,1a7b2ce3-8ce4-43f0-822c-bae88f338574,2024-07-01 02:50:00+00:00,300,2025-01-01 07:00:00+00:00,30.787,0.369444
GSO_5,1a7b2ce3-8ce4-43f0-822c-bae88f338574,2024-07-01 02:55:00+00:00,300,2025-01-01 07:00:00+00:00,30.937,0.371244
GSO_5,1a7b2ce3-8ce4-43f0-822c-bae88f338574,2024-07-01 03:00:00+00:00,300,2025-01-01 07:00:00+00:00,31.549,0.37858800000000004
GSO_5,1a7b2ce3-8ce4-43f0-822c-bae88f338574,2024-07-01 03:05:00+00:00,300,2025-01-01 07:00:00+00:00,31.411,0.376932
GSO_5,1a7b2ce3-8ce4-43f0-822c-bae88f338574,2024-07-01 03:10:00+00:00,300,2025-01-01 07:00:00+00:00,30.991,0.371892
GSO_5,1a7b2ce3-8ce4-43f0-822c-bae88f338574,2024-07-01 03:15:00+00:00,300,2025-01-01 07:00:00+00:00,31.055,0.37266000000000005
GSO_5,1a7b2ce3-8ce4-43f0-822c-bae88f338574,2024-07-01 03:20:00+00:00,300,2025-01-01 07:00:00+00:00,31.047,0.372564
GSO_5,1a7b2ce3-8ce4-43f0-822c-bae88f338574,2024-07-01 03:25:00+00:00,300,2025-01-01 07:00:00+00:00,30.778,0.369336
GSO_5,1a7b2ce3-8ce4-43f0-822c-bae88f338574,2024-07-01 03:30:00+00:00,300,2025-01-01 07:00:00+00:00,30.917,0.371004
GSO_5,1a7b2ce3-8ce4-43f0-822c-bae88f338574,2024-07-01 03:35:00+00:00,300,2025-01-01 07:00:00+00:00,29.949,0.35938800000000004
GSO_5,1a7b2ce3-8ce4-43f0-822c-bae88f338574,2024-07-01 03:40:00+00:00,300,2025-01-01 07:00:00+00:00,30.591,0.36709200000000003
GSO_5,1a7b2ce3-8ce4-43f0-822c-bae88f338574,2024-07-01 03:45:00+00:00,300,2025-01-01 07:00:00+00:00,29.98,0.35976
GSO_5,1a7b2ce3-8ce4-43f0-822c-bae88f338574,2024-07-01 03:50:00+00:00,300,2025-01-01 07:00:00+00:00,30.019,0.360228
GSO_5,1a7b2ce3-8ce4-43f0-822c-bae88f338574,2024-07-01 03:55:00+00:00,300,2025-01-01 07:00:00+00:00,29.863,0.358356
GSO_5,1a7b2ce3-8ce4-43f0-822c-bae88f338574,2024-07-01 04:00:00+00:00,300,2025-01-01 07:00:00+00:00,29.666,0.35599200000000003
GSO_5,1a7b2ce3-8ce4-43f0-822c-bae88f338574,2024-07-01 04:05:00+00:00,300,2025-01-01 07:00:00+00:00,29.678,0.356136
GSO_5,1a7b2ce3-8ce4-43f0-822c-bae88f338574,2024-07-01 04:10:00+00:00,300,2025-01-01 07:00:00+00:00,29.458,0.353496
GSO_5,1a7b2ce3-8ce4-43f0-822c-bae88f338574,2024-07-01 04:15:00+00:00,300,2025-01-01 07:00:00+00:00,29.097,0.34916400000000003
GSO_5,1a7b2ce3-8ce4-43f0-822c-bae88f338574,2024-07-01 04:20:00+00:00,300,2025-01-01 07:00:00+00:00,29.068,0.348816
GSO_5,1a7b2ce3-8ce4-43f0-822c-bae88f338574,2024-07-01 04:25:00+00:00,300,2025-01-01 07:00:00+00:00,28.725,0.34470000000000006
GSO_5,1a7b2ce3-8ce4-43f0-822c-bae88f338574,2024-07-01 04:30:00+00:00,300,2025-01-01 07:00:00+00:00,28.608,0.34329600000000005
GSO_5,1a7b2ce3-8ce4-43f0-822c-bae88f338574,2024-07-01 04:35:00+00:00,300,2025-01-01 07:00:00+00:00,28.601,0.34321199999999996
GSO_5,1a7b2ce3-8ce4-43f0-822c-bae88f338574,2024-07-01 04:40:00+00:00,300,2025-01-01 07:00:00+00:00,28.429,0.341148
GSO_5,1a7b2ce3-8ce4-43f0-822c-bae88f338574,2024-07-01 04:45:00+00:00,300,2025-01-01 07:00:00+00:00,28.371,0.340452
GSO_5,1a7b2ce3-8ce4-43f0-822c-bae88f338574,2024-07-01 04:50:00+00:00,300,2025-01-01 07:00:00+00:00,28.11,0.33732
GSO_5,1a7b2ce3-8ce4-43f0-822c-bae88f338574,2024-07-01 04:55:00+00:00,300,2025-01-01 07:00:00+00:00,27.758,0.333096
GSO_5,1a7b2ce3-8ce4-43f0-822c-bae88f338574,2024-07-01 05:00:00+00:00,300,2025-01-01 07:00:00+00:00,27.158,0.325896
GSO_5,1a7b2ce3-8ce4-43f0-822c-bae88f338574,2024-07-01 05:05:00+00:00,300,2025-01-01 07:00:00+00:00,27.015,0.32418
GSO_5,1a7b2ce3-8ce4-43f0-822c-bae88f338574,2024-07-01 05:10:00+00:00,300,2025-01-01 07:00:00+00:00,26.704,0.320448
GSO_5,1a7b2ce3-8ce4-43f0-822c-bae88f338574,2024-07-01 05:15:00+00:00,300,2025-01-01 07:00:00+00:00,26.697,0.32036400000000004
GSO_5,1a7b2ce3-8ce4-43f0-822c-bae88f338574,2024-07-01 05:20:00+00:00,300,2025-01-01 07:00:00+00:00,27.192,0.32630400000000004
GSO_5,1a7b2ce3-8ce4-43f0-822c-bae88f338574,2024-07-01 05:25:00+00:00,300,2025-01-01 07:00:00+00:00,26.836,0.322032
GSO_5,1a7b2ce3-8ce4-43f0-822c-bae88f338574,2024-07-01 05:30:00+00:00,300,2025-01-01 07:00:00+00:00,26.96,0.32352000000000003
GSO_5,1a7b2ce3-8ce4-43f0-822c-bae88f338574,2024-07-01 05:35:00+00:00,300,2025-01-01 07:00:00+00:00,27.259,0.327108
GSO_5,1a7b2ce3-8ce4-43f0-822c-bae88f338574,2024-07-01 05:40:00+00:00,300,2025-01-01 07:00:00+00:00,27.283,0.327396
GSO_5,1a7b2ce3-8ce4-43f0-822c-bae88f338574,2024-07-01 05:45:00+00:00,300,2025-01-01 07:00:00+00:00,27.234,0.32680800000000004
GSO_5,1a7b2ce3-8ce4-43f0-822c-bae88f338574,2024-07-01 05:50:00+00:00,300,2025-01-01 07:00:00+00:00,27.085,0.32502000000000003
GSO_5,1a7b2ce3-8ce4-43f0-822c-bae88f338574,2024-07-01 05:55:00+00:00,300,2025-01-01 07:00:00+00:00,27.371,0.328452
GSO_5,1a7b2ce3-8ce4-43f0-822c-bae88f338574,2024-07-01 06:00:00+00:00,300,2025-01-01 07:00:00+00:00,27.328,0.32793600000000006
GSO_5,1a7b2ce3-8ce4-43f0-822c-bae88f338574,2024-07-01 06:05:00+00:00,300,2025-01-01 07:00:00+00:00,27.276,0.327312
GSO_5,1a7b2ce3-8ce4-43f0-822c-bae88f338574,2024-07-01 06:10:00+00:00,300,2025-01-01 07:00:00+00:00,27.193,0.32631600000000005
GSO_5,1a7b2ce3-8ce4-43f0-822c-bae88f338574,2024-07-01 06:15:00+00:00,300,2025-01-01 07:00:00+00:00,27.157,0.325884
GSO_5,1a7b2ce3-8ce4-43f0-822c-bae88f338574,2024-07-01 06:20:00+00:00,300,2025-01-01 07:00:00+00:00,27.37,0.32844000000000007
GSO_5,1a7b2ce3-8ce4-43f0-822c-bae88f338574,2024-07-01 06:25:00+00:00,300,2025-01-01 07:00:00+00:00,27.407,0.328884
GSO_5,1a7b2ce3-8ce4-43f0-822c-bae88f338574,2024-07-01 06:30:00+00:00,300,2025-01-01 07:00:00+00:00,27.143,0.325716
GSO_5,1a7b2ce3-8ce4-43f0-822c-bae88f338574,2024-07-01 06:35:00+00:00,300,2025-01-01 07:00:00+00:00,27.39,0.32868
GSO_5,1a7b2ce3-8ce4-43f0-822c-bae88f338574,2024-07-01 06:40:00+00:00,300,2025-01-01 07:00:00+00:00,27.254,0.32704800000000006
GSO_5,1a7b2ce3-8ce4-43f0-822c-bae88f338574,2024-07-01 06:45:00+00:00,300,2025-01-01 07:00:00+00:00,27.505,0.33006
GSO_5,1a7b2ce3-8ce4-43f0-822c-bae88f338574,2024-07-01 06:50:00+00:00,300,2025-01-01 07:00:00+00:00,27.41,0.32892
GSO_5,1a7b2ce3-8ce4-43f0-822c-bae88f338574,2024-07-01 06:55:00+00:00,300,2025-01-01 07:00:00+00:00,27.429,0.32914800000000005
GSO_5,1a7b2ce3-8ce4-43f0-822c-bae88f338574,2024-07-01 07:00:00+00:00,300,2025-01-01 07:00:00+00:00,27.967,0.33560399999999996
GSO_5,1a7b2ce3-8ce4-43f0-822c-bae88f338574,2024-07-01 07:05:00+00:00,300,2025-01-01 07:00:00+00:00,27.853,0.33423600000000003
GSO_5,1a7b2ce3-8ce4-43f0-822c-bae88f338574,2024-07-01 07:10:00+00:00,300,2025-01-01 07:00:00+00:00,27.689,0.332268
GSO_5,1a7b2ce3-8ce4-43f0-822c-bae88f338574,2024-07-01 07:15:00+00:00,300,2025-01-01 07:00:00+00:00,27.863,0.334356
GSO_5,1a7b2ce3-8ce4-43f0-822c-bae88f338574,2024-07-01 07:20:00+00:00,300,2025-01-01 07:00:00+00:00,27.875,0.3345
GSO_5,1a7b2ce3-8ce4-43f0-822c-bae88f338574,2024-07-01 07:25:00+00:00,300,2025-01-01 07:00:00+00:00,27.597,0.33116400000000007
GSO_5,1a7b2ce3-8ce4-43f0-822c-bae88f338574,2024-07-01 07:30:00+00:00,300,2025-01-01 07:00:00+00:00,27.494,0.329928
GSO_5,1a7b2ce3-8ce4-43f0-822c-bae88f338574,2024-07-01 07:35:00+00:00,300,2025-01-01 07:00:00+00:00,27.807,0.33368400000000004
GSO_5,1a7b2ce3-8ce4-43f0-822c-bae88f338574,2024-07-01 07:40:00+00:00,300,2025-01-01 07:00:00+00:00,27.812,0.33374400000000004
GSO_5,1a7b2ce3-8ce4-43f0-822c-bae88f338574,2024-07-01 07:45:00+00:00,300,2025-01-01 07:00:00+00:00,27.676,0.332112
GSO_5,1a7b2ce3-8ce4-43f0-822c-bae88f338574,2024-07-01 07:50:00+00:00,300,2025-01-01 07:00:00+00:00,27.807,0.33368400000000004
GSO_5,1a7b2ce3-8ce4-43f0-822c-bae88f338574,2024-07-01 07:55:00+00:00,300,2025-01-01 07:00:00+00:00,27.803,0.33363600000000004
GSO_5,1a7b2ce3-8ce4-43f0-822c-bae88f338574,2024-07-01 08:00:00+00:00,300,2025-01-01 07:00:00+00:00,27.773,0.333276
GSO_5,1a7b2ce3-8ce4-43f0-822c-bae88f338574,2024-07-01 08:05:00+00:00,300,2025-01-01 07:00:00+00:00,27.365,0.32838
GSO_5,1a7b2ce3-8ce4-43f0-822c-bae88f338574,2024-07-01 08:10:00+00:00,300,2025-01-01 07:00:00+00:00,27.806,0.333672
GSO_5,1a7b2ce3-8ce4-43f0-822c-bae88f338574,2024-07-01 08:15:00+00:00,300,2025-01-01 07:00:00+00:00,27.539,0.33046800000000004
GSO_5,fdea0e08-11f9-40c1-bd4a-4dfdb8ea2803,2024-07-01 00:00:00+00:00,300,2025-01-01 07:00:00+00:00,20.343,0.24411600000000003
GSO_5,fdea0e08-11f9-40c1-bd4a-4dfdb8ea2803,2024-07-01 00:05:00+00:00,300,2025-01-01 07:00:00+00:00,20.552,0.24662399999999998
GSO_5,fdea0e08-11f9-40c1-bd4a-4dfdb8ea2803,2024-07-01 00:10:00+00:00,300,2025-01-01 07:00:00+00:00,20.58,0.24695999999999999
GSO_5,fdea0e08-11f9-40c1-bd4a-4dfdb8ea2803,2024-07-01 00:15:00+00:00,300,2025-01-01 07:00:00+00:00,20.774,0.249288
GSO_5,fdea0e08-11f9-40c1-bd4a-4dfdb8ea2803,2024-07-01 00:20:00+00:00,300,2025-01-01 07:00:00+00:00,20.745,0.24894000000000002
GSO_5,fdea0e08-11f9-40c1-bd4a-4dfdb8ea2803,2024-07-01 00:25:00+00:00,300,2025-01-01 07:00:00+00:00,20.648,0.24777600000000002
GSO_5,fdea0e08-11f9-40c1-bd4a-4dfdb8ea2803,2024-07-01 00:30:00+00:00,300,2025-01-01 07:00:00+00:00,20.696,0.24835200000000004
GSO_5,fdea0e08-11f9-40c1-bd4a-4dfdb8ea2803,2024-07-01 00:35:00+00:00,300,2025-01-01 07:00:00+00:00,20.788,0.249456
GSO_5,fdea0e08-11f9-40c1-bd4a-4dfdb8ea2803,2024-07-01 00:40:00+00:00,300,2025-01-01 07:00:00+00:00,20.64,0.24768
GSO_5,fdea0e08-11f9-40c1-bd4a-4dfdb8ea2803,2024-07-01 00:45:00+00:00,300,2025-01-01 07:00:00+00:00,20.806,0.24967200000000003
GSO_5,fdea0e08-11f9-40c1-bd4a-4dfdb8ea2803,2024-07-01 00:50:00+00:00,300,2025-01-01 07:00:00+00:00,20.669,0.24802800000000003
GSO_5,fdea0e08-11f9-40c1-bd4a-4dfdb8ea2803,2024-07-01 00:55:00+00:00,300,2025-01-01 07:00:00+00:00,20.894,0.250728
GSO_5,fdea0e08-11f9-40c1-bd4a-4dfdb8ea2803,2024-07-01 01:00:00+00:00,300,2025-01-01 07:00:00+00:00,20.865,0.25038
GSO_5,fdea0e08-11f9-40c1-bd4a-4dfdb8ea2803,2024-07-01 01:05:00+00:00,300,2025-01-01 07:00:00+00:00,20.804,0.249648
GSO_5,fdea0e08-11f9-40c1-bd4a-4dfdb8ea2803,2024-07-01 01:10:00+00:00,300,2025-01-01 07:00:00+00:00,21.09,0.25308
GSO_5,fdea0e08-11f9-40c1-bd4a-4dfdb8ea2803,2024-07-01 01:15:00+00:00,300,2025-01-01 07:00:00+00:00,20.872,0.250464
GSO_5,fdea0e08-11f9-40c1-bd4a-4dfdb8ea2803,2024-07-01 01:20:00+00:00,300,2025-01-01 07:00:00+00:00,20.936,0.251232
GSO_5,fdea0e08-11f9-40c1-bd4a-4dfdb8ea2803,2024-07-01 01:25:00+00:00,300,2025-01-01 07:00:00+00:00,20.938,0.251256
GSO_5,fdea0e08-11f9-40c1-bd4a-4dfdb8ea2803,2024-07-01 01:30:00+00:00,300,2025-01-01 07:00:00+00:00,20.864,0.25036800000000003
GSO_5,fdea0e08-11f9-40c1-bd4a-4dfdb8ea2803,2024-07-01 01:35:00+00:00,300,2025-01-01 07:00:00+00:00,21.025,0.25229999999999997
GSO_5,fdea0e08-11f9-40c1-bd4a-4dfdb8ea2803,2024-07-01 01:40:00+00:00,300,2025-01-01 07:00:00+00:00,21.001,0.252012
GSO_5,fdea0e08-11f9-40c1-bd4a-4dfdb8ea2803,2024-07-01 01:45:00+00:00,300,2025-01-01 07:00:00+00:00,21.103,0.253236
GSO_5,fdea0e08-11f9-40c1-bd4a-4dfdb8ea2803,2024-07-01 01:50:00+00:00,300,2025-01-01 07:00:00+00:00,21.011,0.252132
GSO_5,fdea0e08-11f9-40c1-bd4a-4dfdb8ea2803,2024-07-01 01:55:00+00:00,300,2025-01-01 07:00:00+00:00,21.193,0.25431600000000004
GSO_5,fdea0e08-11f9-40c1-bd4a-4dfdb8ea2803,2024-07-01 02:00:00+00:00,300,2025-01-01 07:00:00+00:00,21.478,0.257736
GSO_5,fdea0e08-11f9-40c1-bd4a-4dfdb8ea2803,2024-07-01 02:05:00+00:00,300,2025-01-01 07:00:00+00:00,21.522,0.258264
GSO_5,fdea0e08-11f9-40c1-bd4a-4dfdb8ea2803,2024-07-01 02:10:00+00:00,300,2025-01-01 07:00:00+00:00,21.424,0.25708800000000004
GSO_5,fdea0e08-11f9-40c1-bd4a-4dfdb8ea2803,2024-07-01 02:15:00+00:00,300,2025-01-01 07:00:00+00:00,21.279,0.255348
GSO_5,fdea0e08-11f9-40c1-bd4a-4dfdb8ea2803,2024-07-01 02:20:00+00:00,300,2025-01-01 07:00:00+00:00,21.394,0.256728
GSO_5,fdea0e08-11f9-40c1-bd4a-4dfdb8ea2803,2024-07-01 02:25:00+00:00,300,2025-01-01 07:00:00+00:00,21.189,0.254268
GSO_5,fdea0e08-11f9-40c1-bd4a-4dfdb8ea2803,2024-07-01 02:30:00+00:00,300,2025-01-01 07:00:00+00:00,21.051,0.252612
GSO_5,fdea0e08-11f9-40c1-bd4a-4dfdb8ea2803,2024-07-01 02:35:00+00:00,300,2025-01-01 07:00:00+00:00,20.881,0.250572
GSO_5,fdea0e08-11f9-40c1-bd4a-4dfdb8ea2803,2024-07-01 02:40:00+00:00,300,2025-01-01 07:00:00+00:00,20.821,0.24985200000000002
GSO_5,fdea0e08-11f9-40c1-bd4a-4dfdb8ea2803,2024-07-01 02:45:00+00:00,300,2025-01-01 07:00:00+00:00,20.974,0.251688
GSO_5,fdea0e08-11f9-40c1-bd4a-4dfdb8ea2803,2024-07-01 02:50:00+00:00,300,2025-01-01 07:00:00+00:00,20.665,0.24797999999999998
GSO_5,fdea0e08-11f9-40c1-bd4a-4dfdb8ea2803,2024-07-01 02:55:00+00:00,300,2025-01-01 07:00:00+00:00,20.721,0.248652
GSO_5,fdea0e08-11f9-40c1-bd4a-4dfdb8ea2803,2024-07-01 03:00:00+00:00,300,2025-01-01 07:00:00+00:00,20.336,0.24403199999999997
GSO_5,fdea0e08-11f9-40c1-bd4a-4dfdb8ea2803,2024-07-01 03:05:00+00:00,300,2025-01-01 07:00:00+00:00,20.122,0.241464
GSO_5,fdea0e08-11f9-40c1-bd4a-4dfdb8ea2803,2024-07-01 03:10:00+00:00,300,2025-01-01 07:00:00+00:00,20.212,0.242544
GSO_5,fdea0e08-11f9-40c1-bd4a-4dfdb8ea2803,2024-07-01 03:15:00+00:00,300,2025-01-01 07:00:00+00:00,20.154,0.241848
GSO_5,fdea0e08-11f9-40c1-bd4a-4dfdb8ea2803,2024-07-01 03:20:00+00:00,300,2025-01-01 07:00:00+00:00,20.292,0.24350400000000003
GSO_5,fdea0e08-11f9-40c1-bd4a-4dfdb8ea2803,2024-07-01 03:25:00+00:00,300,2025-01-01 07:00:00+00:00,20.219,0.242628
GSO_5,fdea0e08-11f9-40c1-bd4a-4dfdb8ea2803,2024-07-01 03:30:00+00:00,300,2025-01-01 07:00:00+00:00,20.392,0.244704
GSO_5,fdea0e08-11f9-40c1-bd4a-4dfdb8ea2803,2024-07-01 03:35:00+00:00,300,2025-01-01 07:00:00+00:00,20.188,0.242256
GSO_5,fdea0e08-11f9-40c1-bd4a-4dfdb8ea2803,2024-07-01 03:40:00+00:00,300,2025-01-01 07:00:00+00:00,20.228,0.242736
GSO_5,fdea0e08-11f9-40c1-bd4a-4dfdb8ea2803,2024-07-01 03:45:00+00:00,300,2025-01-01 07:00:00+00:00,19.909,0.23890799999999998
GSO_5,fdea0e08-11f9-40c1-bd4a-4dfdb8ea2803,2024-07-01 03:50:00+00:00,300,2025-01-01 07:00:00+00:00,19.925,0.23910000000000003
GSO_5,fdea0e08-11f9-40c1-bd4a-4dfdb8ea2803,2024-07-01 03:55:00+00:00,300,2025-01-01 07:00:00+00:00,20.22,0.24264
GSO_5,fdea0e08-11f9-40c1-bd4a-4dfdb8ea2803,2024-07-01 04:00:00+00:00,300,2025-01-01 07:00:00+00:00,21.43,0.25716
GSO_5,fdea0e08-11f9-40c1-bd4a-4dfdb8ea2803,2024-07-01 04:05:00+00:00,300,2025-01-01 07:00:00+00:00,20.929,0.251148
GSO_5,fdea0e08-11f9-40c1-bd4a-4dfdb8ea2803,2024-07-01 04:10:00+00:00,300,2025-01-01 07:00:00+00:00,20.658,0.247896
GSO_5,fdea0e08-11f9-40c1-bd4a-4dfdb8ea2803,2024-07-01 04:15:00+00:00,300,2025-01-01 07:00:00+00:00,20.688,0.248256
GSO_5,fdea0e08-11f9-40c1-bd4a-4dfdb8ea2803,2024-07-01 04:20:00+00:00,300,2025-01-01 07:00:00+00:00,20.411,0.244932
GSO_5,fdea0e08-11f9-40c1-bd4a-4dfdb8ea2803,2024-07-01 04:25:00+00:00,300,2025-01-01 07:00:00+00:00,20.041,0.240492
GSO_5,fdea0e08-11f9-40c1-bd4a-4dfdb8ea2803,2024-07-01 04:30:00+00:00,300,2025-01-01 07:00:00+00:00,20.187,0.24224400000000001
GSO_5,fdea0e08-11f9-40c1-bd4a-4dfdb8ea2803,2024-07-01 04:35:00+00:00,300,2025-01-01 07:00:00+00:00,20.002,0.240024
GSO_5,fdea0e08-11f9-40c1-bd4a-4dfdb8ea2803,2024-07-01 04:40:00+00:00,300,2025-01-01 07:00:00+00:00,19.469,0.233628
GSO_5,fdea0e08-11f9-40c1-bd4a-4dfdb8ea2803,2024-07-01 04:45:00+00:00,300,2025-01-01 07:00:00+00:00,19.263,0.23115600000000003
GSO_5,fdea0e08-11f9-40c1-bd4a-4dfdb8ea2803,2024-07-01 04:50:00+00:00,300,2025-01-01 07:00:00+00:00,19.034,0.228408
GSO_5,fdea0e08-11f9-40c1-bd4a-4dfdb8ea2803,2024-07-01 04:55:00+00:00,300,2025-01-01 07:00:00+00:00,18.949,0.22738800000000003
GSO_5,fdea0e08-11f9-40c1-bd4a-4dfdb8ea2803,2024-07-01 05:00:00+00:00,300,2025-01-01 07:00:00+00:00,16.85,0.20220000000000002
GSO_5,fdea0e08-11f9-40c1-bd4a-4dfdb8ea2803,2024-07-01 05:05:00+00:00,300,2025-01-01 07:00:00+00:00,17.205,0.20645999999999998
GSO_5,fdea0e08-11f9-40c1-bd4a-4dfdb8ea2803,2024-07-01 05:10:00+00:00,300,2025-01-01 07:00:00+00:00,17.349,0.208188
GSO_5,fdea0e08-11f9-40c1-bd4a-4dfdb8ea2803,2024-07-01 05:15:00+00:00,300,2025-01-01 07:00:00+00:00,17.19,0.20628000000000002
GSO_5,fdea0e08-11f9-40c1-bd4a-4dfdb8ea2803,2024-07-01 05:20:00+00:00,300,2025-01-01 07:00:00+00:00,17.455,0.20945999999999998
GSO_5,fdea0e08-11f9-40c1-bd4a-4dfdb8ea2803,2024-07-01 05:25:00+00:00,300,2025-01-01 07:00:00+00:00,17.336,0.208032
GSO_5,fdea0e08-11f9-40c1-bd4a-4dfdb8ea2803,2024-07-01 05:30:00+00:00,300,2025-01-01 07:00:00+00:00,17.603,0.211236
GSO_5,fdea0e08-11f9-40c1-bd4a-4dfdb8ea2803,2024-07-01 05:35:00+00:00,300,2025-01-01 07:00:00+00:00,17.951,0.215412
GSO_5,fdea0e08-11f9-40c1-bd4a-4dfdb8ea2803,2024-07-01 05:40:00+00:00,300,2025-01-01 07:00:00+00:00,17.89,0.21468
GSO_5,fdea0e08-11f9-40c1-bd4a-4dfdb8ea2803,2024-07-01 05:45:00+00:00,300,2025-01-01 07:00:00+00:00,17.945,0.21534
GSO_5,fdea0e08-11f9-40c1-bd4a-4dfdb8ea2803,2024-07-01 05:50:00+00:00,300,2025-01-01 07:00:00+00:00,18.159,0.217908
GSO_5,fdea0e08-11f9-40c1-bd4a-4dfdb8ea2803,2024-07-01 05:55:00+00:00,300,2025-01-01 07:00:00+00:00,18.324,0.21988800000000003
GSO_5,fdea0e08-11f9-40c1-bd4a-4dfdb8ea2803,2024-07-01 06:00:00+00:00,300,2025-01-01 07:00:00+00:00,18.585,0.22302000000000002
GSO_5,fdea0e08-11f9-40c1-bd4a-4dfdb8ea2803,2024-07-01 06:05:00+00:00,300,2025-01-01 07:00:00+00:00,18.663,0.22395600000000002
GSO_5,fdea0e08-11f9-40c1-bd4a-4dfdb8ea2803,2024-07-01 06:10:00+00:00,300,2025-01-01 07:00:00+00:00,18.501,0.22201200000000004
GSO_5,fdea0e08-11f9-40c1-bd4a-4dfdb8ea2803,2024-07-01 06:15:00+00:00,300,2025-01-01 07:00:00+00:00,18.779,0.22534800000000002
GSO_5,fdea0e08-11f9-40c1-bd4a-4dfdb8ea2803,2024-07-01 06:20:00+00:00,300,2025-01-01 07:00:00+00:00,19.046,0.228552
GSO_5,fdea0e08-11f9-40c1-bd4a-4dfdb8ea2803,2024-07-01 06:25:00+00:00,300,2025-01-01 07:00:00+00:00,18.828,0.225936
GSO_5,fdea0e08-11f9-40c1-bd4a-4dfdb8ea2803,2024-07-01 06:30:00+00:00,300,2025-01-01 07:00:00+00:00,18.979,0.22774799999999998
GSO_5,fdea0e08-11f9-40c1-bd4a-4dfdb8ea2803,2024-07-01 06:35:00+00:00,300,2025-01-01 07:00:00+00:00,18.938,0.227256
GSO_5,fdea0e08-11f9-40c1-bd4a-4dfdb8ea2803,2024-07-01 06:40:00+00:00,300,2025-01-01 07:00:00+00:00,19.096,0.22915200000000002
GSO_5,fdea0e08-11f9-40c1-bd4a-4dfdb8ea2803,2024-07-01 06:45:00+00:00,300,2025-01-01 07:00:00+00:00,19.242,0.23090400000000003
GSO_5,fdea0e08-11f9-40c1-bd4a-4dfdb8ea2803,2024-07-01 06:50:00+00:00,300,2025-01-01 07:00:00+00:00,19.395,0.23274
GSO_5,fdea0e08-11f9-40c1-bd4a-4dfdb8ea2803,2024-07-01 06:55:00+00:00,300,2025-01-01 07:00:00+00:00,19.451,0.233412
GSO_5,fdea0e08-11f9-40c1-bd4a-4dfdb8ea2803,2024-07-01 07:00:00+00:00,300,2025-01-01 07:00:00+00:00,20.175,0.2421
GSO_5,fdea0e08-11f9-40c1-bd4a-4dfdb8ea2803,2024-07-01 07:05:00+00:00,300,2025-01-01 07:00:00+00:00,20.226,0.24271199999999998
GSO_5,fdea0e08-11f9-40c1-bd4a-4dfdb8ea2803,2024-07-01 07:10:00+00:00,300,2025-01-01 07:00:00+00:00,20.17,0.24204000000000003
GSO_5,fdea0e08-11f9-40c1-bd4a-4dfdb8ea2803,2024-07-01 07:15:00+00:00,300,2025-01-01 07:00:00+00:00,20.107,0.241284
GSO_5,fdea0e08-11f9-40c1-bd4a-4dfdb8ea2803,2024-07-01 07:20:00+00:00,300,2025-01-01 07:00:00+00:00,20.1,0.24120000000000003
GSO_5,fdea0e08-11f9-40c1-bd4a-4dfdb8ea2803,2024-07-01 07:25:00+00:00,300,2025-01-01 07:00:00+00:00,20.05,0.24060000000000004
GSO_5,fdea0e08-11f9-40c1-bd4a-4dfdb8ea2803,2024-07-01 07:30:00+00:00,300,2025-01-01 07:00:00+00:00,19.701,0.236412
GSO_5,fdea0e08-11f9-40c1-bd4a-4dfdb8ea2803,2024-07-01 07:35:00+00:00,300,2025-01-01 07:00:00+00:00,19.598,0.235176
GSO_5,fdea0e08-11f9-40c1-bd4a-4dfdb8ea2803,2024-07-01 07:40:00+00:00,300,2025-01-01 07:00:00+00:00,19.768,0.237216
GSO_5,fdea0e08-11f9-40c1-bd4a-4dfdb8ea2803,2024-07-01 07:45:00+00:00,300,2025-01-01 07:00:00+00:00,19.561,0.234732
GSO_5,fdea0e08-11f9-40c1-bd4a-4dfdb8ea2803,2024-07-01 07:50:00+00:00,300,2025-01-01 07:00:00+00:00,19.805,0.23766
GSO_5,fdea0e08-11f9-40c1-bd4a-4dfdb8ea2803,2024-07-01 07:55:00+00:00,300,2025-01-01 07:00:00+00:00,19.302,0.231624
GSO_5,fdea0e08-11f9-40c1-bd4a-4dfdb8ea2803,2024-07-01 08:00:00+00:00,300,2025-01-01 07:00:00+00:00,19.435,0.23322
GSO_5,fdea0e08-11f9-40c1-bd4a-4dfdb8ea2803,2024-07-01 08:05:00+00:00,300,2025-01-01 07:00:00+00:00,19.5,0.234
GSO_5,fdea0e08-11f9-40c1-bd4a-4dfdb8ea2803,2024-07-01 08:10:00+00:00,300,2025-01-01 07:00:00+00:00,19.541,0.234492
GSO_5,fdea0e08-11f9-40c1-bd4a-4dfdb8ea2803,2024-07-01 08:15:00+00:00,300,2025-01-01 07:00:00+00:00,19.442,0.233304
GSO_5,921b5057-9802-4094-b921-551288ad3d2e,2024-07-01 00:00:00+00:00,300,2025-01-01 07:00:00+00:00,18.391,0.22069199999999997
GSO_5,921b5057-9802-4094-b921-551288ad3d2e,2024-07-01 00:05:00+00:00,300,2025-01-01 07:00:00+00:00,18.288,0.219456
GSO_5,921b5057-9802-4094-b921-551288ad3d2e,2024-07-01 00:10:00+00:00,300,2025-01-01 07:00:00+00:00,18.377,0.220524
GSO_5,921b5057-9802-4094-b921-551288ad3d2e,2024-07-01 00:15:00+00:00,300,2025-01-01 07:00:00+00:00,18.412,0.220944
GSO_5,921b5057-9802-4094-b921-551288ad3d2e,2024-07-01 00:20:00+00:00,300,2025-01-01 07:00:00+00:00,18.443,0.22131600000000004
GSO_5,921b5057-9802-4094-b921-551288ad3d2e,2024-07-01 00:25:00+00:00,300,2025-01-01 07:00:00+00:00,18.505,0.22206
GSO_5,921b5057-9802-4094-b921-551288ad3d2e,2024-07-01 00:30:00+00:00,300,2025-01-01 07:00:00+00:00,18.275,0.2193
GSO_5,921b5057-9802-4094-b921-551288ad3d2e,2024-07-01 00:35:00+00:00,300,2025-01-01 07:00:00+00:00,18.289,0.21946800000000002
GSO_5,921b5057-9802-4094-b921-551288ad3d2e,2024-07-01 00:40:00+00:00,300,2025-01-01 07:00:00+00:00,18.196,0.21835200000000005
GSO_5,921b5057-9802-4094-b921-551288ad3d2e,2024-07-01 00:45:00+00:00,300,2025-01-01 07:00:00+00:00,18.338,0.220056
GSO_5,921b5057-9802-4094-b921-551288ad3d2e,2024-07-01 00:50:00+00:00,300,2025-01-01 07:00:00+00:00,18.247,0.218964
GSO_5,921b5057-9802-4094-b921-551288ad3d2e,2024-07-01 00:55:00+00:00,300,2025-01-01 07:00:00+00:00,18.111,0.21733200000000003
GSO_5,921b5057-9802-4094-b921-551288ad3d2e,2024-07-01 01:00:00+00:00,300,2025-01-01 07:00:00+00:00,17.982,0.215784
GSO_5,921b5057-9802-4094-b921-551288ad3d2e,2024-07-01 01:05:00+00:00,300,2025-01-01 07:00:00+00:00,18.343,0.220116
GSO_5,921b5057-9802-4094-b921-551288ad3d2e,2024-07-01 01:10:00+00:00,300,2025-01-01 07:00:00+00:00,18.324,0.21988800000000003
GSO_5,921b5057-9802-4094-b921-551288ad3d2e,2024-07-01 01:15:00+00:00,300,2025-01-01 07:00:00+00:00,18.276,0.219312
GSO_5,921b5057-9802-4094-b921-551288ad3d2e,2024-07-01 01:20:00+00:00,300,2025-01-01 07:00:00+00:00,18.11,0.21731999999999999
GSO_5,921b5057-9802-4094-b921-551288ad3d2e,2024-07-01 01:25:00+00:00,300,2025-01-01 07:00:00+00:00,18.244,0.21892799999999998
GSO_5,921b5057-9802-4094-b921-551288ad3d2e,2024-07-01 01:30:00+00:00,300,2025-01-01 07:00:00+00:00,18.271,0.219252
GSO_5,921b5057-9802-4094-b921-551288ad3d2e,2024-07-01 01:35:00+00:00,300,2025-01-01 07:00:00+00:00,18.114,0.21736800000000003
GSO_5,921b5057-9802-4094-b921-551288ad3d2e,2024-07-01 01:40:00+00:00,300,2025-01-01 07:00:00+00:00,17.911,0.214932
GSO_5,921b5057-9802-4094-b921-551288ad3d2e,2024-07-01 01:45:00+00:00,300,2025-01-01 07:00:00+00:00,17.931,0.21517200000000003
GSO_5,921b5057-9802-4094-b921-551288ad3d2e,2024-07-01 01:50:00+00:00,300,2025-01-01 07:00:00+00:00,18.086,0.21703199999999997
GSO_5,921b5057-9802-4094-b921-551288ad3d2e,2024-07-01 01:55:00+00:00,300,2025-01-01 07:00:00+00:00,17.502,0.210024
GSO_5,921b5057-9802-4094-b921-551288ad3d2e,2024-07-01 02:00:00+00:00,300,2025-01-01 07:00:00+00:00,17.903,0.21483599999999997
GSO_5,921b5057-9802-4094-b921-551288ad3d2e,2024-07-01 02:05:00+00:00,300,2025-01-01 07:00:00+00:00,17.68,0.21216
GSO_5,921b5057-9802-4094-b921-551288ad3d2e,2024-07-01 02:10:00+00:00,300,2025-01-01 07:00:00+00:00,17.752,0.213024
GSO_5,921b5057-9802-4094-b921-551288ad3d2e,2024-07-01 02:15:00+00:00,300,2025-01-01 07:00:00+00:00,17.806,0.21367200000000003
GSO_5,921b5057-9802-4094-b921-551288ad3d2e,2024-07-01 02:20:00+00:00,300,2025-01-01 07:00:00+00:00,17.769,0.21322799999999997
GSO_5,921b5057-9802-4094-b921-551288ad3d2e,2024-07-01 02:25:00+00:00,300,2025-01-01 07:00:00+00:00,17.76,0.21312000000000003
GSO_5,921b5057-9802-4094-b921-551288ad3d2e,2024-07-01 02:30:00+00:00,300,2025-01-01 07:00:00+00:00,17.481,0.20977200000000001
GSO_5,921b5057-9802-4094-b921-551288ad3d2e,2024-07-01 02:35:00+00:00,300,2025-01-01 07:00:00+00:00,17.495,0.20994000000000002
GSO_5,921b5057-9802-4094-b921-551288ad3d2e,2024-07-01 02:40:00+00:00,300,2025-01-01 07:00:00+00:00,17.633,0.211596
GSO_5,921b5057-9802-4094-b921-551288ad3d2e,2024-07-01 02:45:00+00:00,300,2025-01-01 07:00:00+00:00,17.693,0.21231600000000003
GSO_5,921b5057-9802-4094-b921-551288ad3d2e,2024-07-01 02:50:00+00:00,300,2025-01-01 07:00:00+00:00,17.692,0.212304
GSO_5,921b5057-9802-4094-b921-551288ad3d2e,2024-07-01 02:55:00+00:00,300,2025-01-01 07:00:00+00:00,17.457,0.209484
GSO_5,921b5057-9802-4094-b921-551288ad3d2e,2024-07-01 03:00:00+00:00,300,2025-01-01 07:00:00+00:00,17.522,0.21026399999999998
GSO_5,921b5057-9802-4094-b921-551288ad3d2e,2024-07-01 03:05:00+00:00,300,2025-01-01 07:00:00+00:00,17.558,0.210696
GSO_5,921b5057-9802-4094-b921-551288ad3d2e,2024-07-01 03:10:00+00:00,300,2025-01-01 07:00:00+00:00,17.38,0.20856
GSO_5,921b5057-9802-4094-b921-551288ad3d2e,2024-07-01 03:15:00+00:00,300,2025-01-01 07:00:00+00:00,17.699,0.21238800000000002
GSO_5,921b5057-9802-4094-b921-551288ad3d2e,2024-07-01 03:20:00+00:00,300,2025-01-01 07:00:00+00:00,17.316,0.207792
GSO_5,921b5057-9802-4094-b921-551288ad3d2e,2024-07-01 03:25:00+00:00,300,2025-01-01 07:00:00+00:00,17.634,0.211608
GSO_5,921b5057-9802-4094-b921-551288ad3d2e,2024-07-01 03:30:00+00:00,300,2025-01-01 07:00:00+00:00,17.602,0.21122400000000002
GSO_5,921b5057-9802-4094-b921-551288ad3d2e,2024-07-01 03:35:00+00:00,300,2025-01-01 07:00:00+00:00,17.486,0.20983200000000002
GSO_5,921b5057-9802-4094-b921-551288ad3d2e,2024-07-01 03:40:00+00:00,300,2025-01-01 07:00:00+00:00,17.499,0.209988
GSO_5,921b5057-9802-4094-b921-551288ad3d2e,2024-07-01 03:45:00+00:00,300,2025-01-01 07:00:00+00:00,17.416,0.208992
GSO_5,921b5057-9802-4094-b921-551288ad3d2e,2024-07-01 03:50:00+00:00,300,2025-01-01 07:00:00+00:00,17.558,0.210696
GSO_5,921b5057-9802-4094-b921-551288ad3d2e,2024-07-01 03:55:00+00:00,300,2025-01-01 07:00:00+00:00,17.299,0.207588
GSO_5,921b5057-9802-4094-b921-551288ad3d2e,2024-07-01 04:00:00+00:00,300,2025-01-01 07:00:00+00:00,17.297,0.20756400000000003
GSO_5,921b5057-9802-4094-b921-551288ad3d2e,2024-07-01 04:05:00+00:00,300,2025-01-01 07:00:00+00:00,17.675,0.2121
GSO_5,921b5057-9802-4094-b921-551288ad3d2e,2024-07-01 04:10:00+00:00,300,2025-01-01 07:00:00+00:00,17.285,0.20742000000000002
GSO_5,921b5057-9802-4094-b921-551288ad3d2e,2024-07-01 04:15:00+00:00,300,2025-01-01 07:00:00+00:00,17.343,0.20811600000000002
GSO_5,921b5057-9802-4094-b921-551288ad3d2e,2024-07-01 04:20:00+00:00,300,2025-01-01 07:00:00+00:00,17.214,0.20656799999999997
GSO_5,921b5057-9802-4094-b921-551288ad3d2e,2024-07-01 04:25:00+00:00,300,2025-01-01 07:00:00+00:00,17.294,0.20752800000000002
GSO_5,921b5057-9802-4094-b921-551288ad3d2e,2024-07-01 04:30:00+00:00,300,2025-01-01 07:00:00+00:00,17.171,0.20605199999999999
GSO_5,921b5057-9802-4094-b921-551288ad3d2e,2024-07-01 04:35:00+00:00,300,2025-01-01 07:00:00+00:00,17.156,0.205872
GSO_5,921b5057-9802-4094-b921-551288ad3d2e,2024-07-01 04:40:00+00:00,300,2025-01-01 07:00:00+00:00,17.129,0.20554800000000004
GSO_5,921b5057-9802-4094-b921-551288ad3d2e,2024-07-01 04:45:00+00:00,300,2025-01-01 07:00:00+00:00,17.129,0.20554800000000004
GSO_5,921b5057-9802-4094-b921-551288ad3d2e,2024-07-01 04:50:00+00:00,300,2025-01-01 07:00:00+00:00,16.94,0.20328000000000002
GSO_5,921b5057-9802-4094-b921-551288ad3d2e,2024-07-01 04:55:00+00:00,300,2025-01-01 07:00:00+00:00,16.823,0.201876
GSO_5,921b5057-9802-4094-b921-551288ad3d2e,2024-07-01 05:00:00+00:00,300,2025-01-01 07:00:00+00:00,16.721,0.20065200000000002
GSO_5,921b5057-9802-4094-b921-551288ad3d2e,2024-07-01 05:05:00+00:00,300,2025-01-01 07:00:00+00:00,16.744,0.200928
GSO_5,921b5057-9802-4094-b921-551288ad3d2e,2024-07-01 05:10:00+00:00,300,2025-01-01 07:00:00+00:00,16.502,0.198024
GSO_5,921b5057-9802-4094-b921-551288ad3d2e,2024-07-01 05:15:00+00:00,300,2025-01-01 07:00:00+00:00,16.687,0.20024400000000003
GSO_5,921b5057-9802-4094-b921-551288ad3d2e,2024-07-01 05:20:00+00:00,300,2025-01-01 07:00:00+00:00,16.595,0.19913999999999998
GSO_5,921b5057-9802-4094-b921-551288ad3d2e,2024-07-01 05:25:00+00:00,300,2025-01-01 07:00:00+00:00,16.509,0.198108
GSO_5,921b5057-9802-4094-b921-551288ad3d2e,2024-07-01 05:30:00+00:00,300,2025-01-01 07:00:00+00:00,16.416,0.19699200000000003
GSO_5,921b5057-9802-4094-b921-551288ad3d2e,2024-07-01 05:35:00+00:00,300,2025-01-01 07:00:00+00:00,16.466,0.19759200000000002
GSO_5,921b5057-9802-4094-b921-551288ad3d2e,2024-07-01 05:40:00+00:00,300,2025-01-01 07:00:00+00:00,16.543,0.198516
GSO_5,921b5057-9802-4094-b921-551288ad3d2e,2024-07-01 05:45:00+00:00,300,2025-01-01 07:00:00+00:00,16.396,0.196752
GSO_5,921b5057-9802-4094-b921-551288ad3d2e,2024-07-01 05:50:00+00:00,300,2025-01-01 07:00:00+00:00,16.381,0.196572
GSO_5,921b5057-9802-4094-b921-551288ad3d2e,2024-07-01 05:55:00+00:00,300,2025-01-01 07:00:00+00:00,16.228,0.19473600000000002
GSO_5,921b5057-9802-4094-b921-551288ad3d2e,2024-07-01 06:00:00+00:00,300,2025-01-01 07:00:00+00:00,16.063,0.192756
GSO_5,921b5057-9802-4094-b921-551288ad3d2e,2024-07-01 06:05:00+00:00,300,2025-01-01 07:00:00+00:00,16.083,0.19299599999999997
GSO_5,921b5057-9802-4094-b921-551288ad3d2e,2024-07-01 06:10:00+00:00,300,2025-01-01 07:00:00+00:00,15.865,0.19038000000000002
GSO_5,921b5057-9802-4094-b921-551288ad3d2e,2024-07-01 06:15:00+00:00,300,2025-01-01 07:00:00+00:00,16.01,0.19212000000000004
GSO_5,921b5057-9802-4094-b921-551288ad3d2e,2024-07-01 06:20:00+00:00,300,2025-01-01 07:00:00+00:00,16.136,0.193632
GSO_5,921b5057-9802-4094-b921-551288ad3d2e,2024-07-01 06:25:00+00:00,300,2025-01-01 07:00:00+00:00,16.095,0.19313999999999998
GSO_5,921b5057-9802-4094-b921-551288ad3d2e,2024-07-01 06:30:00+00:00,300,2025-01-01 07:00:00+00:00,16.254,0.19504800000000003
GSO_5,921b5057-9802-4094-b921-551288ad3d2e,2024-07-01 06:35:00+00:00,300,2025-01-01 07:00:00+00:00,16.128,0.193536
GSO_5,921b5057-9802-4094-b921-551288ad3d2e,2024-07-01 06:40:00+00:00,300,2025-01-01 07:00:00+00:00,15.997,0.191964
GSO_5,921b5057-9802-4094-b921-551288ad3d2e,2024-07-01 06:45:00+00:00,300,2025-01-01 07:00:00+00:00,16.004,0.19204800000000002
GSO_5,921b5057-9802-4094-b921-551288ad3d2e,2024-07-01 06:50:00+00:00,300,2025-01-01 07:00:00+00:00,15.841,0.190092
GSO_5,921b5057-9802-4094-b921-551288ad3d2e,2024-07-01 06:55:00+00:00,300,2025-01-01 07:00:00+00:00,16.008,0.19209600000000002
GSO_5,921b5057-9802-4094-b921-551288ad3d2e,2024-07-01 07:00:00+00:00,300,2025-01-01 07:00:00+00:00,16.015,0.19218000000000002
GSO_5,921b5057-9802-4094-b921-551288ad3d2e,2024-07-01 07:05:00+00:00,300,2025-01-01 07:00:00+00:00,15.9,0.19080000000000003
GSO_5,921b5057-9802-4094-b921-551288ad3d2e,2024-07-01 07:10:00+00:00,300,2025-01-01 07:00:00+00:00,15.858,0.19029600000000002
GSO_5,921b5057-9802-4094-b921-551288ad3d2e,2024-07-01 07:15:00+00:00,300,2025-01-01 07:00:00+00:00,15.844,0.19012800000000002
GSO_5,921b5057-9802-4094-b921-551288ad3d2e,2024-07-01 07:20:00+00:00,300,2025-01-01 07:00:00+00:00,15.901,0.190812
GSO_5,921b5057-9802-4094-b921-551288ad3d2e,2024-07-01 07:25:00+00:00,300,2025-01-01 07:00:00+00:00,15.73,0.18876
GSO_5,921b5057-9802-4094-b921-551288ad3d2e,2024-07-01 07:30:00+00:00,300,2025-01-01 07:00:00+00:00,15.798,0.18957600000000002
GSO_5,921b5057-9802-4094-b921-551288ad3d2e,2024-07-01 07:35:00+00:00,300,2025-01-01 07:00:00+00:00,15.618,0.18741600000000003
GSO_5,921b5057-9802-4094-b921-551288ad3d2e,2024-07-01 07:40:00+00:00,300,2025-01-01 07:00:00+00:00,15.659,0.18790800000000002
GSO_5,921b5057-9802-4094-b921-551288ad3d2e,2024-07-01 07:45:00+00:00,300,2025-01-01 07:00:00+00:00,15.665,0.18797999999999998
GSO_5,921b5057-9802-4094-b921-551288ad3d2e,2024-07-01 07:50:00+00:00,300,2025-01-01 07:00:00+00:00,15.641,0.187692
GSO_5,921b5057-9802-4094-b921-551288ad3d2e,2024-07-01 07:55:00+00:00,300,2025-01-01 07:00:00+00:00,15.641,0.187692
GSO_5,921b5057-9802-4094-b921-551288ad3d2e,2024-07-01 08:00:00+00:00,300,2025-01-01 07:00:00+00:00,16.005,0.19206
GSO_5,921b5057-9802-4094-b921-551288ad3d2e,2024-07-01 08:05:00+00:00,300,2025-01-01 07:00:00+00:00,15.794,0.18952800000000003
GSO_5,921b5057-9802-4094-b921-551288ad3d2e,2024-07-01 08:10:00+00:00,300,2025-01-01 07:00:00+00:00,15.816,0.18979200000000002
GSO_5,921b5057-9802-4094-b921-551288ad3d2e,2024-07-01 08:15:00+00:00,300,2025-01-01 07:00:00+00:00,15.689,0.188268
GSO_6,a5d804f2-bcf0-4e70-ad7f-9ffc889ca71a,2024-07-01 00:00:00+00:00,300,2025-01-01 07:00:00+00:00,19.713,0.23655600000000002
GSO_6,a5d804f2-bcf0-4e70-ad7f-9ffc889ca71a,2024-07-01 00:05:00+00:00,300,2025-01-01 07:00:00+00:00,19.691,0.236292
GSO_6,a5d804f2-bcf0-4e70-ad7f-9ffc889ca71a,2024-07-01 00:10:00+00:00,300,2025-01-01 07:00:00+00:00,19.93,0.23915999999999998
GSO_6,a5d804f2-bcf0-4e70-ad7f-9ffc889ca71a,2024-07-01 00:15:00+00:00,300,2025-01-01 07:00:00+00:00,20.047,0.24056400000000003
GSO_6,a5d804f2-bcf0-4e70-ad7f-9ffc889ca71a,2024-07-01 00:20:00+00:00,300,2025-01-01 07:00:00+00:00,19.591,0.23509200000000002
GSO_6,a5d804f2-bcf0-4e70-ad7f-9ffc889ca71a,2024-07-01 00:25:00+00:00,300,2025-01-01 07:00:00+00:00,19.71,0.23652
GSO_6,a5d804f2-bcf0-4e70-ad7f-9ffc889ca71a,2024-07-01 00:30:00+00:00,300,2025-01-01 07:00:00+00:00,19.765,0.23718
GSO_6,a5d804f2-bcf0-4e70-ad7f-9ffc889ca71a,2024-07-01 00:35:00+00:00,300,2025-01-01 07:00:00+00:00,19.544,0.23452800000000001
GSO_6,a5d804f2-bcf0-4e70-ad7f-9ffc889ca71a,2024-07-01 00:40:00+00:00,300,2025-01-01 07:00:00+00:00,19.607,0.235284
GSO_6,a5d804f2-bcf0-4e70-ad7f-9ffc889ca71a,2024-07-01 00:45:00+00:00,300,2025-01-01 07:00:00+00:00,19.81,0.23772
GSO_6,a5d804f2-bcf0-4e70-ad7f-9ffc889ca71a,2024-07-01 00:50:00+00:00,300,2025-01-01 07:00:00+00:00,19.746,0.236952
GSO_6,a5d804f2-bcf0-4e70-ad7f-9ffc889ca71a,2024-07-01 00:55:00+00:00,300,2025-01-01 07:00:00+00:00,19.412,0.23294399999999998
GSO_6,a5d804f2-bcf0-4e70-ad7f-9ffc889ca71a,2024-07-01 01:00:00+00:00,300,2025-01-01 07:00:00+00:00,19.465,0.23358
GSO_6,a5d804f2-bcf0-4e70-ad7f-9ffc889ca71a,2024-07-01 01:05:00+00:00,300,2025-01-01 07:00:00+00:00,19.479,0.23374799999999998
GSO_6,a5d804f2-bcf0-4e70-ad7f-9ffc889ca71a,2024-07-01 01:10:00+00:00,300,2025-01-01 07:00:00+00:00,19.36,0.23232
GSO_6,a5d804f2-bcf0-4e70-ad7f-9ffc889ca71a,2024-07-01 01:15:00+00:00,300,2025-01-01 07:00:00+00:00,19.484,0.23380800000000002
GSO_6,a5d804f2-bcf0-4e70-ad7f-9ffc889ca71a,2024-07-01 01:20:00+00:00,300,2025-01-01 07:00:00+00:00,19.399,0.23278800000000002
GSO_6,a5d804f2-bcf0-4e70-ad7f-9ffc889ca71a,2024-07-01 01:25:00+00:00,300,2025-01-01 07:00:00+00:00,19.509,0.234108
GSO_6,a5d804f2-bcf0-4e70-ad7f-9ffc889ca71a,2024-07-01 01:30:00+00:00,300,2025-01-01 07:00:00+00:00,19.29,0.23148
GSO_6,a5d804f2-bcf0-4e70-ad7f-9ffc889ca71a,2024-07-01 01:35:00+00:00,300,2025-01-01 07:00:00+00:00,19.454,0.23344800000000002
GSO_6,a5d804f2-bcf0-4e70-ad7f-9ffc889ca71a,2024-07-01 01:40:00+00:00,300,2025-01-01 07:00:00+00:00,19.679,0.236148
GSO_6,a5d804f2-bcf0-4e70-ad7f-9ffc889ca71a,2024-07-01 01:45:00+00:00,300,2025-01-01 07:00:00+00:00,19.622,0.235464
GSO_6,a5d804f2-bcf0-4e70-ad7f-9ffc889ca71a,2024-07-01 01:50:00+00:00,300,2025-01-01 07:00:00+00:00,19.616,0.235392
GSO_6,a5d804f2-bcf0-4e70-ad7f-9ffc889ca71a,2024-07-01 01:55:00+00:00,300,2025-01-01 07:00:00+00:00,19.848,0.238176
GSO_6,a5d804f2-bcf0-4e70-ad7f-9ffc889ca71a,2024-07-01 02:00:00+00:00,300,2025-01-01 07:00:00+00:00,19.435,0.23322
GSO_6,a5d804f2-bcf0-4e70-ad7f-9ffc889ca71a,2024-07-01 02:05:00+00:00,300,2025-01-01 07:00:00+00:00,19.563,0.234756
GSO_6,a5d804f2-bcf0-4e70-ad7f-9ffc889ca71a,2024-07-01 02:10:00+00:00,300,2025-01-01 07:00:00+00:00,19.687,0.23624400000000004
GSO_6,a5d804f2-bcf0-4e70-ad7f-9ffc889ca71a,2024-07-01 02:15:00+00:00,300,2025-01-01 07:00:00+00:00,19.74,0.23688
GSO_6,a5d804f2-bcf0-4e70-ad7f-9ffc889ca71a,2024-07-01 02:20:00+00:00,300,2025-01-01 07:00:00+00:00,19.697,0.236364
GSO_6,a5d804f2-bcf0-4e70-ad7f-9ffc889ca71a,2024-07-01 02:25:00+00:00,300,2025-01-01 07:00:00+00:00,19.756,0.237072
GSO_6,a5d804f2-bcf0-4e70-ad7f-9ffc889ca71a,2024-07-01 02:30:00+00:00,300,2025-01-01 07:00:00+00:00,19.718,0.23661600000000002
GSO_6,a5d804f2-bcf0-4e70-ad7f-9ffc889ca71a,2024-07-01 02:35:00+00:00,300,2025-01-01 07:00:00+00:00,19.599,0.235188
GSO_6,a5d804f2-bcf0-4e70-ad7f-9ffc889ca71a,2024-07-01 02:40:00+00:00,300,2025-01-01 07:00:00+00:00,19.852,0.23822400000000002
GSO_6,a5d804f2-bcf0-4e70-ad7f-9ffc889ca71a,2024-07-01 02:45:00+00:00,300,2025-01-01 07:00:00+00:00,19.734,0.23680800000000002
GSO_6,a5d804f2-bcf0-4e70-ad7f-9ffc889ca71a,2024-07-01 02:50:00+00:00,300,2025-01-01 07:00:00+00:00,19.57,0.23484
GSO_6,a5d804f2-bcf0-4e70-ad7f-9ffc889ca71a,2024-07-01 02:55:00+00:00,300,2025-01-01 07:00:00+00:00,19.651,0.23581200000000002
GSO_6,a5d804f2-bcf0-4e70-ad7f-9ffc889ca71a,2024-07-01 03:00:00+00:00,300,2025-01-01 07:00:00+00:00,21.77,0.26124
GSO_6,a5d804f2-bcf0-4e70-ad7f-9ffc889ca71a,2024-07-01 03:05:00+00:00,300,2025-01-01 07:00:00+00:00,21.1,0.25320000000000004
GSO_6,a5d804f2-bcf0-4e70-ad7f-9ffc889ca71a,2024-07-01 03:10:00+00:00,300,2025-01-01 07:00:00+00:00,20.997,0.251964
GSO_6,a5d804f2-bcf0-4e70-ad7f-9ffc889ca71a,2024-07-01 03:15:00+00:00,300,2025-01-01 07:00:00+00:00,20.617,0.247404
GSO_6,a5d804f2-bcf0-4e70-ad7f-9ffc889ca71a,2024-07-01 03:20:00+00:00,300,2025-01-01 07:00:00+00:00,20.259,0.243108
GSO_6,a5d804f2-bcf0-4e70-ad7f-9ffc889ca71a,2024-07-01 03:25:00+00:00,300,2025-01-01 07:00:00+00:00,20.097,0.24116400000000002
GSO_6,a5d804f2-bcf0-4e70-ad7f-9ffc889ca71a,2024-07-01 03:30:00+00:00,300,2025-01-01 07:00:00+00:00,19.533,0.23439600000000002
GSO_6,a5d804f2-bcf0-4e70-ad7f-9ffc889ca71a,2024-07-01 03:35:00+00:00,300,2025-01-01 07:00:00+00:00,19.264,0.231168
GSO_6,a5d804f2-bcf0-4e70-ad7f-9ffc889ca71a,2024-07-01 03:40:00+00:00,300,2025-01-01 07:00:00+00:00,18.886,0.226632
GSO_6,a5d804f2-bcf0-4e70-ad7f-9ffc889ca71a,2024-07-01 03:45:00+00:00,300,2025-01-01 07:00:00+00:00,18.536,0.22243200000000002
GSO_6,a5d804f2-bcf0-4e70-ad7f-9ffc889ca71a,2024-07-01 03:50:00+00:00,300,2025-01-01 07:00:00+00:00,18.187,0.21824400000000002
GSO_6,a5d804f2-bcf0-4e70-ad7f-9ffc889ca71a,2024-07-01 03:55:00+00:00,300,2025-01-01 07:00:00+00:00,17.916,0.21499200000000002
GSO_6,a5d804f2-bcf0-4e70-ad7f-9ffc889ca71a,2024-07-01 04:00:00+00:00,300,2025-01-01 07:00:00+00:00,15.435,0.18522000000000002
GSO_6,a5d804f2-bcf0-4e70-ad7f-9ffc889ca71a,2024-07-01 04:05:00+00:00,300,2025-01-01 07:00:00+00:00,15.318,0.183816
GSO_6,a5d804f2-bcf0-4e70-ad7f-9ffc889ca71a,2024-07-01 04:10:00+00:00,300,2025-01-01 07:00:00+00:00,15.518,0.18621600000000002
GSO_6,a5d804f2-bcf0-4e70-ad7f-9ffc889ca71a,2024-07-01 04:15:00+00:00,300,2025-01-01 07:00:00+00:00,15.419,0.18502800000000003
GSO_6,a5d804f2-bcf0-4e70-ad7f-9ffc889ca71a,2024-07-01 04:20:00+00:00,300,2025-01-01 07:00:00+00:00,15.593,0.187116
GSO_6,a5d804f2-bcf0-4e70-ad7f-9ffc889ca71a,2024-07-01 04:25:00+00:00,300,2025-01-01 07:00:00+00:00,15.591,0.187092
GSO_6,a5d804f2-bcf0-4e70-ad7f-9ffc889ca71a,2024-07-01 04:30:00+00:00,300,2025-01-01 07:00:00+00:00,15.719,0.18862800000000002
GSO_6,a5d804f2-bcf0-4e70-ad7f-9ffc889ca71a,2024-07-01 04:35:00+00:00,300,2025-01-01 07:00:00+00:00,15.956,0.191472
GSO_6,a5d804f2-bcf0-4e70-ad7f-9ffc889ca71a,2024-07-01 04:40:00+00:00,300,2025-01-01 07:00:00+00:00,15.803,0.18963600000000003
GSO_6,a5d804f2-bcf0-4e70-ad7f-9ffc889ca71a,2024-07-01 04:45:00+00:00,300,2025-01-01 07:00:00+00:00,15.888,0.190656
GSO_6,a5d804f2-bcf0-4e70-ad7f-9ffc889ca71a,2024-07-01 04:50:00+00:00,300,2025-01-01 07:00:00+00:00,15.98,0.19176
GSO_6,a5d804f2-bcf0-4e70-ad7f-9ffc889ca71a,2024-07-01 04:55:00+00:00,300,2025-01-01 07:00:00+00:00,16.058,0.192696
GSO_6,a5d804f2-bcf0-4e70-ad7f-9ffc889ca71a,2024-07-01 05:00:00+00:00,300,2025-01-01 07:00:00+00:00,16.711,0.200532
GSO_6,a5d804f2-bcf0-4e70-ad7f-9ffc889ca71a,2024-07-01 05:05:00+00:00,300,2025-01-01 07:00:00+00:00,16.75,0.201
GSO_6,a5d804f2-bcf0-4e70-ad7f-9ffc889ca71a,2024-07-01 05:10:00+00:00,300,2025-01-01 07:00:00+00:00,16.591,0.19909200000000002
GSO_6,a5d804f2-bcf0-4e70-ad7f-9ffc889ca71a,2024-07-01 05:15:00+00:00,300,2025-01-01 07:00:00+00:00,16.533,0.19839600000000002
GSO_6,a5d804f2-bcf0-4e70-ad7f-9ffc889ca71a,2024-07-01 05:20:00+00:00,300,2025-01-01 07:00:00+00:00,16.52,0.19824
GSO_6,a5d804f2-bcf0-4e70-ad7f-9ffc889ca71a,2024-07-01 05:25:00+00:00,300,2025-01-01 07:00:00+00:00,16.413,0.19695600000000002
GSO_6,a5d804f2-bcf0-4e70-ad7f-9ffc889ca71a,2024-07-01 05:30:00+00:00,300,2025-01-01 07:00:00+00:00,16.443,0.19731600000000002
GSO_6,a5d804f2-bcf0-4e70-ad7f-9ffc889ca71a,2024-07-01 05:35:00+00:00,300,2025-01-01 07:00:00+00:00,16.48,0.19776000000000002
GSO_6,a5d804f2-bcf0-4e70-ad7f-9ffc889ca71a,2024-07-01 05:40:00+00:00,300,2025-01-01 07:00:00+00:00,16.438,0.197256
GSO_6,a5d804f2-bcf0-4e70-ad7f-9ffc889ca71a,2024-07-01 05:45:00+00:00,300,2025-01-01 07:00:00+00:00,16.376,0.19651200000000002
GSO_6,a5d804f2-bcf0-4e70-ad7f-9ffc889ca71a,2024-07-01 05:50:00+00:00,300,2025-01-01 07:00:00+00:00,16.407,0.196884
GSO_6,a5d804f2-bcf0-4e70-ad7f-9ffc889ca71a,2024-07-01 05:55:00+00:00,300,2025-01-01 07:00:00+00:00,16.192,0.194304
GSO_6,a5d804f2-bcf0-4e70-ad7f-9ffc889ca71a,2024-07-01 06:00:00+00:00,300,2025-01-01 07:00:00+00:00,15.618,0.18741600000000003
GSO_6,a5d804f2-bcf0-4e70-ad7f-9ffc889ca71a,2024-07-01 06:05:00+00:00,300,2025-01-01 07:00:00+00:00,15.637,0.187644
GSO_6,a5d804f2-bcf0-4e70-ad7f-9ffc889ca71a,2024-07-01 06:10:00+00:00,300,2025-01-01 07:00:00+00:00,15.589,0.187068
GSO_6,a5d804f2-bcf0-4e70-ad7f-9ffc889ca71a,2024-07-01 06:15:00+00:00,300,2025-01-01 07:00:00+00:00,15.774,0.189288
GSO_6,a5d804f2-bcf0-4e70-ad7f-9ffc889ca71a,2024-07-01 06:20:00+00:00,300,2025-01-01 07:00:00+00:00,15.891,0.190692
GSO_6,a5d804f2-bcf0-4e70-ad7f-9ffc889ca71a,2024-07-01 06:25:00+00:00,300,2025-01-01 07:00:00+00:00,16.014,0.192168
GSO_6,a5d804f2-bcf0-4e70-ad7f-9ffc889ca71a,2024-07-01 06:30:00+00:00,300,2025-01-01 07:00:00+00:00,16.012,0.192144
GSO_6,a5d804f2-bcf0-4e70-ad7f-9ffc889ca71a,2024-07-01 06:35:00+00:00,300,2025-01-01 07:00:00+00:00,15.922,0.191064
GSO_6,a5d804f2-bcf0-4e70-ad7f-9ffc889ca71a,2024-07-01 06:40:00+00:00,300,2025-01-01 07:00:00+00:00,15.943,0.191316
GSO_6,a5d804f2-bcf0-4e70-ad7f-9ffc889ca71a,2024-07-01 06:45:00+00:00,300,2025-01-01 07:00:00+00:00,16.078,0.192936
GSO_6,a5d804f2-bcf0-4e70-ad7f-9ffc889ca71a,2024-07-01 06:50:00+00:00,300,2025-01-01 07:00:00+00:00,16.26,0.19512000000000004
GSO_6,a5d804f2-bcf0-4e70-ad7f-9ffc889ca71a,2024-07-01 06:55:00+00:00,300,2025-01-01 07:00:00+00:00,16.449,0.19738800000000004
GSO_6,a5d804f2-bcf0-4e70-ad7f-9ffc889ca71a,2024-07-01 07:00:00+00:00,300,2025-01-01 07:00:00+00:00,17.427,0.209124
GSO_6,a5d804f2-bcf0-4e70-ad7f-9ffc889ca71a,2024-07-01 07:05:00+00:00,300,2025-01-01 07:00:00+00:00,17.218,0.20661600000000002
GSO_6,a5d804f2-bcf0-4e70-ad7f-9ffc889ca71a,2024-07-01 07:10:00+00:00,300,2025-01-01 07:00:00+00:00,17.101,0.20521199999999998
GSO_6,a5d804f2-bcf0-4e70-ad7f-9ffc889ca71a,2024-07-01 07:15:00+00:00,300,2025-01-01 07:00:00+00:00,16.923,0.203076
GSO_6,a5d804f2-bcf0-4e70-ad7f-9ffc889ca71a,2024-07-01 07:20:00+00:00,300,2025-01-01 07:00:00+00:00,16.826,0.201912
GSO_6,a5d804f2-bcf0-4e70-ad7f-9ffc889ca71a,2024-07-01 07:25:00+00:00,300,2025-01-01 07:00:00+00:00,16.925,0.20310000000000003
GSO_6,a5d804f2-bcf0-4e70-ad7f-9ffc889ca71a,2024-07-01 07:30:00+00:00,300,2025-01-01 07:00:00+00:00,16.635,0.19962000000000002
GSO_6,a5d804f2-bcf0-4e70-ad7f-9ffc889ca71a,2024-07-01 07:35:00+00:00,300,2025-01-01 07:00:00+00:00,16.477,0.197724
GSO_6,a5d804f2-bcf0-4e70-ad7f-9ffc889ca71a,2024-07-01 07:40:00+00:00,300,2025-01-01 07:00:00+00:00,16.593,0.19911600000000002
GSO_6,a5d804f2-bcf0-4e70-ad7f-9ffc889ca71a,2024-07-01 07:45:00+00:00,300,2025-01-01 07:00:00+00:00,16.343,0.196116
GSO_6,a5d804f2-bcf0-4e70-ad7f-9ffc889ca71a,2024-07-01 07:50:00+00:00,300,2025-01-01 07:00:00+00:00,16.257,0.19508400000000004
GSO_6,a5d804f2-bcf0-4e70-ad7f-9ffc889ca71a,2024-07-01 07:55:00+00:00,300,2025-01-01 07:00:00+00:00,16.137,0.193644
GSO_6,a5d804f2-bcf0-4e70-ad7f-9ffc889ca71a,2024-07-01 08:00:00+00:00,300,2025-01-01 07:00:00+00:00,15.115,0.18138
GSO_6,a5d804f2-bcf0-4e70-ad7f-9ffc889ca71a,2024-07-01 08:05:00+00:00,300,2025-01-01 07:00:00+00:00,15.103,0.181236
GSO_6,a5d804f2-bcf0-4e70-ad7f-9ffc889ca71a,2024-07-01 08:10:00+00:00,300,2025-01-01 07:00:00+00:00,15.339,0.184068
GSO_6,a5d804f2-bcf0-4e70-ad7f-9ffc889ca71a,2024-07-01 08:15:00+00:00,300,2025-01-01 07:00:00+00:00,15.309,0.183708
GSO_6,145f4423-0120-41c0-a961-6f6b453e91a7,2024-07-01 00:00:00+00:00,300,2025-01-01 07:00:00+00:00,17.727,0.21272400000000002
GSO_6,145f4423-0120-41c0-a961-6f6b453e91a7,2024-07-01 00:05:00+00:00,300,2025-01-01 07:00:00+00:00,17.688,0.212256
GSO_6,145f4423-0120-41c0-a961-6f6b453e91a7,2024-07-01 00:10:00+00:00,300,2025-01-01 07:00:00+00:00,17.569,0.21082800000000002
GSO_6,145f4423-0120-41c0-a961-6f6b453e91a7,2024-07-01 00:15:00+00:00,300,2025-01-01 07:00:00+00:00,17.593,0.21111600000000003
GSO_6,145f4423-0120-41c0-a961-6f6b453e91a7,2024-07-01 00:20:00+00:00,300,2025-01-01 07:00:00+00:00,17.541,0.210492
GSO_6,145f4423-0120-41c0-a961-6f6b453e91a7,2024-07-01 00:25:00+00:00,300,2025-01-01 07:00:00+00:00,17.564,0.210768
GSO_6,145f4423-0120-41c0-a961-6f6b453e91a7,2024-07-01 00:30:00+00:00,300,2025-01-01 07:00:00+00:00,17.615,0.21137999999999998
GSO_6,145f4423-0120-41c0-a961-6f6b453e91a7,2024-07-01 00:35:00+00:00,300,2025-01-01 07:00:00+00:00,17.658,0.21189600000000003
GSO_6,145f4423-0120-41c0-a961-6f6b453e91a7,2024-07-01 00:40:00+00:00,300,2025-01-01 07:00:00+00:00,17.692,0.212304
GSO_6,145f4423-0120-41c0-a961-6f6b453e91a7,2024-07-01 00:45:00+00:00,300,2025-01-01 07:00:00+00:00,17.503,0.210036
GSO_6,145f4423-0120-41c0-a961-6f6b453e91a7,2024-07-01 00:50:00+00:00,300,2025-01-01 07:00:00+00:00,17.457,0.209484
GSO_6,145f4423-0120-41c0-a961-6f6b453e91a7,2024-07-01 00:55:00+00:00,300,2025-01-01 07:00:00+00:00,17.61,0.21131999999999998
GSO_6,145f4423-0120-41c0-a961-6f6b453e91a7,2024-07-01 01:00:00+00:00,300,2025-01-01 07:00:00+00:00,16.521,0.198252
GSO_6,145f4423-0120-41c0-a961-6f6b453e91a7,2024-07-01 01:05:00+00:00,300,2025-01-01 07:00:00+00:00,16.728,0.20073600000000003
GSO_6,145f4423-0120-41c0-a961-6f6b453e91a7,2024-07-01 01:10:00+00:00,300,2025-01-01 07:00:00+00:00,16.879,0.20254800000000003
GSO_6,145f4423-0120-41c0-a961-6f6b453e91a7,2024-07-01 01:15:00+00:00,300,2025-01-01 07:00:00+00:00,17.063,0.204756
GSO_6,145f4423-0120-41c0-a961-6f6b453e91a7,2024-07-01 01:20:00+00:00,300,2025-01-01 07:00:00+00:00,17.359,0.20830800000000002
GSO_6,145f4423-0120-41c0-a961-6f6b453e91a7,2024-07-01 01:25:00+00:00,300,2025-01-01 07:00:00+00:00,17.437,0.20924400000000004
GSO_6,145f4423-0120-41c0-a961-6f6b453e91a7,2024-07-01 01:30:00+00:00,300,2025-01-01 07:00:00+00:00,17.643,0.21171600000000002
GSO_6,145f4423-0120-41c0-a961-6f6b453e91a7,2024-07-01 01:35:00+00:00,300,2025-01-01 07:00:00+00:00,17.648,0.21177600000000002
GSO_6,145f4423-0120-41c0-a961-6f6b453e91a7,2024-07-01 01:40:00+00:00,300,2025-01-01 07:00:00+00:00,18.002,0.216024
GSO_6,145f4423-0120-41c0-a961-6f6b453e91a7,2024-07-01 01:45:00+00:00,300,2025-01-01 07:00:00+00:00,18.307,0.219684
GSO_6,145f4423-0120-41c0-a961-6f6b453e91a7,2024-07-01 01:50:00+00:00,300,2025-01-01 07:00:00+00:00,18.326,0.219912
GSO_6,145f4423-0120-41c0-a961-6f6b453e91a7,2024-07-01 01:55:00+00:00,300,2025-01-01 07:00:00+00:00,18.491,0.221892
GSO_6,145f4423-0120-41c0-a961-6f6b453e91a7,2024-07-01 02:00:00+00:00,300,2025-01-01 07:00:00+00:00,20.041,0.240492
GSO_6,145f4423-0120-41c0-a961-6f6b453e91a7,2024-07-01 02:05:00+00:00,300,2025-01-01 07:00:00+00:00,20.091,0.241092
GSO_6,145f4423-0120-41c0-a961-6f6b453e91a7,2024-07-01 02:10:00+00:00,300,2025-01-01 07:00:00+00:00,19.851,0.23821199999999998
GSO_6,145f4423-0120-41c0-a961-6f6b453e91a7,2024-07-01 02:15:00+00:00,300,2025-01-01 07:00:00+00:00,19.559,0.23470800000000003
GSO_6,145f4423-0120-41c0-a961-6f6b453e91a7,2024-07-01 02:20:00+00:00,300,2025-01-01 07:00:00+00:00,19.566,0.234792
GSO_6,145f4423-0120-41c0-a961-6f6b453e91a7,2024-07-01 02:25:00+00:00,300,2025-01-01 07:00:00+00:00,19.631,0.235572
GSO_6,145f4423-0120-41c0-a961-6f6b453e91a7,2024-07-01 02:30:00+00:00,300,2025-01-01 07:00:00+00:00,19.605,0.23526000000000002
GSO_6,145f4423-0120-41c0-a961-6f6b453e91a7,2024-07-01 02:35:00+00:00,300,2025-01-01 07:00:00+00:00,19.538,0.23445600000000003
GSO_6,145f4423-0120-41c0-a961-6f6b453e91a7,2024-07-01 02:40:00+00:00,300,2025-01-01 07:00:00+00:00,19.395,0.23274
GSO_6,145f4423-0120-41c0-a961-6f6b453e91a7,2024-07-01 02:45:00+00:00,300,2025-01-01 07:00:00+00:00,19.217,0.23060399999999998
GSO_6,145f4423-0120-41c0-a961-6f6b453e91a7,2024-07-01 02:50:00+00:00,300,2025-01-01 07:00:00+00:00,19.188,0.230256
GSO_6,145f4423-0120-41c0-a961-6f6b453e91a7,2024-07-01 02:55:00+00:00,300,2025-01-01 07:00:00+00:00,19.284,0.23140799999999997
GSO_6,145f4423-0120-41c0-a961-6f6b453e91a7,2024-07-01 03:00:00+00:00,300,2025-01-01 07:00:00+00:00,20.442,0.245304
GSO_6,145f4423-0120-41c0-a961-6f6b453e91a7,2024-07-01 03:05:00+00:00,300,2025-01-01 07:00:00+00:00,20.241,0.242892
GSO_6,145f4423-0120-41c0-a961-6f6b453e91a7,2024-07-01 03:10:00+00:00,300,2025-01-01 07:00:00+00:00,20.002,0.240024
GSO_6,145f4423-0120-41c0-a961-6f6b453e91a7,2024-07-01 03:15:00+00:00,300,2025-01-01 07:00:00+00:00,19.638,0.23565600000000003
GSO_6,145f4423-0120-41c0-a961-6f6b453e91a7,2024-07-01 03:20:00+00:00,300,2025-01-01 07:00:00+00:00,19.161,0.22993200000000003
GSO_6,145f4423-0120-41c0-a961-6f6b453e91a7,2024-07-01 03:25:00+00:00,300,2025-01-01 07:00:00+00:00,18.944,0.227328
GSO_6,145f4423-0120-41c0-a961-6f6b453e91a7,2024-07-01 03:30:00+00:00,300,2025-01-01 07:00:00+00:00,18.697,0.224364
GSO_6,145f4423-0120-41c0-a961-6f6b453e91a7,2024-07-01 03:35:00+00:00,300,2025-01-01 07:00:00+00:00,18.463,0.221556
GSO_6,145f4423-0120-41c0-a961-6f6b453e91a7,2024-07-01 03:40:00+00:00,300,2025-01-01 07:00:00+00:00,18.322,0.219864
GSO_6,145f4423-0120-41c0-a961-6f6b453e91a7,2024-07-01 03:45:00+00:00,300,2025-01-01 07:00:00+00:00,17.879,0.21454800000000002
GSO_6,145f4423-0120-41c0-a961-6f6b453e91a7,2024-07-01 03:50:00+00:00,300,2025-01-01 07:00:00+00:00,17.344,0.208128
GSO_6,145f4423-0120-41c0-a961-6f6b453e91a7,2024-07-01 03:55:00+00:00,300,2025-01-01 07:00:00+00:00,17.027,0.204324
GSO_6,145f4423-0120-41c0-a961-6f6b453e91a7,2024-07-01 04:00:00+00:00,300,2025-01-01 07:00:00+00:00,15.401,0.184812
GSO_6,145f4423-0120-41c0-a961-6f6b453e91a7,2024-07-01 04:05:00+00:00,300,2025-01-01 07:00:00+00:00,15.496,0.18595200000000003
GSO_6,145f4423-0120-41c0-a961-6f6b453e91a7,2024-07-01 04:10:00+00:00,300,2025-01-01 07:00:00+00:00,15.11,0.18131999999999998
GSO_6,145f4423-0120-41c0-a961-6f6b453e91a7,2024-07-01 04:15:00+00:00,300,2025-01-01 07:00:00+00:00,15.342,0.18410400000000002
GSO_6,145f4423-0120-41c0-a961-6f6b453e91a7,2024-07-01 04:20:00+00:00,300,2025-01-01 07:00:00+00:00,15.195,0.18234
GSO_6,145f4423-0120-41c0-a961-6f6b453e91a7,2024-07-01 04:25:00+00:00,300,2025-01-01 07:00:00+00:00,15.109,0.18130800000000002
GSO_6,145f4423-0120-41c0-a961-6f6b453e91a7,2024-07-01 04:30:00+00:00,300,2025-01-01 07:00:00+00:00,14.948,0.179376
GSO_6,145f4423-0120-41c0-a961-6f6b453e91a7,2024-07-01 04:35:00+00:00,300,2025-01-01 07:00:00+00:00,14.987,0.17984400000000003
GSO_6,145f4423-0120-41c0-a961-6f6b453e91a7,2024-07-01 04:40:00+00:00,300,2025-01-01 07:00:00+00:00,15.062,0.180744
GSO_6,145f4423-0120-41c0-a961-6f6b453e91a7,2024-07-01 04:45:00+00:00,300,2025-01-01 07:00:00+00:00,14.991,0.179892
GSO_6,145f4423-0120-41c0-a961-6f6b453e91a7,2024-07-01 04:50:00+00:00,300,2025-01-01 07:00:00+00:00,15.019,0.180228
GSO_6,145f4423-0120-41c0-a961-6f6b453e91a7,2024-07-01 04:55:00+00:00,300,2025-01-01 07:00:00+00:00,14.939,0.179268
GSO_6,145f4423-0120-41c0-a961-6f6b453e91a7,2024-07-01 05:00:00+00:00,300,2025-01-01 07:00:00+00:00,14.244,0.170928
GSO_6,145f4423-0120-41c0-a961-6f6b453e91a7,2024-07-01 05:05:00+00:00,300,2025-01-01 07:00:00+00:00,14.439,0.173268
GSO_6,145f4423-0120-41c0-a961-6f6b453e91a7,2024-07-01 05:10:00+00:00,300,2025-01-01 07:00:00+00:00,14.551,0.17461200000000002
GSO_6,145f4423-0120-41c0-a961-6f6b453e91a7,2024-07-01 05:15:00+00:00,300,2025-01-01 07:00:00+00:00,14.552,0.174624
GSO_6,145f4423-0120-41c0-a961-6f6b453e91a7,2024-07-01 05:20:00+00:00,300,2025-01-01 07:00:00+00:00,14.562,0.174744
GSO_6,145f4423-0120-41c0-a961-6f6b453e91a7,2024-07-01 05:25:00+00:00,300,2025-01-01 07:00:00+00:00,14.772,0.177264
GSO_6,145f4423-0120-41c0-a961-6f6b453e91a7,2024-07-01 05:30:00+00:00,300,2025-01-01 07:00:00+00:00,14.705,0.17646
GSO_6,145f4423-0120-41c0-a961-6f6b453e91a7,2024-07-01 05:35:00+00:00,300,2025-01-01 07:00:00+00:00,14.856,0.178272
GSO_6,145f4423-0120-41c0-a961-6f6b453e91a7,2024-07-01 05:40:00+00:00,300,2025-01-01 07:00:00+00:00,14.866,0.178392
GSO_6,145f4423-0120-41c0-a961-6f6b453e91a7,2024-07-01 05:45:00+00:00,300,2025-01-01 07:00:00+00:00,15.079,0.180948
GSO_6,145f4423-0120-41c0-a961-6f6b453e91a7,2024-07-01 05:50:00+00:00,300,2025-01-01 07:00:00+00:00,15.233,0.18279600000000001
GSO_6,145f4423-0120-41c0-a961-6f6b453e91a7,2024-07-01 05:55:00+00:00,300,2025-01-01 07:00:00+00:00,15.155,0.18186000000000002
GSO_6,145f4423-0120-41c0-a961-6f6b453e91a7,2024-07-01 06:00:00+00:00,300,2025-01-01 07:00:00+00:00,15.968,0.191616
GSO_6,145f4423-0120-41c0-a961-6f6b453e91a7,2024-07-01 06:05:00+00:00,300,2025-01-01 07:00:00+00:00,15.942,0.191304
GSO_6,145f4423-0120-41c0-a961-6f6b453e91a7,2024-07-01 06:10:00+00:00,300,2025-01-01 07:00:00+00:00,16.084,0.193008
GSO_6,145f4423-0120-41c0-a961-6f6b453e91a7,2024-07-01 06:15:00+00:00,300,2025-01-01 07:00:00+00:00,15.832,0.18998400000000001
GSO_6,145f4423-0120-41c0-a961-6f6b453e91a7,2024-07-01 06:20:00+00:00,300,2025-01-01 07:00:00+00:00,15.602,0.18722400000000003
GSO_6,145f4423-0120-41c0-a961-6f6b453e91a7,2024-07-01 06:25:00+00:00,300,2025-01-01 07:00:00+00:00,15.779,0.18934800000000002
GSO_6,145f4423-0120-41c0-a961-6f6b453e91a7,2024-07-01 06:30:00+00:00,300,2025-01-01 07:00:00+00:00,15.807,0.18968400000000002
GSO_6,145f4423-0120-41c0-a961-6f6b453e91a7,2024-07-01 06:35:00+00:00,300,2025-01-01 07:00:00+00:00,15.694,0.18832800000000002
GSO_6,145f4423-0120-41c0-a961-6f6b453e91a7,2024-07-01 06:40:00+00:00,300,2025-01-01 07:00:00+00:00,15.984,0.19180800000000003
GSO_6,145f4423-0120-41c0-a961-6f6b453e91a7,2024-07-01 06:45:00+00:00,300,2025-01-01 07:00:00+00:00,15.722,0.18866400000000003
GSO_6,145f4423-0120-41c0-a961-6f6b453e91a7,2024-07-01 06:50:00+00:00,300,2025-01-01 07:00:00+00:00,15.768,0.189216
GSO_6,145f4423-0120-41c0-a961-6f6b453e91a7,2024-07-01 06:55:00+00:00,300,2025-01-01 07:00:00+00:00,15.689,0.188268
GSO_6,145f4423-0120-41c0-a961-6f6b453e91a7,2024-07-01 07:00:00+00:00,300,2025-01-01 07:00:00+00:00,15.377,0.18452400000000002
GSO_6,145f4423-0120-41c0-a961-6f6b453e91a7,2024-07-01 07:05:00+00:00,300,2025-01-01 07:00:00+00:00,15.421,0.185052
GSO_6,145f4423-0120-41c0-a961-6f6b453e91a7,2024-07-01 07:10:00+00:00,300,2025-01-01 07:00:00+00:00,15.581,0.186972
GSO_6,145f4423-0120-41c0-a961-6f6b453e91a7,2024-07-01 07:15:00+00:00,300,2025-01-01 07:00:00+00:00,15.529,0.186348
GSO_6,145f4423-0120-41c0-a961-6f6b453e91a7,2024-07-01 07:20:00+00:00,300,2025-01-01 07:00:00+00:00,15.702,0.188424
GSO_6,145f4423-0120-41c0-a961-6f6b453e91a7,2024-07-01 07:25:00+00:00,300,2025-01-01 07:00:00+00:00,15.37,0.18444
GSO_6,145f4423-0120-41c0-a961-6f6b453e91a7,2024-07-01 07:30:00+00:00,300,2025-01-01 07:00:00+00:00,15.723,0.188676
GSO_6,145f4423-0120-41c0-a961-6f6b453e91a7,2024-07-01 07:35:00+00:00,300,2025-01-01 07:00:00+00:00,15.524,0.186288
GSO_6,145f4423-0120-41c0-a961-6f6b453e91a7,2024-07-01 07:40:00+00:00,300,2025-01-01 07:00:00+00:00,15.772,0.18926400000000002
GSO_6,145f4423-0120-41c0-a961-6f6b453e91a7,2024-07-01 07:45:00+00:00,300,2025-01-01 07:00:00+00:00,15.668,0.188016
GSO_6,145f4423-0120-41c0-a961-6f6b453e91a7,2024-07-01 07:50:00+00:00,300,2025-01-01 07:00:00+00:00,15.806,0.189672
GSO_6,145f4423-0120-41c0-a961-6f6b453e91a7,2024-07-01 07:55:00+00:00,300,2025-01-01 07:00:00+00:00,15.812,0.189744
GSO_6,145f4423-0120-41c0-a961-6f6b453e91a7,2024-07-01 08:00:00+00:00,300,2025-01-01 07:00:00+00:00,16.311,0.195732
GSO_6,145f4423-0120-41c0-a961-6f6b453e91a7,2024-07-01 08:05:00+00:00,300,2025-01-01 07:00:00+00:00,16.206,0.194472
GSO_6,145f4423-0120-41c0-a961-6f6b453e91a7,2024-07-01 08:10:00+00:00,300,2025-01-01 07:00:00+00:00,16.286,0.19543200000000002
GSO_6,145f4423-0120-41c0-a961-6f6b453e91a7,2024-07-01 08:15:00+00:00,300,2025-01-01 07:00:00+00:00,16.023,0.192276
GSO_6,120599d7-eee0-4966-bd20-36d9e2e8b089,2024-07-01 00:00:00+00:00,300,2025-01-01 07:00:00+00:00,17.318,0.20781600000000003
GSO_6,120599d7-eee0-4966-bd20-36d9e2e8b089,2024-07-01 00:05:00+00:00,300,2025-01-01 07:00:00+00:00,16.939,0.203268
GSO_6,120599d7-eee0-4966-bd20-36d9e2e8b089,2024-07-01 00:10:00+00:00,300,2025-01-01 07:00:00+00:00,16.938,0.203256
GSO_6,120599d7-eee0-4966-bd20-36d9e2e8b089,2024-07-01 00:15:00+00:00,300,2025-01-01 07:00:00+00:00,16.802,0.201624
GSO_6,120599d7-eee0-4966-bd20-36d9e2e8b089,2024-07-01 00:20:00+00:00,300,2025-01-01 07:00:00+00:00,16.588,0.199056
GSO_6,120599d7-eee0-4966-bd20-36d9e2e8b089,2024-07-01 00:25:00+00:00,300,2025-01-01 07:00:00+00:00,16.859,0.20230800000000002
GSO_6,120599d7-eee0-4966-bd20-36d9e2e8b089,2024-07-01 00:30:00+00:00,300,2025-01-01 07:00:00+00:00,16.657,0.199884
GSO_6,120599d7-eee0-4966-bd20-36d9e2e8b089,2024-07-01 00:35:00+00:00,300,2025-01-01 07:00:00+00:00,16.661,0.19993200000000003
GSO_6,120599d7-eee0-4966-bd20-36d9e2e8b089,2024-07-01 00:40:00+00:00,300,2025-01-01 07:00:00+00:00,16.423,0.197076
GSO_6,120599d7-eee0-4966-bd20-36d9e2e8b089,2024-07-01 00:45:00+00:00,300,2025-01-01 07:00:00+00:00,16.348,0.196176
GSO_6,120599d7-eee0-4966-bd20-36d9e2e8b089,2024-07-01 00:50:00+00:00,300,2025-01-01 07:00:00+00:00,16.346,0.19615200000000002
GSO_6,120599d7-eee0-4966-bd20-36d9e2e8b089,2024-07-01 00:55:00+00:00,300,2025-01-01 07:00:00+00:00,16.373,0.19647600000000004
GSO_6,120599d7-eee0-4966-bd20-36d9e2e8b089,2024-07-01 01:00:00+00:00,300,2025-01-01 07:00:00+00:00,15.457,0.185484
GSO_6,120599d7-eee0-4966-bd20-36d9e2e8b089,2024-07-01 01:05:00+00:00,300,2025-01-01 07:00:00+00:00,15.59,0.18708000000000002
GSO_6,120599d7-eee0-4966-bd20-36d9e2e8b089,2024-07-01 01:10:00+00:00,300,2025-01-01 07:00:00+00:00,15.503,0.186036
GSO_6,120599d7-eee0-4966-bd20-36d9e2e8b089,2024-07-01 01:15:00+00:00,300,2025-01-01 07:00:00+00:00,15.645,0.18774000000000002
GSO_6,120599d7-eee0-4966-bd20-36d9e2e8b089,2024-07-01 01:20:00+00:00,300,2025-01-01 07:00:00+00:00,15.749,0.18898800000000002
GSO_6,120599d7-eee0-4966-bd20-36d9e2e8b089,2024-07-01 01:25:00+00:00,300,2025-01-01 07:00:00+00:00,15.761,0.189132
GSO_6,120599d7-eee0-4966-bd20-36d9e2e8b089,2024-07-01 01:30:00+00:00,300,2025-01-01 07:00:00+00:00,16.074,0.19288800000000003
GSO_6,120599d7-eee0-4966-bd20-36d9e2e8b089,2024-07-01 01:35:00+00:00,300,2025-01-01 07:00:00+00:00,16.028,0.19233599999999998
GSO_6,120599d7-eee0-4966-bd20-36d9e2e8b089,2024-07-01 01:40:00+00:00,300,2025-01-01 07:00:00+00:00,15.98,0.19176
GSO_6,120599d7-eee0-4966-bd20-36d9e2e8b089,2024-07-01 01:45:00+00:00,300,2025-01-01 07:00:00+00:00,16.16,0.19392
GSO_6,120599d7-eee0-4966-bd20-36d9e2e8b089,2024-07-01 01:50:00+00:00,300,2025-01-01 07:00:00+00:00,16.308,0.195696
GSO_6,120599d7-eee0-4966-bd20-36d9e2e8b089,2024-07-01 01:55:00+00:00,300,2025-01-01 07:00:00+00:00,16.336,0.19603199999999998
GSO_6,120599d7-eee0-4966-bd20-36d9e2e8b089,2024-07-01 02:00:00+00:00,300,2025-01-01 07:00:00+00:00,16.837,0.202044
GSO_6,120599d7-eee0-4966-bd20-36d9e2e8b089,2024-07-01 02:05:00+00:00,300,2025-01-01 07:00:00+00:00,16.888,0.20265600000000003
GSO_6,120599d7-eee0-4966-bd20-36d9e2e8b089,2024-07-01 02:10:00+00:00,300,2025-01-01 07:00:00+00:00,16.635,0.19962000000000002
GSO_6,120599d7-eee0-4966-bd20-36d9e2e8b089,2024-07-01 02:15:00+00:00,300,2025-01-01 07:00:00+00:00,16.913,0.20295600000000003
GSO_6,120599d7-eee0-4966-bd20-36d9e2e8b089,2024-07-01 02:20:00+00:00,300,2025-01-01 07:00:00+00:00,16.587,0.199044
GSO_6,120599d7-eee0-4966-bd20-36d9e2e8b089,2024-07-01 02:25:00+00:00,300,2025-01-01 07:00:00+00:00,16.755,0.20106
GSO_6,120599d7-eee0-4966-bd20-36d9e2e8b089,2024-07-01 02:30:00+00:00,300,2025-01-01 07:00:00+00:00,16.722,0.200664
GSO_6,120599d7-eee0-4966-bd20-36d9e2e8b089,2024-07-01 02:35:00+00:00,300,2025-01-01 07:00:00+00:00,16.913,0.20295600000000003
GSO_6,120599d7-eee0-4966-bd20-36d9e2e8b089,2024-07-01 02:40:00+00:00,300,2025-01-01 07:00:00+00:00,16.584,0.19900800000000002
GSO_6,120599d7-eee0-4966-bd20-36d9e2e8b089,2024-07-01 02:45:00+00:00,300,2025-01-01 07:00:00+00:00,16.708,0.20049599999999998
GSO_6,120599d7-eee0-4966-bd20-36d9e2e8b089,2024-07-01 02:50:00+00:00,300,2025-01-01 07:00:00+00:00,16.703,0.200436
GSO_6,120599d7-eee0-4966-bd20-36d9e2e8b089,2024-07-01 02:55:00+00:00,300,2025-01-01 07:00:00+00:00,16.538,0.19845600000000002
GSO_6,120599d7-eee0-4966-bd20-36d9e2e8b089,2024-07-01 03:00:00+00:00,300,2025-01-01 07:00:00+00:00,18.112,0.21734399999999998
GSO_6,120599d7-eee0-4966-bd20-36d9e2e8b089,2024-07-01 03:05:00+00:00,300,2025-01-01 07:00:00+00:00,17.704,0.212448
GSO_6,120599d7-eee0-4966-bd20-36d9e2e8b089,2024-07-01 03:10:00+00:00,300,2025-01-01 07:00:00+00:00,17.455,0.20945999999999998
GSO_6,120599d7-eee0-4966-bd20-36d9e2e8b089,2024-07-01 03:15:00+00:00,300,2025-01-01 07:00:00+00:00,17.407,0.20888400000000001
GSO_6,120599d7-eee0-4966-bd20-36d9e2e8b089,2024-07-01 03:20:00+00:00,300,2025-01-01 07:00:00+00:00,16.755,0.20106
GSO_6,120599d7-eee0-4966-bd20-36d9e2e8b089,2024-07-01 03:25:00+00:00,300,2025-01-01 07:00:00+00:00,16.713,0.200556
GSO_6,120599d7-eee0-4966-bd20-36d9e2e8b089,2024-07-01 03:30:00+00:00,300,2025-01-01 07:00:00+00:00,16.44,0.19728000000000004
GSO_6,120599d7-eee0-4966-bd20-36d9e2e8b089,2024-07-01 03:35:00+00:00,300,2025-01-01 07:00:00+00:00,16.299,0.19558799999999998
GSO_6,120599d7-eee0-4966-bd20-36d9e2e8b089,2024-07-01 03:40:00+00:00,300,2025-01-01 07:00:00+00:00,16.065,0.19278000000000003
GSO_6,120599d7-eee0-4966-bd20-36d9e2e8b089,2024-07-01 03:45:00+00:00,300,2025-01-01 07:00:00+00:00,15.52,0.18624000000000002
GSO_6,120599d7-eee0-4966-bd20-36d9e2e8b089,2024-07-01 03:50:00+00:00,300,2025-01-01 07:00:00+00:00,15.681,0.188172
GSO_6,120599d7-eee0-4966-bd20-36d9e2e8b089,2024-07-01 03:55:00+00:00,300,2025-01-01 07:00:00+00:00,15.207,0.182484
GSO_6,120599d7-eee0-4966-bd20-36d9e2e8b089,2024-07-01 04:00:00+00:00,300,2025-01-01 07:00:00+00:00,13.47,0.16164
GSO_6,120599d7-eee0-4966-bd20-36d9e2e8b089,2024-07-01 04:05:00+00:00,300,2025-01-01 07:00:00+00:00,13.621,0.16345200000000001
GSO_6,120599d7-eee0-4966-bd20-36d9e2e8b089,2024-07-01 04:10:00+00:00,300,2025-01-01 07:00:00+00:00,13.483,0.16179600000000002
GSO_6,120599d7-eee0-4966-bd20-36d9e2e8b089,2024-07-01 04:15:00+00:00,300,2025-01-01 07:00:00+00:00,13.576,0.162912
GSO_6,120599d7-eee0-4966-bd20-36d9e2e8b089,2024-07-01 04:20:00+00:00,300,2025-01-01 07:00:00+00:00,13.284,0.15940800000000002
GSO_6,120599d7-eee0-4966-bd20-36d9e2e8b089,2024-07-01 04:25:00+00:00,300,2025-01-01 07:00:00+00:00,13.283,0.159396
GSO_6,120599d7-eee0-4966-bd20-36d9e2e8b089,2024-07-01 04:30:00+00:00,300,2025-01-01 07:00:00+00:00,13.384,0.160608
GSO_6,120599d7-eee0-4966-bd20-36d9e2e8b089,2024-07-01 04:35:00+00:00,300,2025-01-01 07:00:00+00:00,13.32,0.15984
GSO_6,120599d7-eee0-4966-bd20-36d9e2e8b089,2024-07-01 04:40:00+00:00,300,2025-01-01 07:00:00+00:00,13.3,0.15960000000000002
GSO_6,120599d7-eee0-4966-bd20-36d9e2e8b089,2024-07-01 04:45:00+00:00,300,2025-01-01 07:00:00+00:00,13.455,0.16146000000000002
GSO_6,120599d7-eee0-4966-bd20-36d9e2e8b089,2024-07-01 04:50:00+00:00,300,2025-01-01 07:00:00+00:00,13.171,0.158052
GSO_6,120599d7-eee0-4966-bd20-36d9e2e8b089,2024-07-01 04:55:00+00:00,300,2025-01-01 07:00:00+00:00,13.348,0.160176
GSO_6,120599d7-eee0-4966-bd20-36d9e2e8b089,2024-07-01 05:00:00+00:00,300,2025-01-01 07:00:00+00:00,13.27,0.15924000000000002
GSO_6,120599d7-eee0-4966-bd20-36d9e2e8b089,2024-07-01 05:05:00+00:00,300,2025-01-01 07:00:00+00:00,13.081,0.156972
GSO_6,120599d7-eee0-4966-bd20-36d9e2e8b089,2024-07-01 05:10:00+00:00,300,2025-01-01 07:00:00+00:00,13.157,0.15788400000000002
GSO_6,120599d7-eee0-4966-bd20-36d9e2e8b089,2024-07-01 05:15:00+00:00,300,2025-01-01 07:00:00+00:00,13.224,0.15868800000000002
GSO_6,120599d7-eee0-4966-bd20-36d9e2e8b089,2024-07-01 05:20:00+00:00,300,2025-01-01 07:00:00+00:00,13.169,0.15802800000000003
GSO_6,120599d7-eee0-4966-bd20-36d9e2e8b089,2024-07-01 05:25:00+00:00,300,2025-01-01 07:00:00+00:00,13.248,0.158976
GSO_6,120599d7-eee0-4966-bd20-36d9e2e8b089,2024-07-01 05:30:00+00:00,300,2025-01-01 07:00:00+00:00,13.204,0.158448
GSO_6,120599d7-eee0-4966-bd20-36d9e2e8b089,2024-07-01 05:35:00+00:00,300,2025-01-01 07:00:00+00:00,13.143,0.157716
GSO_6,120599d7-eee0-4966-bd20-36d9e2e8b089,2024-07-01 05:40:00+00:00,300,2025-01-01 07:00:00+00:00,13.3,0.15960000000000002
GSO_6,120599d7-eee0-4966-bd20-36d9e2e8b089,2024-07-01 05:45:00+00:00,300,2025-01-01 07:00:00+00:00,13.323,0.15987600000000002
GSO_6,120599d7-eee0-4966-bd20-36d9e2e8b089,2024-07-01 05:50:00+00:00,300,2025-01-01 07:00:00+00:00,13.437,0.161244
GSO_6,120599d7-eee0-4966-bd20-36d9e2e8b089,2024-07-01 05:55:00+00:00,300,2025-01-01 07:00:00+00:00,13.353,0.16023600000000002
GSO_6,120599d7-eee0-4966-bd20-36d9e2e8b089,2024-07-01 06:00:00+00:00,300,2025-01-01 07:00:00+00:00,13.67,0.16404000000000002
GSO_6,120599d7-eee0-4966-bd20-36d9e2e8b089,2024-07-01 06:05:00+00:00,300,2025-01-01 07:00:00+00:00,13.482,0.16178399999999998
GSO_6,120599d7-eee0-4966-bd20-36d9e2e8b089,2024-07-01 06:10:00+00:00,300,2025-01-01 07:00:00+00:00,13.726,0.16471200000000003
GSO_6,120599d7-eee0-4966-bd20-36d9e2e8b089,2024-07-01 06:15:00+00:00,300,2025-01-01 07:00:00+00:00,13.63,0.16356000000000004
GSO_6,120599d7-eee0-4966-bd20-36d9e2e8b089,2024-07-01 06:20:00+00:00,300,2025-01-01 07:00:00+00:00,13.609,0.163308
GSO_6,120599d7-eee0-4966-bd20-36d9e2e8b089,2024-07-01 06:25:00+00:00,300,2025-01-01 07:00:00+00:00,13.429,0.161148
GSO_6,120599d7-eee0-4966-bd20-36d9e2e8b089,2024-07-01 06:30:00+00:00,300,2025-01-01 07:00:00+00:00,13.461,0.161532
GSO_6,120599d7-eee0-4966-bd20-36d9e2e8b089,2024-07-01 06:35:00+00:00,300,2025-01-01 07:00:00+00:00,13.606,0.16327200000000003
GSO_6,120599d7-eee0-4966-bd20-36d9e2e8b089,2024-07-01 06:40:00+00:00,300,2025-01-01 07:00:00+00:00,13.528,0.162336
GSO_6,120599d7-eee0-4966-bd20-36d9e2e8b089,2024-07-01 06:45:00+00:00,300,2025-01-01 07:00:00+00:00,13.368,0.16041600000000003
GSO_6,120599d7-eee0-4966-bd20-36d9e2e8b089,2024-07-01 06:50:00+00:00,300,2025-01-01 07:00:00+00:00,13.349,0.16018800000000002
GSO_6,120599d7-eee0-4966-bd20-36d9e2e8b089,2024-07-01 06:55:00+00:00,300,2025-01-01 07:00:00+00:00,13.365,0.16038000000000002
GSO_6,120599d7-eee0-4966-bd20-36d9e2e8b089,2024-07-01 07:00:00+00:00,300,2025-01-01 07:00:00+00:00,13.197,0.158364
GSO_6,120599d7-eee0-4966-bd20-36d9e2e8b089,2024-07-01 07:05:00+00:00,300,2025-01-01 07:00:00+00:00,13.302,0.159624
GSO_6,120599d7-eee0-4966-bd20-36d9e2e8b089,2024-07-01 07:10:00+00:00,300,2025-01-01 07:00:00+00:00,13.316,0.15979200000000002
GSO_6,120599d7-eee0-4966-bd20-36d9e2e8b089,2024-07-01 07:15:00+00:00,300,2025-01-01 07:00:00+00:00,13.215,0.15858
GSO_6,120599d7-eee0-4966-bd20-36d9e2e8b089,2024-07-01 07:20:00+00:00,300,2025-01-01 07:00:00+00:00,13.166,0.15799200000000002
GSO_6,120599d7-eee0-4966-bd20-36d9e2e8b089,2024-07-01 07:25:00+00:00,300,2025-01-01 07:00:00+00:00,13.26,0.15912
GSO_6,120599d7-eee0-4966-bd20-36d9e2e8b089,2024-07-01 07:30:00+00:00,300,2025-01-01 07:00:00+00:00,13.133,0.157596
GSO_6,120599d7-eee0-4966-bd20-36d9e2e8b089,2024-07-01 07:35:00+00:00,300,2025-01-01 07:00:00+00:00,13.134,0.157608
GSO_6,120599d7-eee0-4966-bd20-36d9e2e8b089,2024-07-01 07:40:00+00:00,300,2025-01-01 07:00:00+00:00,13.075,0.1569
GSO_6,120599d7-eee0-4966-bd20-36d9e2e8b089,2024-07-01 07:45:00+00:00,300,2025-01-01 07:00:00+00:00,13.205,0.15846000000000002
GSO_6,120599d7-eee0-4966-bd20-36d9e2e8b089,2024-07-01 07:50:00+00:00,300,2025-01-01 07:00:00+00:00,13.181,0.158172
GSO_6,120599d7-eee0-4966-bd20-36d9e2e8b089,2024-07-01 07:55:00+00:00,300,2025-01-01 07:00:00+00:00,13.243,0.15891600000000003
GSO_6,120599d7-eee0-4966-bd20-36d9e2e8b089,2024-07-01 08:00:00+00:00,300,2025-01-01 07:00:00+00:00,12.66,0.15192000000000003
GSO_6,120599d7-eee0-4966-bd20-36d9e2e8b089,2024-07-01 08:05:00+00:00,300,2025-01-01 07:00:00+00:00,12.902,0.15482400000000002
GSO_6,120599d7-eee0-4966-bd20-36d9e2e8b089,2024-07-01 08:10:00+00:00,300,2025-01-01 07:00:00+00:00,12.712,0.152544
GSO_6,120599d7-eee0-4966-bd20-36d9e2e8b089,2024-07-01 08:15:00+00:00,300,2025-01-01 07:00:00+00:00,12.782,0.15338400000000002
GSO_7,7c4e0a27-0ba8-4589-8efa-9d78e22aeea7,2024-07-01 00:00:00+00:00,300,2025-01-01 07:00:00+00:00,2.046,0.024552
GSO_7,7c4e0a27-0ba8-4589-8efa-9d78e22aeea7,2024-07-01 00:05:00+00:00,300,2025-01-01 07:00:00+00:00,2.007,0.024084000000000005
GSO_7,7c4e0a27-0ba8-4589-8efa-9d78e22aeea7,2024-07-01 00:10:00+00:00,300,2025-01-01 07:00:00+00:00,1.962,0.023544
GSO_7,7c4e0a27-0ba8-4589-8efa-9d78e22aeea7,2024-07-01 00:15:00+00:00,300,2025-01-01 07:00:00+00:00,1.932,0.023184
GSO_7,7c4e0a27-0ba8-4589-8efa-9d78e22aeea7,2024-07-01 00:20:00+00:00,300,2025-01-01 07:00:00+00:00,1.897,0.022764000000000003
GSO_7,7c4e0a27-0ba8-4589-8efa-9d78e22aeea7,2024-07-01 00:25:00+00:00,300,2025-01-01 07:00:00+00:00,1.866,0.022392000000000002
GSO_7,7c4e0a27-0ba8-4589-8efa-9d78e22aeea7,2024-07-01 00:30:00+00:00,300,2025-01-01 07:00:00+00:00,1.801,0.021612000000000003
GSO_7,7c4e0a27-0ba8-4589-8efa-9d78e22aeea7,2024-07-01 00:35:00+00:00,300,2025-01-01 07:00:00+00:00,1.784,0.021408
GSO_7,7c4e0a27-0ba8-4589-8efa-9d78e22aeea7,2024-07-01 00:40:00+00:00,300,2025-01-01 07:00:00+00:00,1.727,0.020724000000000003
GSO_7,7c4e0a27-0ba8-4589-8efa-9d78e22aeea7,2024-07-01 00:45:00+00:00,300,2025-01-01 07:00:00+00:00,1.707,0.020484000000000002
GSO_7,7c4e0a27-0ba8-4589-8efa-9d78e22aeea7,2024-07-01 00:50:00+00:00,300,2025-01-01 07:00:00+00:00,1.681,0.020172
GSO_7,7c4e0a27-0ba8-4589-8efa-9d78e22aeea7,2024-07-01 00:55:00+00:00,300,2025-01-01 07:00:00+00:00,1.639,0.019668
GSO_7,7c4e0a27-0ba8-4589-8efa-9d78e22aeea7,2024-07-01 01:00:00+00:00,300,2025-01-01 07:00:00+00:00,1.36,0.016320000000000005
GSO_7,7c4e0a27-0ba8-4589-8efa-9d78e22aeea7,2024-07-01 01:05:00+00:00,300,2025-01-01 07:00:00+00:00,1.364,0.016368
GSO_7,7c4e0a27-0ba8-4589-8efa-9d78e22aeea7,2024-07-01 01:10:00+00:00,300,2025-01-01 07:00:00+00:00,1.357,0.016284000000000003
GSO_7,7c4e0a27-0ba8-4589-8efa-9d78e22aeea7,2024-07-01 01:15:00+00:00,300,2025-01-01 07:00:00+00:00,1.377,0.016524
GSO_7,7c4e0a27-0ba8-4589-8efa-9d78e22aeea7,2024-07-01 01:20:00+00:00,300,2025-01-01 07:00:00+00:00,1.376,0.016512
GSO_7,7c4e0a27-0ba8-4589-8efa-9d78e22aeea7,2024-07-01 01:25:00+00:00,300,2025-01-01 07:00:00+00:00,1.393,0.016716
GSO_7,7c4e0a27-0ba8-4589-8efa-9d78e22aeea7,2024-07-01 01:30:00+00:00,300,2025-01-01 07:00:00+00:00,1.374,0.016488000000000003
GSO_7,7c4e0a27-0ba8-4589-8efa-9d78e22aeea7,2024-07-01 01:35:00+00:00,300,2025-01-01 07:00:00+00:00,1.374,0.016488000000000003
GSO_7,7c4e0a27-0ba8-4589-8efa-9d78e22aeea7,2024-07-01 01:40:00+00:00,300,2025-01-01 07:00:00+00:00,1.394,0.016728
GSO_7,7c4e0a27-0ba8-4589-8efa-9d78e22aeea7,2024-07-01 01:45:00+00:00,300,2025-01-01 07:00:00+00:00,1.393,0.016716
GSO_7,7c4e0a27-0ba8-4589-8efa-9d78e22aeea7,2024-07-01 01:50:00+00:00,300,2025-01-01 07:00:00+00:00,1.396,0.016752
GSO_7,7c4e0a27-0ba8-4589-8efa-9d78e22aeea7,2024-07-01 01:55:00+00:00,300,2025-01-01 07:00:00+00:00,1.412,0.016944
GSO_7,7c4e0a27-0ba8-4589-8efa-9d78e22aeea7,2024-07-01 02:00:00+00:00,300,2025-01-01 07:00:00+00:00,1.393,0.016716
GSO_7,7c4e0a27-0ba8-4589-8efa-9d78e22aeea7,2024-07-01 02:05:00+00:00,300,2025-01-01 07:00:00+00:00,1.407,0.016884
GSO_7,7c4e0a27-0ba8-4589-8efa-9d78e22aeea7,2024-07-01 02:10:00+00:00,300,2025-01-01 07:00:00+00:00,1.404,0.016848
GSO_7,7c4e0a27-0ba8-4589-8efa-9d78e22aeea7,2024-07-01 02:15:00+00:00,300,2025-01-01 07:00:00+00:00,1.411,0.016932000000000003
GSO_7,7c4e0a27-0ba8-4589-8efa-9d78e22aeea7,2024-07-01 02:20:00+00:00,300,2025-01-01 07:00:00+00:00,1.423,0.017076
GSO_7,7c4e0a27-0ba8-4589-8efa-9d78e22aeea7,2024-07-01 02:25:00+00:00,300,2025-01-01 07:00:00+00:00,1.425,0.0171
GSO_7,7c4e0a27-0ba8-4589-8efa-9d78e22aeea7,2024-07-01 02:30:00+00:00,300,2025-01-01 07:00:00+00:00,1.431,0.017172
GSO_7,7c4e0a27-0ba8-4589-8efa-9d78e22aeea7,2024-07-01 02:35:00+00:00,300,2025-01-01 07:00:00+00:00,1.435,0.017220000000000003
GSO_7,7c4e0a27-0ba8-4589-8efa-9d78e22aeea7,2024-07-01 02:40:00+00:00,300,2025-01-01 07:00:00+00:00,1.435,0.017220000000000003
GSO_7,7c4e0a27-0ba8-4589-8efa-9d78e22aeea7,2024-07-01 02:45:00+00:00,300,2025-01-01 07:00:00+00:00,1.441,0.017292000000000002
GSO_7,7c4e0a27-0ba8-4589-8efa-9d78e22aeea7,2024-07-01 02:50:00+00:00,300,2025-01-01 07:00:00+00:00,1.438,0.017256
GSO_7,7c4e0a27-0ba8-4589-8efa-9d78e22aeea7,2024-07-01 02:55:00+00:00,300,2025-01-01 07:00:00+00:00,1.457,0.017484000000000003
GSO_7,7c4e0a27-0ba8-4589-8efa-9d78e22aeea7,2024-07-01 03:00:00+00:00,300,2025-01-01 07:00:00+00:00,1.565,0.01878
GSO_7,7c4e0a27-0ba8-4589-8efa-9d78e22aeea7,2024-07-01 03:05:00+00:00,300,2025-01-01 07:00:00+00:00,1.545,0.018539999999999997
GSO_7,7c4e0a27-0ba8-4589-8efa-9d78e22aeea7,2024-07-01 03:10:00+00:00,300,2025-01-01 07:00:00+00:00,1.511,0.018132000000000002
GSO_7,7c4e0a27-0ba8-4589-8efa-9d78e22aeea7,2024-07-01 03:15:00+00:00,300,2025-01-01 07:00:00+00:00,1.525,0.0183
GSO_7,7c4e0a27-0ba8-4589-8efa-9d78e22aeea7,2024-07-01 03:20:00+00:00,300,2025-01-01 07:00:00+00:00,1.507,0.018084
GSO_7,7c4e0a27-0ba8-4589-8efa-9d78e22aeea7,2024-07-01 03:25:00+00:00,300,2025-01-01 07:00:00+00:00,1.491,0.017892
GSO_7,7c4e0a27-0ba8-4589-8efa-9d78e22aeea7,2024-07-01 03:30:00+00:00,300,2025-01-01 07:00:00+00:00,1.493,0.017916000000000005
GSO_7,7c4e0a27-0ba8-4589-8efa-9d78e22aeea7,2024-07-01 03:35:00+00:00,300,2025-01-01 07:00:00+00:00,1.474,0.017688000000000002
GSO_7,7c4e0a27-0ba8-4589-8efa-9d78e22aeea7,2024-07-01 03:40:00+00:00,300,2025-01-01 07:00:00+00:00,1.45,0.017400000000000002
GSO_7,7c4e0a27-0ba8-4589-8efa-9d78e22aeea7,2024-07-01 03:45:00+00:00,300,2025-01-01 07:00:00+00:00,1.45,0.017400000000000002
GSO_7,7c4e0a27-0ba8-4589-8efa-9d78e22aeea7,2024-07-01 03:50:00+00:00,300,2025-01-01 07:00:00+00:00,1.427,0.017124000000000004
GSO_7,7c4e0a27-0ba8-4589-8efa-9d78e22aeea7,2024-07-01 03:55:00+00:00,300,2025-01-01 07:00:00+00:00,1.43,0.01716
GSO_7,7c4e0a27-0ba8-4589-8efa-9d78e22aeea7,2024-07-01 04:00:00+00:00,300,2025-01-01 07:00:00+00:00,1.372,0.016464000000000003
GSO_7,7c4e0a27-0ba8-4589-8efa-9d78e22aeea7,2024-07-01 04:05:00+00:00,300,2025-01-01 07:00:00+00:00,1.375,0.0165
GSO_7,7c4e0a27-0ba8-4589-8efa-9d78e22aeea7,2024-07-01 04:10:00+00:00,300,2025-01-01 07:00:00+00:00,1.359,0.016308
GSO_7,7c4e0a27-0ba8-4589-8efa-9d78e22aeea7,2024-07-01 04:15:00+00:00,300,2025-01-01 07:00:00+00:00,1.369,0.016428
GSO_7,7c4e0a27-0ba8-4589-8efa-9d78e22aeea7,2024-07-01 04:20:00+00:00,300,2025-01-01 07:00:00+00:00,1.357,0.016284000000000003
GSO_7,7c4e0a27-0ba8-4589-8efa-9d78e22aeea7,2024-07-01 04:25:00+00:00,300,2025-01-01 07:00:00+00:00,1.353,0.016236
GSO_7,7c4e0a27-0ba8-4589-8efa-9d78e22aeea7,2024-07-01 04:30:00+00:00,300,2025-01-01 07:00:00+00:00,1.347,0.016164
GSO_7,7c4e0a27-0ba8-4589-8efa-9d78e22aeea7,2024-07-01 04:35:00+00:00,300,2025-01-01 07:00:00+00:00,1.349,0.016188
GSO_7,7c4e0a27-0ba8-4589-8efa-9d78e22aeea7,2024-07-01 04:40:00+00:00,300,2025-01-01 07:00:00+00:00,1.345,0.01614
GSO_7,7c4e0a27-0ba8-4589-8efa-9d78e22aeea7,2024-07-01 04:45:00+00:00,300,2025-01-01 07:00:00+00:00,1.339,0.016068000000000002
GSO_7,7c4e0a27-0ba8-4589-8efa-9d78e22aeea7,2024-07-01 04:50:00+00:00,300,2025-01-01 07:00:00+00:00,1.322,0.015864
GSO_7,7c4e0a27-0ba8-4589-8efa-9d78e22aeea7,2024-07-01 04:55:00+00:00,300,2025-01-01 07:00:00+00:00,1.342,0.016104000000000004
GSO_7,7c4e0a27-0ba8-4589-8efa-9d78e22aeea7,2024-07-01 05:00:00+00:00,300,2025-01-01 07:00:00+00:00,1.395,0.01674
GSO_7,7c4e0a27-0ba8-4589-8efa-9d78e22aeea7,2024-07-01 05:05:00+00:00,300,2025-01-01 07:00:00+00:00,1.374,0.016488000000000003
GSO_7,7c4e0a27-0ba8-4589-8efa-9d78e22aeea7,2024-07-01 05:10:00+00:00,300,2025-01-01 07:00:00+00:00,1.363,0.016356000000000002
GSO_7,7c4e0a27-0ba8-4589-8efa-9d78e22aeea7,2024-07-01 05:15:00+00:00,300,2025-01-01 07:00:00+00:00,1.351,0.016212
GSO_7,7c4e0a27-0ba8-4589-8efa-9d78e22aeea7,2024-07-01 05:20:00+00:00,300,2025-01-01 07:00:00+00:00,1.319,0.015828
GSO_7,7c4e0a27-0ba8-4589-8efa-9d78e22aeea7,2024-07-01 05:25:00+00:00,300,2025-01-01 07:00:00+00:00,1.323,0.015875999999999998
GSO_7,7c4e0a27-0ba8-4589-8efa-9d78e22aeea7,2024-07-01 05:30:00+00:00,300,2025-01-01 07:00:00+00:00,1.31,0.01572
GSO_7,7c4e0a27-0ba8-4589-8efa-9d78e22aeea7,2024-07-01 05:35:00+00:00,300,2025-01-01 07:00:00+00:00,1.278,0.015336
GSO_7,7c4e0a27-0ba8-4589-8efa-9d78e22aeea7,2024-07-01 05:40:00+00:00,300,2025-01-01 07:00:00+00:00,1.264,0.015168000000000001
GSO_7,7c4e0a27-0ba8-4589-8efa-9d78e22aeea7,2024-07-01 05:45:00+00:00,300,2025-01-01 07:00:00+00:00,1.247,0.014964000000000002
GSO_7,7c4e0a27-0ba8-4589-8efa-9d78e22aeea7,2024-07-01 05:50:00+00:00,300,2025-01-01 07:00:00+00:00,1.232,0.014784
GSO_7,7c4e0a27-0ba8-4589-8efa-9d78e22aeea7,2024-07-01 05:55:00+00:00,300,2025-01-01 07:00:00+00:00,1.234,0.014808
GSO_7,7c4e0a27-0ba8-4589-8efa-9d78e22aeea7,2024-07-01 06:00:00+00:00,300,2025-01-01 07:00:00+00:00,1.044,0.012528000000000001
GSO_7,7c4e0a27-0ba8-4589-8efa-9d78e22aeea7,2024-07-01 06:05:00+00:00,300,2025-01-01 07:00:00+00:00,1.058,0.012696
GSO_7,7c4e0a27-0ba8-4589-8efa-9d78e22aeea7,2024-07-01 06:10:00+00:00,300,2025-01-01 07:00:00+00:00,1.07,0.012840000000000002
GSO_7,7c4e0a27-0ba8-4589-8efa-9d78e22aeea7,2024-07-01 06:15:00+00:00,300,2025-01-01 07:00:00+00:00,1.084,0.013008
GSO_7,7c4e0a27-0ba8-4589-8efa-9d78e22aeea7,2024-07-01 06:20:00+00:00,300,2025-01-01 07:00:00+00:00,1.093,0.013116
GSO_7,7c4e0a27-0ba8-4589-8efa-9d78e22aeea7,2024-07-01 06:25:00+00:00,300,2025-01-01 07:00:00+00:00,1.107,0.013284
GSO_7,7c4e0a27-0ba8-4589-8efa-9d78e22aeea7,2024-07-01 06:30:00+00:00,300,2025-01-01 07:00:00+00:00,1.125,0.0135
GSO_7,7c4e0a27-0ba8-4589-8efa-9d78e22aeea7,2024-07-01 06:35:00+00:00,300,2025-01-01 07:00:00+00:00,1.151,0.013812000000000001
GSO_7,7c4e0a27-0ba8-4589-8efa-9d78e22aeea7,2024-07-01 06:40:00+00:00,300,2025-01-01 07:00:00+00:00,1.144,0.013728
GSO_7,7c4e0a27-0ba8-4589-8efa-9d78e22aeea7,2024-07-01 06:45:00+00:00,300,2025-01-01 07:00:00+00:00,1.165,0.013980000000000001
GSO_7,7c4e0a27-0ba8-4589-8efa-9d78e22aeea7,2024-07-01 06:50:00+00:00,300,2025-01-01 07:00:00+00:00,1.177,0.014124000000000001
GSO_7,7c4e0a27-0ba8-4589-8efa-9d78e22aeea7,2024-07-01 06:55:00+00:00,300,2025-01-01 07:00:00+00:00,1.187,0.014244000000000001
GSO_7,7c4e0a27-0ba8-4589-8efa-9d78e22aeea7,2024-07-01 07:00:00+00:00,300,2025-01-01 07:00:00+00:00,1.231,0.014772000000000002
GSO_7,7c4e0a27-0ba8-4589-8efa-9d78e22aeea7,2024-07-01 07:05:00+00:00,300,2025-01-01 07:00:00+00:00,1.25,0.015
GSO_7,7c4e0a27-0ba8-4589-8efa-9d78e22aeea7,2024-07-01 07:10:00+00:00,300,2025-01-01 07:00:00+00:00,1.238,0.014856
GSO_7,7c4e0a27-0ba8-4589-8efa-9d78e22aeea7,2024-07-01 07:15:00+00:00,300,2025-01-01 07:00:00+00:00,1.26,0.015120000000000001
GSO_7,7c4e0a27-0ba8-4589-8efa-9d78e22aeea7,2024-07-01 07:20:00+00:00,300,2025-01-01 07:00:00+00:00,1.269,0.015228
GSO_7,7c4e0a27-0ba8-4589-8efa-9d78e22aeea7,2024-07-01 07:25:00+00:00,300,2025-01-01 07:00:00+00:00,1.277,0.015323999999999999
GSO_7,7c4e0a27-0ba8-4589-8efa-9d78e22aeea7,2024-07-01 07:30:00+00:00,300,2025-01-01 07:00:00+00:00,1.296,0.015552000000000002
GSO_7,7c4e0a27-0ba8-4589-8efa-9d78e22aeea7,2024-07-01 07:35:00+00:00,300,2025-01-01 07:00:00+00:00,1.295,0.01554
GSO_7,7c4e0a27-0ba8-4589-8efa-9d78e22aeea7,2024-07-01 07:40:00+00:00,300,2025-01-01 07:00:00+00:00,1.304,0.015648000000000002
GSO_7,7c4e0a27-0ba8-4589-8efa-9d78e22aeea7,2024-07-01 07:45:00+00:00,300,2025-01-01 07:00:00+00:00,1.317,0.015804
GSO_7,7c4e0a27-0ba8-4589-8efa-9d78e22aeea7,2024-07-01 07:50:00+00:00,300,2025-01-01 07:00:00+00:00,1.325,0.0159
GSO_7,7c4e0a27-0ba8-4589-8efa-9d78e22aeea7,2024-07-01 07:55:00+00:00,300,2025-01-01 07:00:00+00:00,1.337,0.016044
GSO_7,7c4e0a27-0ba8-4589-8efa-9d78e22aeea7,2024-07-01 08:00:00+00:00,300,2025-01-01 07:00:00+00:00,1.466,0.017592000000000003
GSO_7,7c4e0a27-0ba8-4589-8efa-9d78e22aeea7,2024-07-01 08:05:00+00:00,300,2025-01-01 07:00:00+00:00,1.465,0.017580000000000002
GSO_7,7c4e0a27-0ba8-4589-8efa-9d78e22aeea7,2024-07-01 08:10:00+00:00,300,2025-01-01 07:00:00+00:00,1.442,0.017304000000000003
GSO_7,7c4e0a27-0ba8-4589-8efa-9d78e22aeea7,2024-07-01 08:15:00+00:00,300,2025-01-01 07:00:00+00:00,1.45,0.017400000000000002
GSO_7,b3997dcd-0479-4422-904f-1e86aedb3b49,2024-07-01 00:00:00+00:00,300,2025-01-01 07:00:00+00:00,2.777,0.033324000000000006
GSO_7,b3997dcd-0479-4422-904f-1e86aedb3b49,2024-07-01 00:05:00+00:00,300,2025-01-01 07:00:00+00:00,2.733,0.032796000000000006
GSO_7,b3997dcd-0479-4422-904f-1e86aedb3b49,2024-07-01 00:10:00+00:00,300,2025-01-01 07:00:00+00:00,2.731,0.032771999999999996
GSO_7,b3997dcd-0479-4422-904f-1e86aedb3b49,2024-07-01 00:15:00+00:00,300,2025-01-01 07:00:00+00:00,2.742,0.032904
GSO_7,b3997dcd-0479-4422-904f-1e86aedb3b49,2024-07-01 00:20:00+00:00,300,2025-01-01 07:00:00+00:00,2.721,0.032652
GSO_7,b3997dcd-0479-4422-904f-1e86aedb3b49,2024-07-01 00:25:00+00:00,300,2025-01-01 07:00:00+00:00,2.69,0.03228
GSO_7,b3997dcd-0479-4422-904f-1e86aedb3b49,2024-07-01 00:30:00+00:00,300,2025-01-01 07:00:00+00:00,2.677,0.032124
GSO_7,b3997dcd-0479-4422-904f-1e86aedb3b49,2024-07-01 00:35:00+00:00,300,2025-01-01 07:00:00+00:00,2.646,0.031751999999999996
GSO_7,b3997dcd-0479-4422-904f-1e86aedb3b49,2024-07-01 00:40:00+00:00,300,2025-01-01 07:00:00+00:00,2.637,0.031644
GSO_7,b3997dcd-0479-4422-904f-1e86aedb3b49,2024-07-01 00:45:00+00:00,300,2025-01-01 07:00:00+00:00,2.623,0.031476000000000004
GSO_7,b3997dcd-0479-4422-904f-1e86aedb3b49,2024-07-01 00:50:00+00:00,300,2025-01-01 07:00:00+00:00,2.609,0.031308
GSO_7,b3997dcd-0479-4422-904f-1e86aedb3b49,2024-07-01 00:55:00+00:00,300,2025-01-01 07:00:00+00:00,2.607,0.031284
GSO_7,b3997dcd-0479-4422-904f-1e86aedb3b49,2024-07-01 01:00:00+00:00,300,2025-01-01 07:00:00+00:00,2.24,0.02688
GSO_7,b3997dcd-0479-4422-904f-1e86aedb3b49,2024-07-01 01:05:00+00:00,300,2025-01-01 07:00:00+00:00,2.263,0.027156
GSO_7,b3997dcd-0479-4422-904f-1e86aedb3b49,2024-07-01 01:10:00+00:00,300,2025-01-01 07:00:00+00:00,2.337,0.028044000000000003
GSO_7,b3997dcd-0479-4422-904f-1e86aedb3b49,2024-07-01 01:15:00+00:00,300,2025-01-01 07:00:00+00:00,2.385,0.028619999999999996
GSO_7,b3997dcd-0479-4422-904f-1e86aedb3b49,2024-07-01 01:20:00+00:00,300,2025-01-01 07:00:00+00:00,2.423,0.029076
GSO_7,b3997dcd-0479-4422-904f-1e86aedb3b49,2024-07-01 01:25:00+00:00,300,2025-01-01 07:00:00+00:00,2.493,0.029916
GSO_7,b3997dcd-0479-4422-904f-1e86aedb3b49,2024-07-01 01:30:00+00:00,300,2025-01-01 07:00:00+00:00,2.524,0.030288
GSO_7,b3997dcd-0479-4422-904f-1e86aedb3b49,2024-07-01 01:35:00+00:00,300,2025-01-01 07:00:00+00:00,2.581,0.030972000000000003
GSO_7,b3997dcd-0479-4422-904f-1e86aedb3b49,2024-07-01 01:40:00+00:00,300,2025-01-01 07:00:00+00:00,2.631,0.031571999999999996
GSO_7,b3997dcd-0479-4422-904f-1e86aedb3b49,2024-07-01 01:45:00+00:00,300,2025-01-01 07:00:00+00:00,2.688,0.03225600000000001
GSO_7,b3997dcd-0479-4422-904f-1e86aedb3b49,2024-07-01 01:50:00+00:00,300,2025-01-01 07:00:00+00:00,2.709,0.032508
GSO_7,b3997dcd-0479-4422-904f-1e86aedb3b49,2024-07-01 01:55:00+00:00,300,2025-01-01 07:00:00+00:00,2.768,0.033216
GSO_7,b3997dcd-0479-4422-904f-1e86aedb3b49,2024-07-01 02:00:00+00:00,300,2025-01-01 07:00:00+00:00,3.249,0.03898800000000001
GSO_7,b3997dcd-0479-4422-904f-1e86aedb3b49,2024-07-01 02:05:00+00:00,300,2025-01-01 07:00:00+00:00,3.197,0.038364
GSO_7,b3997dcd-0479-4422-904f-1e86aedb3b49,2024-07-01 02:10:00+00:00,300,2025-01-01 07:00:00+00:00,3.17,0.03804
GSO_7,b3997dcd-0479-4422-904f-1e86aedb3b49,2024-07-01 02:15:00+00:00,300,2025-01-01 07:00:00+00:00,3.181,0.038172000000000005
GSO_7,b3997dcd-0479-4422-904f-1e86aedb3b49,2024-07-01 02:20:00+00:00,300,2025-01-01 07:00:00+00:00,3.136,0.037632000000000006
GSO_7,b3997dcd-0479-4422-904f-1e86aedb3b49,2024-07-01 02:25:00+00:00,300,2025-01-01 07:00:00+00:00,3.134,0.037608
GSO_7,b3997dcd-0479-4422-904f-1e86aedb3b49,2024-07-01 02:30:00+00:00,300,2025-01-01 07:00:00+00:00,3.099,0.037188000000000006
GSO_7,b3997dcd-0479-4422-904f-1e86aedb3b49,2024-07-01 02:35:00+00:00,300,2025-01-01 07:00:00+00:00,3.042,0.036503999999999995
GSO_7,b3997dcd-0479-4422-904f-1e86aedb3b49,2024-07-01 02:40:00+00:00,300,2025-01-01 07:00:00+00:00,3.04,0.036480000000000005
GSO_7,b3997dcd-0479-4422-904f-1e86aedb3b49,2024-07-01 02:45:00+00:00,300,2025-01-01 07:00:00+00:00,2.975,0.0357
GSO_7,b3997dcd-0479-4422-904f-1e86aedb3b49,2024-07-01 02:50:00+00:00,300,2025-01-01 07:00:00+00:00,2.962,0.035544000000000006
GSO_7,b3997dcd-0479-4422-904f-1e86aedb3b49,2024-07-01 02:55:00+00:00,300,2025-01-01 07:00:00+00:00,2.938,0.03525600000000001
GSO_7,b3997dcd-0479-4422-904f-1e86aedb3b49,2024-07-01 03:00:00+00:00,300,2025-01-01 07:00:00+00:00,3.037,0.036444000000000004
GSO_7,b3997dcd-0479-4422-904f-1e86aedb3b49,2024-07-01 03:05:00+00:00,300,2025-01-01 07:00:00+00:00,2.983,0.03579600000000001
GSO_7,b3997dcd-0479-4422-904f-1e86aedb3b49,2024-07-01 03:10:00+00:00,300,2025-01-01 07:00:00+00:00,2.962,0.035544000000000006
GSO_7,b3997dcd-0479-4422-904f-1e86aedb3b49,2024-07-01 03:15:00+00:00,300,2025-01-01 07:00:00+00:00,2.91,0.03492
GSO_7,b3997dcd-0479-4422-904f-1e86aedb3b49,2024-07-01 03:20:00+00:00,300,2025-01-01 07:00:00+00:00,2.83,0.033960000000000004
GSO_7,b3997dcd-0479-4422-904f-1e86aedb3b49,2024-07-01 03:25:00+00:00,300,2025-01-01 07:00:00+00:00,2.772,0.033264
GSO_7,b3997dcd-0479-4422-904f-1e86aedb3b49,2024-07-01 03:30:00+00:00,300,2025-01-01 07:00:00+00:00,2.738,0.032856
GSO_7,b3997dcd-0479-4422-904f-1e86aedb3b49,2024-07-01 03:35:00+00:00,300,2025-01-01 07:00:00+00:00,2.675,0.032100000000000004
GSO_7,b3997dcd-0479-4422-904f-1e86aedb3b49,2024-07-01 03:40:00+00:00,300,2025-01-01 07:00:00+00:00,2.634,0.031608
GSO_7,b3997dcd-0479-4422-904f-1e86aedb3b49,2024-07-01 03:45:00+00:00,300,2025-01-01 07:00:00+00:00,2.59,0.03108
GSO_7,b3997dcd-0479-4422-904f-1e86aedb3b49,2024-07-01 03:50:00+00:00,300,2025-01-01 07:00:00+00:00,2.548,0.030576
GSO_7,b3997dcd-0479-4422-904f-1e86aedb3b49,2024-07-01 03:55:00+00:00,300,2025-01-01 07:00:00+00:00,2.499,0.029988000000000004
GSO_7,b3997dcd-0479-4422-904f-1e86aedb3b49,2024-07-01 04:00:00+00:00,300,2025-01-01 07:00:00+00:00,2.093,0.025116
GSO_7,b3997dcd-0479-4422-904f-1e86aedb3b49,2024-07-01 04:05:00+00:00,300,2025-01-01 07:00:00+00:00,2.116,0.025392
GSO_7,b3997dcd-0479-4422-904f-1e86aedb3b49,2024-07-01 04:10:00+00:00,300,2025-01-01 07:00:00+00:00,2.108,0.025296000000000003
GSO_7,b3997dcd-0479-4422-904f-1e86aedb3b49,2024-07-01 04:15:00+00:00,300,2025-01-01 07:00:00+00:00,2.115,0.025380000000000003
GSO_7,b3997dcd-0479-4422-904f-1e86aedb3b49,2024-07-01 04:20:00+00:00,300,2025-01-01 07:00:00+00:00,2.156,0.025872000000000003
GSO_7,b3997dcd-0479-4422-904f-1e86aedb3b49,2024-07-01 04:25:00+00:00,300,2025-01-01 07:00:00+00:00,2.177,0.026124
GSO_7,b3997dcd-0479-4422-904f-1e86aedb3b49,2024-07-01 04:30:00+00:00,300,2025-01-01 07:00:00+00:00,2.147,0.025764
GSO_7,b3997dcd-0479-4422-904f-1e86aedb3b49,2024-07-01 04:35:00+00:00,300,2025-01-01 07:00:00+00:00,2.164,0.025968000000000005
GSO_7,b3997dcd-0479-4422-904f-1e86aedb3b49,2024-07-01 04:40:00+00:00,300,2025-01-01 07:00:00+00:00,2.181,0.026172
GSO_7,b3997dcd-0479-4422-904f-1e86aedb3b49,2024-07-01 04:45:00+00:00,300,2025-01-01 07:00:00+00:00,2.176,0.026112000000000003
GSO_7,b3997dcd-0479-4422-904f-1e86aedb3b49,2024-07-01 04:50:00+00:00,300,2025-01-01 07:00:00+00:00,2.205,0.02646
GSO_7,b3997dcd-0479-4422-904f-1e86aedb3b49,2024-07-01 04:55:00+00:00,300,2025-01-01 07:00:00+00:00,2.233,0.026796000000000004
GSO_7,b3997dcd-0479-4422-904f-1e86aedb3b49,2024-07-01 05:00:00+00:00,300,2025-01-01 07:00:00+00:00,2.362,0.028344
GSO_7,b3997dcd-0479-4422-904f-1e86aedb3b49,2024-07-01 05:05:00+00:00,300,2025-01-01 07:00:00+00:00,2.358,0.028296
GSO_7,b3997dcd-0479-4422-904f-1e86aedb3b49,2024-07-01 05:10:00+00:00,300,2025-01-01 07:00:00+00:00,2.342,0.028104000000000004
GSO_7,b3997dcd-0479-4422-904f-1e86aedb3b49,2024-07-01 05:15:00+00:00,300,2025-01-01 07:00:00+00:00,2.325,0.0279
GSO_7,b3997dcd-0479-4422-904f-1e86aedb3b49,2024-07-01 05:20:00+00:00,300,2025-01-01 07:00:00+00:00,2.3,0.0276
GSO_7,b3997dcd-0479-4422-904f-1e86aedb3b49,2024-07-01 05:25:00+00:00,300,2025-01-01 07:00:00+00:00,2.309,0.027708000000000003
GSO_7,b3997dcd-0479-4422-904f-1e86aedb3b49,2024-07-01 05:30:00+00:00,300,2025-01-01 07:00:00+00:00,2.291,0.027492000000000003
GSO_7,b3997dcd-0479-4422-904f-1e86aedb3b49,2024-07-01 05:35:00+00:00,300,2025-01-01 07:00:00+00:00,2.309,0.027708000000000003
GSO_7,b3997dcd-0479-4422-904f-1e86aedb3b49,2024-07-01 05:40:00+00:00,300,2025-01-01 07:00:00+00:00,2.271,0.027252
GSO_7,b3997dcd-0479-4422-904f-1e86aedb3b49,2024-07-01 05:45:00+00:00,300,2025-01-01 07:00:00+00:00,2.285,0.027420000000000003
GSO_7,b3997dcd-0479-4422-904f-1e86aedb3b49,2024-07-01 05:50:00+00:00,300,2025-01-01 07:00:00+00:00,2.27,0.02724
GSO_7,b3997dcd-0479-4422-904f-1e86aedb3b49,2024-07-01 05:55:00+00:00,300,2025-01-01 07:00:00+00:00,2.262,0.027144
GSO_7,b3997dcd-0479-4422-904f-1e86aedb3b49,2024-07-01 06:00:00+00:00,300,2025-01-01 07:00:00+00:00,2.335,0.02802
GSO_7,b3997dcd-0479-4422-904f-1e86aedb3b49,2024-07-01 06:05:00+00:00,300,2025-01-01 07:00:00+00:00,2.281,0.027372000000000004
GSO_7,b3997dcd-0479-4422-904f-1e86aedb3b49,2024-07-01 06:10:00+00:00,300,2025-01-01 07:00:00+00:00,2.266,0.027192
GSO_7,b3997dcd-0479-4422-904f-1e86aedb3b49,2024-07-01 06:15:00+00:00,300,2025-01-01 07:00:00+00:00,2.264,0.027167999999999998
GSO_7,b3997dcd-0479-4422-904f-1e86aedb3b49,2024-07-01 06:20:00+00:00,300,2025-01-01 07:00:00+00:00,2.247,0.026964
GSO_7,b3997dcd-0479-4422-904f-1e86aedb3b49,2024-07-01 06:25:00+00:00,300,2025-01-01 07:00:00+00:00,2.238,0.026856
GSO_7,b3997dcd-0479-4422-904f-1e86aedb3b49,2024-07-01 06:30:00+00:00,300,2025-01-01 07:00:00+00:00,2.182,0.026184000000000002
GSO_7,b3997dcd-0479-4422-904f-1e86aedb3b49,2024-07-01 06:35:00+00:00,300,2025-01-01 07:00:00+00:00,2.194,0.026328
GSO_7,b3997dcd-0479-4422-904f-1e86aedb3b49,2024-07-01 06:40:00+00:00,300,2025-01-01 07:00:00+00:00,2.155,0.02586
GSO_7,b3997dcd-0479-4422-904f-1e86aedb3b49,2024-07-01 06:45:00+00:00,300,2025-01-01 07:00:00+00:00,2.133,0.025596
GSO_7,b3997dcd-0479-4422-904f-1e86aedb3b49,2024-07-01 06:50:00+00:00,300,2025-01-01 07:00:00+00:00,2.128,0.025536
GSO_7,b3997dcd-0479-4422-904f-1e86aedb3b49,2024-07-01 06:55:00+00:00,300,2025-01-01 07:00:00+00:00,2.097,0.025164000000000002
GSO_7,b3997dcd-0479-4422-904f-1e86aedb3b49,2024-07-01 07:00:00+00:00,300,2025-01-01 07:00:00+00:00,1.787,0.021443999999999998
GSO_7,b3997dcd-0479-4422-904f-1e86aedb3b49,2024-07-01 07:05:00+00:00,300,2025-01-01 07:00:00+00:00,1.802,0.021624
GSO_7,b3997dcd-0479-4422-904f-1e86aedb3b49,2024-07-01 07:10:00+00:00,300,2025-01-01 07:00:00+00:00,1.848,0.022176
GSO_7,b3997dcd-0479-4422-904f-1e86aedb3b49,2024-07-01 07:15:00+00:00,300,2025-01-01 07:00:00+00:00,1.881,0.022572000000000002
GSO_7,b3997dcd-0479-4422-904f-1e86aedb3b49,2024-07-01 07:20:00+00:00,300,2025-01-01 07:00:00+00:00,1.919,0.023028000000000003
GSO_7,b3997dcd-0479-4422-904f-1e86aedb3b49,2024-07-01 07:25:00+00:00,300,2025-01-01 07:00:00+00:00,1.956,0.023472
GSO_7,b3997dcd-0479-4422-904f-1e86aedb3b49,2024-07-01 07:30:00+00:00,300,2025-01-01 07:00:00+00:00,1.982,0.023784000000000003
GSO_7,b3997dcd-0479-4422-904f-1e86aedb3b49,2024-07-01 07:35:00+00:00,300,2025-01-01 07:00:00+00:00,2.042,0.024503999999999998
GSO_7,b3997dcd-0479-4422-904f-1e86aedb3b49,2024-07-01 07:40:00+00:00,300,2025-01-01 07:00:00+00:00,2.083,0.024996
GSO_7,b3997dcd-0479-4422-904f-1e86aedb3b49,2024-07-01 07:45:00+00:00,300,2025-01-01 07:00:00+00:00,2.125,0.0255
GSO_7,b3997dcd-0479-4422-904f-1e86aedb3b49,2024-07-01 07:50:00+00:00,300,2025-01-01 07:00:00+00:00,2.152,0.025824000000000003
GSO_7,b3997dcd-0479-4422-904f-1e86aedb3b49,2024-07-01 07:55:00+00:00,300,2025-01-01 07:00:00+00:00,2.183,0.026195999999999997
GSO_7,b3997dcd-0479-4422-904f-1e86aedb3b49,2024-07-01 08:00:00+00:00,300,2025-01-01 07:00:00+00:00,2.539,0.030468000000000002
GSO_7,b3997dcd-0479-4422-904f-1e86aedb3b49,2024-07-01 08:05:00+00:00,300,2025-01-01 07:00:00+00:00,2.531,0.030372000000000003
GSO_7,b3997dcd-0479-4422-904f-1e86aedb3b49,2024-07-01 08:10:00+00:00,300,2025-01-01 07:00:00+00:00,2.497,0.029963999999999998
GSO_7,b3997dcd-0479-4422-904f-1e86aedb3b49,2024-07-01 08:15:00+00:00,300,2025-01-01 07:00:00+00:00,2.478,0.029736000000000005
GSO_8,674756f5-28ec-40f8-8ece-cd6c8a394c18,2024-07-01 00:00:00+00:00,300,2025-01-01 07:00:00+00:00,2.336,0.028032
GSO_8,674756f5-28ec-40f8-8ece-cd6c8a394c18,2024-07-01 00:05:00+00:00,300,2025-01-01 07:00:00+00:00,2.346,0.028152
GSO_8,674756f5-28ec-40f8-8ece-cd6c8a394c18,2024-07-01 00:10:00+00:00,300,2025-01-01 07:00:00+00:00,2.367,0.028404
GSO_8,674756f5-28ec-40f8-8ece-cd6c8a394c18,2024-07-01 00:15:00+00:00,300,2025-01-01 07:00:00+00:00,2.418,0.029016
GSO_8,674756f5-28ec-40f8-8ece-cd6c8a394c18,2024-07-01 00:20:00+00:00,300,2025-01-01 07:00:00+00:00,2.396,0.028752
GSO_8,674756f5-28ec-40f8-8ece-cd6c8a394c18,2024-07-01 00:25:00+00:00,300,2025-01-01 07:00:00+00:00,2.441,0.029292
GSO_8,674756f5-28ec-40f8-8ece-cd6c8a394c18,2024-07-01 00:30:00+00:00,300,2025-01-01 07:00:00+00:00,2.444,0.029328
GSO_8,674756f5-28ec-40f8-8ece-cd6c8a394c18,2024-07-01 00:35:00+00:00,300,2025-01-01 07:00:00+00:00,2.469,0.029628
GSO_8,674756f5-28ec-40f8-8ece-cd6c8a394c18,2024-07-01 00:40:00+00:00,300,2025-01-01 07:00:00+00:00,2.458,0.029496
GSO_8,674756f5-28ec-40f8-8ece-cd6c8a394c18,2024-07-01 00:45:00+00:00,300,2025-01-01 07:00:00+00:00,2.527,0.030324
GSO_8,674756f5-28ec-40f8-8ece-cd6c8a394c18,2024-07-01 00:50:00+00:00,300,2025-01-01 07:00:00+00:00,2.531,0.030372000000000003
GSO_8,674756f5-28ec-40f8-8ece-cd6c8a394c18,2024-07-01 00:55:00+00:00,300,2025-01-01 07:00:00+00:00,2.557,0.030684
GSO_8,674756f5-28ec-40f8-8ece-cd6c8a394c18,2024-07-01 01:00:00+00:00,300,2025-01-01 07:00:00+00:00,2.851,0.034212000000000006
GSO_8,674756f5-28ec-40f8-8ece-cd6c8a394c18,2024-07-01 01:05:00+00:00,300,2025-01-01 07:00:00+00:00,2.807,0.033684000000000006
GSO_8,674756f5-28ec-40f8-8ece-cd6c8a394c18,2024-07-01 01:10:00+00:00,300,2025-01-01 07:00:00+00:00,2.768,0.033216
GSO_8,674756f5-28ec-40f8-8ece-cd6c8a394c18,2024-07-01 01:15:00+00:00,300,2025-01-01 07:00:00+00:00,2.738,0.032856
GSO_8,674756f5-28ec-40f8-8ece-cd6c8a394c18,2024-07-01 01:20:00+00:00,300,2025-01-01 07:00:00+00:00,2.734,0.032808
GSO_8,674756f5-28ec-40f8-8ece-cd6c8a394c18,2024-07-01 01:25:00+00:00,300,2025-01-01 07:00:00+00:00,2.701,0.032412
GSO_8,674756f5-28ec-40f8-8ece-cd6c8a394c18,2024-07-01 01:30:00+00:00,300,2025-01-01 07:00:00+00:00,2.669,0.03202800000000001
GSO_8,674756f5-28ec-40f8-8ece-cd6c8a394c18,2024-07-01 01:35:00+00:00,300,2025-01-01 07:00:00+00:00,2.633,0.031596
GSO_8,674756f5-28ec-40f8-8ece-cd6c8a394c18,2024-07-01 01:40:00+00:00,300,2025-01-01 07:00:00+00:00,2.592,0.031104000000000003
GSO_8,674756f5-28ec-40f8-8ece-cd6c8a394c18,2024-07-01 01:45:00+00:00,300,2025-01-01 07:00:00+00:00,2.593,0.031116
GSO_8,674756f5-28ec-40f8-8ece-cd6c8a394c18,2024-07-01 01:50:00+00:00,300,2025-01-01 07:00:00+00:00,2.567,0.030804
GSO_8,674756f5-28ec-40f8-8ece-cd6c8a394c18,2024-07-01 01:55:00+00:00,300,2025-01-01 07:00:00+00:00,2.535,0.030420000000000003
GSO_8,674756f5-28ec-40f8-8ece-cd6c8a394c18,2024-07-01 02:00:00+00:00,300,2025-01-01 07:00:00+00:00,2.217,0.026604000000000003
GSO_8,674756f5-28ec-40f8-8ece-cd6c8a394c18,2024-07-01 02:05:00+00:00,300,2025-01-01 07:00:00+00:00,2.247,0.026964
GSO_8,674756f5-28ec-40f8-8ece-cd6c8a394c18,2024-07-01 02:10:00+00:00,300,2025-01-01 07:00:00+00:00,2.261,0.027132
GSO_8,674756f5-28ec-40f8-8ece-cd6c8a394c18,2024-07-01 02:15:00+00:00,300,2025-01-01 07:00:00+00:00,2.318,0.027816000000000004
GSO_8,674756f5-28ec-40f8-8ece-cd6c8a394c18,2024-07-01 02:20:00+00:00,300,2025-01-01 07:00:00+00:00,2.315,0.027780000000000003
GSO_8,674756f5-28ec-40f8-8ece-cd6c8a394c18,2024-07-01 02:25:00+00:00,300,2025-01-01 07:00:00+00:00,2.375,0.0285
GSO_8,674756f5-28ec-40f8-8ece-cd6c8a394c18,2024-07-01 02:30:00+00:00,300,2025-01-01 07:00:00+00:00,2.39,0.028680000000000004
GSO_8,674756f5-28ec-40f8-8ece-cd6c8a394c18,2024-07-01 02:35:00+00:00,300,2025-01-01 07:00:00+00:00,2.437,0.029244
GSO_8,674756f5-28ec-40f8-8ece-cd6c8a394c18,2024-07-01 02:40:00+00:00,300,2025-01-01 07:00:00+00:00,2.471,0.029652
GSO_8,674756f5-28ec-40f8-8ece-cd6c8a394c18,2024-07-01 02:45:00+00:00,300,2025-01-01 07:00:00+00:00,2.485,0.02982
GSO_8,674756f5-28ec-40f8-8ece-cd6c8a394c18,2024-07-01 02:50:00+00:00,300,2025-01-01 07:00:00+00:00,2.504,0.030048000000000002
GSO_8,674756f5-28ec-40f8-8ece-cd6c8a394c18,2024-07-01 02:55:00+00:00,300,2025-01-01 07:00:00+00:00,2.561,0.030732
GSO_8,674756f5-28ec-40f8-8ece-cd6c8a394c18,2024-07-01 03:00:00+00:00,300,2025-01-01 07:00:00+00:00,3.047,0.036564000000000006
GSO_8,674756f5-28ec-40f8-8ece-cd6c8a394c18,2024-07-01 03:05:00+00:00,300,2025-01-01 07:00:00+00:00,2.988,0.035856
GSO_8,674756f5-28ec-40f8-8ece-cd6c8a394c18,2024-07-01 03:10:00+00:00,300,2025-01-01 07:00:00+00:00,2.932,0.03518400000000001
GSO_8,674756f5-28ec-40f8-8ece-cd6c8a394c18,2024-07-01 03:15:00+00:00,300,2025-01-01 07:00:00+00:00,2.878,0.034536000000000004
GSO_8,674756f5-28ec-40f8-8ece-cd6c8a394c18,2024-07-01 03:20:00+00:00,300,2025-01-01 07:00:00+00:00,2.834,0.034008000000000004
GSO_8,674756f5-28ec-40f8-8ece-cd6c8a394c18,2024-07-01 03:25:00+00:00,300,2025-01-01 07:00:00+00:00,2.808,0.033696
GSO_8,674756f5-28ec-40f8-8ece-cd6c8a394c18,2024-07-01 03:30:00+00:00,300,2025-01-01 07:00:00+00:00,2.729,0.032748000000000006
GSO_8,674756f5-28ec-40f8-8ece-cd6c8a394c18,2024-07-01 03:35:00+00:00,300,2025-01-01 07:00:00+00:00,2.693,0.032316000000000004
GSO_8,674756f5-28ec-40f8-8ece-cd6c8a394c18,2024-07-01 03:40:00+00:00,300,2025-01-01 07:00:00+00:00,2.612,0.031344000000000004
GSO_8,674756f5-28ec-40f8-8ece-cd6c8a394c18,2024-07-01 03:45:00+00:00,300,2025-01-01 07:00:00+00:00,2.549,0.030588
GSO_8,674756f5-28ec-40f8-8ece-cd6c8a394c18,2024-07-01 03:50:00+00:00,300,2025-01-01 07:00:00+00:00,2.486,0.029832000000000004
GSO_8,674756f5-28ec-40f8-8ece-cd6c8a394c18,2024-07-01 03:55:00+00:00,300,2025-01-01 07:00:00+00:00,2.449,0.029387999999999997
GSO_8,674756f5-28ec-40f8-8ece-cd6c8a394c18,2024-07-01 04:00:00+00:00,300,2025-01-01 07:00:00+00:00,2.07,0.02484
GSO_8,674756f5-28ec-40f8-8ece-cd6c8a394c18,2024-07-01 04:05:00+00:00,300,2025-01-01 07:00:00+00:00,2.09,0.025079999999999998
GSO_8,674756f5-28ec-40f8-8ece-cd6c8a394c18,2024-07-01 04:10:00+00:00,300,2025-01-01 07:00:00+00:00,2.076,0.024912000000000004
GSO_8,674756f5-28ec-40f8-8ece-cd6c8a394c18,2024-07-01 04:15:00+00:00,300,2025-01-01 07:00:00+00:00,2.082,0.024984
GSO_8,674756f5-28ec-40f8-8ece-cd6c8a394c18,2024-07-01 04:20:00+00:00,300,2025-01-01 07:00:00+00:00,2.066,0.024791999999999998
GSO_8,674756f5-28ec-40f8-8ece-cd6c8a394c18,2024-07-01 04:25:00+00:00,300,2025-01-01 07:00:00+00:00,2.063,0.024756000000000004
GSO_8,674756f5-28ec-40f8-8ece-cd6c8a394c18,2024-07-01 04:30:00+00:00,300,2025-01-01 07:00:00+00:00,2.088,0.025056000000000002
GSO_8,674756f5-28ec-40f8-8ece-cd6c8a394c18,2024-07-01 04:35:00+00:00,300,2025-01-01 07:00:00+00:00,2.102,0.025224
GSO_8,674756f5-28ec-40f8-8ece-cd6c8a394c18,2024-07-01 04:40:00+00:00,300,2025-01-01 07:00:00+00:00,2.108,0.025296000000000003
GSO_8,674756f5-28ec-40f8-8ece-cd6c8a394c18,2024-07-01 04:45:00+00:00,300,2025-01-01 07:00:00+00:00,2.096,0.025152
GSO_8,674756f5-28ec-40f8-8ece-cd6c8a394c18,2024-07-01 04:50:00+00:00,300,2025-01-01 07:00:00+00:00,2.122,0.025463999999999997
GSO_8,674756f5-28ec-40f8-8ece-cd6c8a394c18,2024-07-01 04:55:00+00:00,300,2025-01-01 07:00:00+00:00,2.078,0.024936
GSO_8,674756f5-28ec-40f8-8ece-cd6c8a394c18,2024-07-01 05:00:00+00:00,300,2025-01-01 07:00:00+00:00,2.101,0.025212
GSO_8,674756f5-28ec-40f8-8ece-cd6c8a394c18,2024-07-01 05:05:00+00:00,300,2025-01-01 07:00:00+00:00,2.122,0.025463999999999997
GSO_8,674756f5-28ec-40f8-8ece-cd6c8a394c18,2024-07-01 05:10:00+00:00,300,2025-01-01 07:00:00+00:00,2.142,0.025704
GSO_8,674756f5-28ec-40f8-8ece-cd6c8a394c18,2024-07-01 05:15:00+00:00,300,2025-01-01 07:00:00+00:00,2.104,0.025248
GSO_8,674756f5-28ec-40f8-8ece-cd6c8a394c18,2024-07-01 05:20:00+00:00,300,2025-01-01 07:00:00+00:00,2.12,0.02544
GSO_8,674756f5-28ec-40f8-8ece-cd6c8a394c18,2024-07-01 05:25:00+00:00,300,2025-01-01 07:00:00+00:00,2.1,0.025200000000000004
GSO_8,674756f5-28ec-40f8-8ece-cd6c8a394c18,2024-07-01 05:30:00+00:00,300,2025-01-01 07:00:00+00:00,2.114,0.025367999999999998
GSO_8,674756f5-28ec-40f8-8ece-cd6c8a394c18,2024-07-01 05:35:00+00:00,300,2025-01-01 07:00:00+00:00,2.135,0.025619999999999997
GSO_8,674756f5-28ec-40f8-8ece-cd6c8a394c18,2024-07-01 05:40:00+00:00,300,2025-01-01 07:00:00+00:00,2.136,0.025632000000000002
GSO_8,674756f5-28ec-40f8-8ece-cd6c8a394c18,2024-07-01 05:45:00+00:00,300,2025-01-01 07:00:00+00:00,2.133,0.025596
GSO_8,674756f5-28ec-40f8-8ece-cd6c8a394c18,2024-07-01 05:50:00+00:00,300,2025-01-01 07:00:00+00:00,2.153,0.025836
GSO_8,674756f5-28ec-40f8-8ece-cd6c8a394c18,2024-07-01 05:55:00+00:00,300,2025-01-01 07:00:00+00:00,2.122,0.025463999999999997
GSO_8,674756f5-28ec-40f8-8ece-cd6c8a394c18,2024-07-01 06:00:00+00:00,300,2025-01-01 07:00:00+00:00,2.317,0.027804000000000002
GSO_8,674756f5-28ec-40f8-8ece-cd6c8a394c18,2024-07-01 06:05:00+00:00,300,2025-01-01 07:00:00+00:00,2.284,0.027408
GSO_8,674756f5-28ec-40f8-8ece-cd6c8a394c18,2024-07-01 06:10:00+00:00,300,2025-01-01 07:00:00+00:00,2.241,0.026892000000000003
GSO_8,674756f5-28ec-40f8-8ece-cd6c8a394c18,2024-07-01 06:15:00+00:00,300,2025-01-01 07:00:00+00:00,2.236,0.026832000000000005
GSO_8,674756f5-28ec-40f8-8ece-cd6c8a394c18,2024-07-01 06:20:00+00:00,300,2025-01-01 07:00:00+00:00,2.192,0.026304
GSO_8,674756f5-28ec-40f8-8ece-cd6c8a394c18,2024-07-01 06:25:00+00:00,300,2025-01-01 07:00:00+00:00,2.181,0.026172
GSO_8,674756f5-28ec-40f8-8ece-cd6c8a394c18,2024-07-01 06:30:00+00:00,300,2025-01-01 07:00:00+00:00,2.144,0.025728
GSO_8,674756f5-28ec-40f8-8ece-cd6c8a394c18,2024-07-01 06:35:00+00:00,300,2025-01-01 07:00:00+00:00,2.141,0.025692
GSO_8,674756f5-28ec-40f8-8ece-cd6c8a394c18,2024-07-01 06:40:00+00:00,300,2025-01-01 07:00:00+00:00,2.097,0.025164000000000002
GSO_8,674756f5-28ec-40f8-8ece-cd6c8a394c18,2024-07-01 06:45:00+00:00,300,2025-01-01 07:00:00+00:00,2.098,0.025175999999999997
GSO_8,674756f5-28ec-40f8-8ece-cd6c8a394c18,2024-07-01 06:50:00+00:00,300,2025-01-01 07:00:00+00:00,2.051,0.024612000000000002
GSO_8,674756f5-28ec-40f8-8ece-cd6c8a394c18,2024-07-01 06:55:00+00:00,300,2025-01-01 07:00:00+00:00,2.031,0.024372000000000005
GSO_8,674756f5-28ec-40f8-8ece-cd6c8a394c18,2024-07-01 07:00:00+00:00,300,2025-01-01 07:00:00+00:00,1.764,0.021168000000000003
GSO_8,674756f5-28ec-40f8-8ece-cd6c8a394c18,2024-07-01 07:05:00+00:00,300,2025-01-01 07:00:00+00:00,1.775,0.0213
GSO_8,674756f5-28ec-40f8-8ece-cd6c8a394c18,2024-07-01 07:10:00+00:00,300,2025-01-01 07:00:00+00:00,1.796,0.021552
GSO_8,674756f5-28ec-40f8-8ece-cd6c8a394c18,2024-07-01 07:15:00+00:00,300,2025-01-01 07:00:00+00:00,1.817,0.021804
GSO_8,674756f5-28ec-40f8-8ece-cd6c8a394c18,2024-07-01 07:20:00+00:00,300,2025-01-01 07:00:00+00:00,1.816,0.021792000000000002
GSO_8,674756f5-28ec-40f8-8ece-cd6c8a394c18,2024-07-01 07:25:00+00:00,300,2025-01-01 07:00:00+00:00,1.815,0.02178
GSO_8,674756f5-28ec-40f8-8ece-cd6c8a394c18,2024-07-01 07:30:00+00:00,300,2025-01-01 07:00:00+00:00,1.859,0.022308
GSO_8,674756f5-28ec-40f8-8ece-cd6c8a394c18,2024-07-01 07:35:00+00:00,300,2025-01-01 07:00:00+00:00,1.878,0.022536
GSO_8,674756f5-28ec-40f8-8ece-cd6c8a394c18,2024-07-01 07:40:00+00:00,300,2025-01-01 07:00:00+00:00,1.889,0.022668000000000004
GSO_8,674756f5-28ec-40f8-8ece-cd6c8a394c18,2024-07-01 07:45:00+00:00,300,2025-01-01 07:00:00+00:00,1.904,0.022848
GSO_8,674756f5-28ec-40f8-8ece-cd6c8a394c18,2024-07-01 07:50:00+00:00,300,2025-01-01 07:00:00+00:00,1.925,0.023100000000000002
GSO_8,674756f5-28ec-40f8-8ece-cd6c8a394c18,2024-07-01 07:55:00+00:00,300,2025-01-01 07:00:00+00:00,1.951,0.023412000000000002
GSO_8,674756f5-28ec-40f8-8ece-cd6c8a394c18,2024-07-01 08:00:00+00:00,300,2025-01-01 07:00:00+00:00,2.035,0.02442
GSO_8,674756f5-28ec-40f8-8ece-cd6c8a394c18,2024-07-01 08:05:00+00:00,300,2025-01-01 07:00:00+00:00,2.049,0.024588000000000002
GSO_8,674756f5-28ec-40f8-8ece-cd6c8a394c18,2024-07-01 08:10:00+00:00,300,2025-01-01 07:00:00+00:00,2.056,0.024672
GSO_8,674756f5-28ec-40f8-8ece-cd6c8a394c18,2024-07-01 08:15:00+00:00,300,2025-01-01 07:00:00+00:00,2.061,0.024732
GSO_9,9b89dc0e-e258-4610-b60b-484b1b02a312,2024-07-01 00:00:00+00:00,300,2025-01-01 07:00:00+00:00,1.337,0.016044
GSO_9,9b89dc0e-e258-4610-b60b-484b1b02a312,2024-07-01 00:05:00+00:00,300,2025-01-01 07:00:00+00:00,1.356,0.016272000000000002
GSO_9,9b89dc0e-e258-4610-b60b-484b1b02a312,2024-07-01 00:10:00+00:00,300,2025-01-01 07:00:00+00:00,1.333,0.015996
GSO_9,9b89dc0e-e258-4610-b60b-484b1b02a312,2024-07-01 00:15:00+00:00,300,2025-01-01 07:00:00+00:00,1.325,0.0159
GSO_9,9b89dc0e-e258-4610-b60b-484b1b02a312,2024-07-01 00:20:00+00:00,300,2025-01-01 07:00:00+00:00,1.328,0.015936000000000002
GSO_9,9b89dc0e-e258-4610-b60b-484b1b02a312,2024-07-01 00:25:00+00:00,300,2025-01-01 07:00:00+00:00,1.339,0.016068000000000002
GSO_9,9b89dc0e-e258-4610-b60b-484b1b02a312,2024-07-01 00:30:00+00:00,300,2025-01-01 07:00:00+00:00,1.338,0.016056
GSO_9,9b89dc0e-e258-4610-b60b-484b1b02a312,2024-07-01 00:35:00+00:00,300,2025-01-01 07:00:00+00:00,1.33,0.015960000000000002
GSO_9,9b89dc0e-e258-4610-b60b-484b1b02a312,2024-07-01 00:40:00+00:00,300,2025-01-01 07:00:00+00:00,1.325,0.0159
GSO_9,9b89dc0e-e258-4610-b60b-484b1b02a312,2024-07-01 00:45:00+00:00,300,2025-01-01 07:00:00+00:00,1.343,0.016116
GSO_9,9b89dc0e-e258-4610-b60b-484b1b02a312,2024-07-01 00:50:00+00:00,300,2025-01-01 07:00:00+00:00,1.332,0.015984
GSO_9,9b89dc0e-e258-4610-b60b-484b1b02a312,2024-07-01 00:55:00+00:00,300,2025-01-01 07:00:00+00:00,1.325,0.0159
GSO_9,9b89dc0e-e258-4610-b60b-484b1b02a312,2024-07-01 01:00:00+00:00,300,2025-01-01 07:00:00+00:00,1.481,0.017772000000000003
GSO_9,9b89dc0e-e258-4610-b60b-484b1b02a312,2024-07-01 01:05:00+00:00,300,2025-01-01 07:00:00+00:00,1.44,0.01728
GSO_9,9b89dc0e-e258-4610-b60b-484b1b02a312,2024-07-01 01:10:00+00:00,300,2025-01-01 07:00:00+00:00,1.437,0.017244000000000002
GSO_9,9b89dc0e-e258-4610-b60b-484b1b02a312,2024-07-01 01:15:00+00:00,300,2025-01-01 07:00:00+00:00,1.405,0.016860000000000003
GSO_9,9b89dc0e-e258-4610-b60b-484b1b02a312,2024-07-01 01:20:00+00:00,300,2025-01-01 07:00:00+00:00,1.366,0.016392000000000004
GSO_9,9b89dc0e-e258-4610-b60b-484b1b02a312,2024-07-01 01:25:00+00:00,300,2025-01-01 07:00:00+00:00,1.334,0.016008
GSO_9,9b89dc0e-e258-4610-b60b-484b1b02a312,2024-07-01 01:30:00+00:00,300,2025-01-01 07:00:00+00:00,1.304,0.015648000000000002
GSO_9,9b89dc0e-e258-4610-b60b-484b1b02a312,2024-07-01 01:35:00+00:00,300,2025-01-01 07:00:00+00:00,1.278,0.015336
GSO_9,9b89dc0e-e258-4610-b60b-484b1b02a312,2024-07-01 01:40:00+00:00,300,2025-01-01 07:00:00+00:00,1.223,0.014676000000000002
GSO_9,9b89dc0e-e258-4610-b60b-484b1b02a312,2024-07-01 01:45:00+00:00,300,2025-01-01 07:00:00+00:00,1.208,0.014496
GSO_9,9b89dc0e-e258-4610-b60b-484b1b02a312,2024-07-01 01:50:00+00:00,300,2025-01-01 07:00:00+00:00,1.177,0.014124000000000001
GSO_9,9b89dc0e-e258-4610-b60b-484b1b02a312,2024-07-01 01:55:00+00:00,300,2025-01-01 07:00:00+00:00,1.149,0.013788
GSO_9,9b89dc0e-e258-4610-b60b-484b1b02a312,2024-07-01 02:00:00+00:00,300,2025-01-01 07:00:00+00:00,0.865,0.01038
GSO_9,9b89dc0e-e258-4610-b60b-484b1b02a312,2024-07-01 02:05:00+00:00,300,2025-01-01 07:00:00+00:00,0.875,0.0105
GSO_9,9b89dc0e-e258-4610-b60b-484b1b02a312,2024-07-01 02:10:00+00:00,300,2025-01-01 07:00:00+00:00,0.897,0.010764000000000001
GSO_9,9b89dc0e-e258-4610-b60b-484b1b02a312,2024-07-01 02:15:00+00:00,300,2025-01-01 07:00:00+00:00,0.915,0.01098
GSO_9,9b89dc0e-e258-4610-b60b-484b1b02a312,2024-07-01 02:20:00+00:00,300,2025-01-01 07:00:00+00:00,0.945,0.01134
GSO_9,9b89dc0e-e258-4610-b60b-484b1b02a312,2024-07-01 02:25:00+00:00,300,2025-01-01 07:00:00+00:00,0.955,0.011460000000000001
GSO_9,9b89dc0e-e258-4610-b60b-484b1b02a312,2024-07-01 02:30:00+00:00,300,2025-01-01 07:00:00+00:00,0.991,0.011892000000000002
GSO_9,9b89dc0e-e258-4610-b60b-484b1b02a312,2024-07-01 02:35:00+00:00,300,2025-01-01 07:00:00+00:00,1.003,0.012036
GSO_9,9b89dc0e-e258-4610-b60b-484b1b02a312,2024-07-01 02:40:00+00:00,300,2025-01-01 07:00:00+00:00,1.017,0.012204
GSO_9,9b89dc0e-e258-4610-b60b-484b1b02a312,2024-07-01 02:45:00+00:00,300,2025-01-01 07:00:00+00:00,1.038,0.012456000000000002
GSO_9,9b89dc0e-e258-4610-b60b-484b1b02a312,2024-07-01 02:50:00+00:00,300,2025-01-01 07:00:00+00:00,1.042,0.012504000000000001
GSO_9,9b89dc0e-e258-4610-b60b-484b1b02a312,2024-07-01 02:55:00+00:00,300,2025-01-01 07:00:00+00:00,1.08,0.012960000000000001
GSO_9,9b89dc0e-e258-4610-b60b-484b1b02a312,2024-07-01 03:00:00+00:00,300,2025-01-01 07:00:00+00:00,1.287,0.015444
GSO_9,9b89dc0e-e258-4610-b60b-484b1b02a312,2024-07-01 03:05:00+00:00,300,2025-01-01 07:00:00+00:00,1.275,0.0153
GSO_9,9b89dc0e-e258-4610-b60b-484b1b02a312,2024-07-01 03:10:00+00:00,300,2025-01-01 07:00:00+00:00,1.257,0.015084
GSO_9,9b89dc0e-e258-4610-b60b-484b1b02a312,2024-07-01 03:15:00+00:00,300,2025-01-01 07:00:00+00:00,1.252,0.015024000000000001
GSO_9,9b89dc0e-e258-4610-b60b-484b1b02a312,2024-07-01 03:20:00+00:00,300,2025-01-01 07:00:00+00:00,1.228,0.014736
GSO_9,9b89dc0e-e258-4610-b60b-484b1b02a312,2024-07-01 03:25:00+00:00,300,2025-01-01 07:00:00+00:00,1.199,0.014388000000000001
GSO_9,9b89dc0e-e258-4610-b60b-484b1b02a312,2024-07-01 03:30:00+00:00,300,2025-01-01 07:00:00+00:00,1.189,0.014268000000000001
GSO_9,9b89dc0e-e258-4610-b60b-484b1b02a312,2024-07-01 03:35:00+00:00,300,2025-01-01 07:00:00+00:00,1.17,0.014039999999999999
GSO_9,9b89dc0e-e258-4610-b60b-484b1b02a312,2024-07-01 03:40:00+00:00,300,2025-01-01 07:00:00+00:00,1.144,0.013728
GSO_9,9b89dc0e-e258-4610-b60b-484b1b02a312,2024-07-01 03:45:00+00:00,300,2025-01-01 07:00:00+00:00,1.131,0.013572
GSO_9,9b89dc0e-e258-4610-b60b-484b1b02a312,2024-07-01 03:50:00+00:00,300,2025-01-01 07:00:00+00:00,1.11,0.013320000000000002
GSO_9,9b89dc0e-e258-4610-b60b-484b1b02a312,2024-07-01 03:55:00+00:00,300,2025-01-01 07:00:00+00:00,1.096,0.013152
GSO_9,9b89dc0e-e258-4610-b60b-484b1b02a312,2024-07-01 04:00:00+00:00,300,2025-01-01 07:00:00+00:00,1.075,0.0129
GSO_9,9b89dc0e-e258-4610-b60b-484b1b02a312,2024-07-01 04:05:00+00:00,300,2025-01-01 07:00:00+00:00,1.051,0.012612
GSO_9,9b89dc0e-e258-4610-b60b-484b1b02a312,2024-07-01 04:10:00+00:00,300,2025-01-01 07:00:00+00:00,1.024,0.012288
GSO_9,9b89dc0e-e258-4610-b60b-484b1b02a312,2024-07-01 04:15:00+00:00,300,2025-01-01 07:00:00+00:00,1.01,0.01212
GSO_9,9b89dc0e-e258-4610-b60b-484b1b02a312,2024-07-01 04:20:00+00:00,300,2025-01-01 07:00:00+00:00,0.991,0.011892000000000002
GSO_9,9b89dc0e-e258-4610-b60b-484b1b02a312,2024-07-01 04:25:00+00:00,300,2025-01-01 07:00:00+00:00,0.968,0.011616
GSO_9,9b89dc0e-e258-4610-b60b-484b1b02a312,2024-07-01 04:30:00+00:00,300,2025-01-01 07:00:00+00:00,0.962,0.011544
GSO_9,9b89dc0e-e258-4610-b60b-484b1b02a312,2024-07-01 04:35:00+00:00,300,2025-01-01 07:00:00+00:00,0.943,0.011316000000000001
GSO_9,9b89dc0e-e258-4610-b60b-484b1b02a312,2024-07-01 04:40:00+00:00,300,2025-01-01 07:00:00+00:00,0.924,0.011088
GSO_9,9b89dc0e-e258-4610-b60b-484b1b02a312,2024-07-01 04:45:00+00:00,300,2025-01-01 07:00:00+00:00,0.899,0.010788
GSO_9,9b89dc0e-e258-4610-b60b-484b1b02a312,2024-07-01 04:50:00+00:00,300,2025-01-01 07:00:00+00:00,0.889,0.010668
GSO_9,9b89dc0e-e258-4610-b60b-484b1b02a312,2024-07-01 04:55:00+00:00,300,2025-01-01 07:00:00+00:00,0.862,0.010344
GSO_9,9b89dc0e-e258-4610-b60b-484b1b02a312,2024-07-01 05:00:00+00:00,300,2025-01-01 07:00:00+00:00,0.651,0.007812
GSO_9,9b89dc0e-e258-4610-b60b-484b1b02a312,2024-07-01 05:05:00+00:00,300,2025-01-01 07:00:00+00:00,0.665,0.007980000000000001
GSO_9,9b89dc0e-e258-4610-b60b-484b1b02a312,2024-07-01 05:10:00+00:00,300,2025-01-01 07:00:00+00:00,0.677,0.008124000000000001
GSO_9,9b89dc0e-e258-4610-b60b-484b1b02a312,2024-07-01 05:15:00+00:00,300,2025-01-01 07:00:00+00:00,0.687,0.008244000000000001
GSO_9,9b89dc0e-e258-4610-b60b-484b1b02a312,2024-07-01 05:20:00+00:00,300,2025-01-01 07:00:00+00:00,0.713,0.008556000000000001
GSO_9,9b89dc0e-e258-4610-b60b-484b1b02a312,2024-07-01 05:25:00+00:00,300,2025-01-01 07:00:00+00:00,0.738,0.008856
GSO_9,9b89dc0e-e258-4610-b60b-484b1b02a312,2024-07-01 05:30:00+00:00,300,2025-01-01 07:00:00+00:00,0.745,0.008940000000000002
GSO_9,9b89dc0e-e258-4610-b60b-484b1b02a312,2024-07-01 05:35:00+00:00,300,2025-01-01 07:00:00+00:00,0.751,0.009012000000000001
GSO_9,9b89dc0e-e258-4610-b60b-484b1b02a312,2024-07-01 05:40:00+00:00,300,2025-01-01 07:00:00+00:00,0.776,0.009312
GSO_9,9b89dc0e-e258-4610-b60b-484b1b02a312,2024-07-01 05:45:00+00:00,300,2025-01-01 07:00:00+00:00,0.786,0.009432000000000001
GSO_9,9b89dc0e-e258-4610-b60b-484b1b02a312,2024-07-01 05:50:00+00:00,300,2025-01-01 07:00:00+00:00,0.814,0.009768
GSO_9,9b89dc0e-e258-4610-b60b-484b1b02a312,2024-07-01 05:55:00+00:00,300,2025-01-01 07:00:00+00:00,0.82,0.00984
GSO_9,9b89dc0e-e258-4610-b60b-484b1b02a312,2024-07-01 06:00:00+00:00,300,2025-01-01 07:00:00+00:00,1.007,0.012084
GSO_9,9b89dc0e-e258-4610-b60b-484b1b02a312,2024-07-01 06:05:00+00:00,300,2025-01-01 07:00:00+00:00,0.999,0.011988000000000002
GSO_9,9b89dc0e-e258-4610-b60b-484b1b02a312,2024-07-01 06:10:00+00:00,300,2025-01-01 07:00:00+00:00,0.973,0.011676
GSO_9,9b89dc0e-e258-4610-b60b-484b1b02a312,2024-07-01 06:15:00+00:00,300,2025-01-01 07:00:00+00:00,0.962,0.011544
GSO_9,9b89dc0e-e258-4610-b60b-484b1b02a312,2024-07-01 06:20:00+00:00,300,2025-01-01 07:00:00+00:00,0.941,0.011292
GSO_9,9b89dc0e-e258-4610-b60b-484b1b02a312,2024-07-01 06:25:00+00:00,300,2025-01-01 07:00:00+00:00,0.934,0.011208000000000003
GSO_9,9b89dc0e-e258-4610-b60b-484b1b02a312,2024-07-01 06:30:00+00:00,300,2025-01-01 07:00:00+00:00,0.927,0.011124
GSO_9,9b89dc0e-e258-4610-b60b-484b1b02a312,2024-07-01 06:35:00+00:00,300,2025-01-01 07:00:00+00:00,0.908,0.010896000000000001
GSO_9,9b89dc0e-e258-4610-b60b-484b1b02a312,2024-07-01 06:40:00+00:00,300,2025-01-01 07:00:00+00:00,0.904,0.010848
GSO_9,9b89dc0e-e258-4610-b60b-484b1b02a312,2024-07-01 06:45:00+00:00,300,2025-01-01 07:00:00+00:00,0.881,0.010572000000000002
GSO_9,9b89dc0e-e258-4610-b60b-484b1b02a312,2024-07-01 06:50:00+00:00,300,2025-01-01 07:00:00+00:00,0.867,0.010404
GSO_9,9b89dc0e-e258-4610-b60b-484b1b02a312,2024-07-01 06:55:00+00:00,300,2025-01-01 07:00:00+00:00,0.869,0.010428000000000002
GSO_9,9b89dc0e-e258-4610-b60b-484b1b02a312,2024-07-01 07:00:00+00:00,300,2025-01-01 07:00:00+00:00,0.79,0.00948
GSO_9,9b89dc0e-e258-4610-b60b-484b1b02a312,2024-07-01 07:05:00+00:00,300,2025-01-01 07:00:00+00:00,0.78,0.009360000000000002
GSO_9,9b89dc0e-e258-4610-b60b-484b1b02a312,2024-07-01 07:10:00+00:00,300,2025-01-01 07:00:00+00:00,0.777,0.009324000000000002
GSO_9,9b89dc0e-e258-4610-b60b-484b1b02a312,2024-07-01 07:15:00+00:00,300,2025-01-01 07:00:00+00:00,0.777,0.009324000000000002
GSO_9,9b89dc0e-e258-4610-b60b-484b1b02a312,2024-07-01 07:20:00+00:00,300,2025-01-01 07:00:00+00:00,0.776,0.009312
GSO_9,9b89dc0e-e258-4610-b60b-484b1b02a312,2024-07-01 07:25:00+00:00,300,2025-01-01 07:00:00+00:00,0.773,0.009276000000000001
GSO_9,9b89dc0e-e258-4610-b60b-484b1b02a312,2024-07-01 07:30:00+00:00,300,2025-01-01 07:00:00+00:00,0.768,0.009216
GSO_9,9b89dc0e-e258-4610-b60b-484b1b02a312,2024-07-01 07:35:00+00:00,300,2025-01-01 07:00:00+00:00,0.768,0.009216
GSO_9,9b89dc0e-e258-4610-b60b-484b1b02a312,2024-07-01 07:40:00+00:00,300,2025-01-01 07:00:00+00:00,0.771,0.009252
GSO_9,9b89dc0e-e258-4610-b60b-484b1b02a312,2024-07-01 07:45:00+00:00,300,2025-01-01 07:00:00+00:00,0.767,0.009204
GSO_9,9b89dc0e-e258-4610-b60b-484b1b02a312,2024-07-01 07:50:00+00:00,300,2025-01-01 07:00:00+00:00,0.752,0.009024
GSO_9,9b89dc0e-e258-4610-b60b-484b1b02a312,2024-07-01 07:55:00+00:00,300,2025-01-01 07:00:00+00:00,0.754,0.009048
GSO_9,9b89dc0e-e258-4610-b60b-484b1b02a312,2024-07-01 08:00:00+00:00,300,2025-01-01 07:00:00+00:00,0.719,0.008628
GSO_9,9b89dc0e-e258-4610-b60b-484b1b02a312,2024-07-01 08:05:00+00:00,300,2025-01-01 07:00:00+00:00,0.717,0.008604
GSO_9,9b89dc0e-e258-4610-b60b-484b1b02a312,2024-07-01 08:10:00+00:00,300,2025-01-01 07:00:00+00:00,0.724,0.008688000000000001
GSO_9,9b89dc0e-e258-4610-b60b-484b1b02a312,2024-07-01 08:15:00+00:00,300,2025-01-01 07:00:00+00:00,0.729,0.008748
GSO_9,f631ee12-3be7-417b-ad19-901e9ad68684,2024-07-01 00:00:00+00:00,300,2025-01-01 07:00:00+00:00,0.704,0.008448
GSO_9,f631ee12-3be7-417b-ad19-901e9ad68684,2024-07-01 00:05:00+00:00,300,2025-01-01 07:00:00+00:00,0.713,0.008556000000000001
GSO_9,f631ee12-3be7-417b-ad19-901e9ad68684,2024-07-01 00:10:00+00:00,300,2025-01-01 07:00:00+00:00,0.735,0.00882
GSO_9,f631ee12-3be7-417b-ad19-901e9ad68684,2024-07-01 00:15:00+00:00,300,2025-01-01 07:00:00+00:00,0.74,0.00888
GSO_9,f631ee12-3be7-417b-ad19-901e9ad68684,2024-07-01 00:20:00+00:00,300,2025-01-01 07:00:00+00:00,0.768,0.009216
GSO_9,f631ee12-3be7-417b-ad19-901e9ad68684,2024-07-01 00:25:00+00:00,300,2025-01-01 07:00:00+00:00,0.768,0.009216
GSO_9,f631ee12-3be7-417b-ad19-901e9ad68684,2024-07-01 00:30:00+00:00,300,2025-01-01 07:00:00+00:00,0.798,0.009576000000000001
GSO_9,f631ee12-3be7-417b-ad19-901e9ad68684,2024-07-01 00:35:00+00:00,300,2025-01-01 07:00:00+00:00,0.812,0.009744000000000001
GSO_9,f631ee12-3be7-417b-ad19-901e9ad68684,2024-07-01 00:40:00+00:00,300,2025-01-01 07:00:00+00:00,0.828,0.009936
GSO_9,f631ee12-3be7-417b-ad19-901e9ad68684,2024-07-01 00:45:00+00:00,300,2025-01-01 07:00:00+00:00,0.84,0.01008
GSO_9,f631ee12-3be7-417b-ad19-901e9ad68684,2024-07-01 00:50:00+00:00,300,2025-01-01 07:00:00+00:00,0.859,0.010308
GSO_9,f631ee12-3be7-417b-ad19-901e9ad68684,2024-07-01 00:55:00+00:00,300,2025-01-01 07:00:00+00:00,0.882,0.010584000000000001
GSO_9,f631ee12-3be7-417b-ad19-901e9ad68684,2024-07-01 01:00:00+00:00,300,2025-01-01 07:00:00+00:00,1.01,0.01212
GSO_9,f631ee12-3be7-417b-ad19-901e9ad68684,2024-07-01 01:05:00+00:00,300,2025-01-01 07:00:00+00:00,1.009,0.012107999999999999
GSO_9,f631ee12-3be7-417b-ad19-901e9ad68684,2024-07-01 01:10:00+00:00,300,2025-01-01 07:00:00+00:00,0.989,0.011868
GSO_9,f631ee12-3be7-417b-ad19-901e9ad68684,2024-07-01 01:15:00+00:00,300,2025-01-01 07:00:00+00:00,0.99,0.01188
GSO_9,f631ee12-3be7-417b-ad19-901e9ad68684,2024-07-01 01:20:00+00:00,300,2025-01-01 07:00:00+00:00,0.99,0.01188
GSO_9,f631ee12-3be7-417b-ad19-901e9ad68684,2024-07-01 01:25:00+00:00,300,2025-01-01 07:00:00+00:00,0.988,0.011856
GSO_9,f631ee12-3be7-417b-ad19-901e9ad68684,2024-07-01 01:30:00+00:00,300,2025-01-01 07:00:00+00:00,0.982,0.011784000000000001
GSO_9,f631ee12-3be7-417b-ad19-901e9ad68684,2024-07-01 01:35:00+00:00,300,2025-01-01 07:00:00+00:00,0.977,0.011724
GSO_9,f631ee12-3be7-417b-ad19-901e9ad68684,2024-07-01 01:40:00+00:00,300,2025-01-01 07:00:00+00:00,0.972,0.011663999999999999
GSO_9,f631ee12-3be7-417b-ad19-901e9ad68684,2024-07-01 01:45:00+00:00,300,2025-01-01 07:00:00+00:00,0.959,0.011508000000000001
GSO_9,f631ee12-3be7-417b-ad19-901e9ad68684,2024-07-01 01:50:00+00:00,300,2025-01-01 07:00:00+00:00,0.959,0.011508000000000001
GSO_9,f631ee12-3be7-417b-ad19-901e9ad68684,2024-07-01 01:55:00+00:00,300,2025-01-01 07:00:00+00:00,0.957,0.011484
GSO_9,f631ee12-3be7-417b-ad19-901e9ad68684,2024-07-01 02:00:00+00:00,300,2025-01-01 07:00:00+00:00,0.967,0.011604000000000001
GSO_9,f631ee12-3be7-417b-ad19-901e9ad68684,2024-07-01 02:05:00+00:00,300,2025-01-01 07:00:00+00:00,0.949,0.011388
GSO_9,f631ee12-3be7-417b-ad19-901e9ad68684,2024-07-01 02:10:00+00:00,300,2025-01-01 07:00:00+00:00,0.957,0.011484
GSO_9,f631ee12-3be7-417b-ad19-901e9ad68684,2024-07-01 02:15:00+00:00,300,2025-01-01 07:00:00+00:00,0.948,0.011375999999999999
GSO_9,f631ee12-3be7-417b-ad19-901e9ad68684,2024-07-01 02:20:00+00:00,300,2025-01-01 07:00:00+00:00,0.945,0.01134
GSO_9,f631ee12-3be7-417b-ad19-901e9ad68684,2024-07-01 02:25:00+00:00,300,2025-01-01 07:00:00+00:00,0.937,0.011244000000000002
GSO_9,f631ee12-3be7-417b-ad19-901e9ad68684,2024-07-01 02:30:00+00:00,300,2025-01-01 07:00:00+00:00,0.933,0.011196000000000001
GSO_9,f631ee12-3be7-417b-ad19-901e9ad68684,2024-07-01 02:35:00+00:00,300,2025-01-01 07:00:00+00:00,0.92,0.011040000000000001
GSO_9,f631ee12-3be7-417b-ad19-901e9ad68684,2024-07-01 02:40:00+00:00,300,2025-01-01 07:00:00+00:00,0.903,0.010836
GSO_9,f631ee12-3be7-417b-ad19-901e9ad68684,2024-07-01 02:45:00+00:00,300,2025-01-01 07:00:00+00:00,0.911,0.010932
GSO_9,f631ee12-3be7-417b-ad19-901e9ad68684,2024-07-01 02:50:00+00:00,300,2025-01-01 07:00:00+00:00,0.91,0.010920000000000001
GSO_9,f631ee12-3be7-417b-ad19-901e9ad68684,2024-07-01 02:55:00+00:00,300,2025-01-01 07:00:00+00:00,0.89,0.010680000000000002
GSO_9,f631ee12-3be7-417b-ad19-901e9ad68684,2024-07-01 03:00:00+00:00,300,2025-01-01 07:00:00+00:00,0.963,0.011556
GSO_9,f631ee12-3be7-417b-ad19-901e9ad68684,2024-07-01 03:05:00+00:00,300,2025-01-01 07:00:00+00:00,0.942,0.011304
GSO_9,f631ee12-3be7-417b-ad19-901e9ad68684,2024-07-01 03:10:00+00:00,300,2025-01-01 07:00:00+00:00,0.922,0.011064000000000003
GSO_9,f631ee12-3be7-417b-ad19-901e9ad68684,2024-07-01 03:15:00+00:00,300,2025-01-01 07:00:00+00:00,0.907,0.010884
GSO_9,f631ee12-3be7-417b-ad19-901e9ad68684,2024-07-01 03:20:00+00:00,300,2025-01-01 07:00:00+00:00,0.882,0.010584000000000001
GSO_9,f631ee12-3be7-417b-ad19-901e9ad68684,2024-07-01 03:25:00+00:00,300,2025-01-01 07:00:00+00:00,0.864,0.010368
GSO_9,f631ee12-3be7-417b-ad19-901e9ad68684,2024-07-01 03:30:00+00:00,300,2025-01-01 07:00:00+00:00,0.846,0.010152000000000001
GSO_9,f631ee12-3be7-417b-ad19-901e9ad68684,2024-07-01 03:35:00+00:00,300,2025-01-01 07:00:00+00:00,0.825,0.0099
GSO_9,f631ee12-3be7-417b-ad19-901e9ad68684,2024-07-01 03:40:00+00:00,300,2025-01-01 07:00:00+00:00,0.8,0.009600000000000001
GSO_9,f631ee12-3be7-417b-ad19-901e9ad68684,2024-07-01 03:45:00+00:00,300,2025-01-01 07:00:00+00:00,0.774,0.009288000000000001
GSO_9,f631ee12-3be7-417b-ad19-901e9ad68684,2024-07-01 03:50:00+00:00,300,2025-01-01 07:00:00+00:00,0.764,0.009168
GSO_9,f631ee12-3be7-417b-ad19-901e9ad68684,2024-07-01 03:55:00+00:00,300,2025-01-01 07:00:00+00:00,0.739,0.008868000000000001
GSO_9,f631ee12-3be7-417b-ad19-901e9ad68684,2024-07-01 04:00:00+00:00,300,2025-01-01 07:00:00+00:00,0.625,0.0075
GSO_9,f631ee12-3be7-417b-ad19-901e9ad68684,2024-07-01 04:05:00+00:00,300,2025-01-01 07:00:00+00:00,0.616,0.007392
GSO_9,f631ee12-3be7-417b-ad19-901e9ad68684,2024-07-01 04:10:00+00:00,300,2025-01-01 07:00:00+00:00,0.615,0.00738
GSO_9,f631ee12-3be7-417b-ad19-901e9ad68684,2024-07-01 04:15:00+00:00,300,2025-01-01 07:00:00+00:00,0.613,0.007356
GSO_9,f631ee12-3be7-417b-ad19-901e9ad68684,2024-07-01 04:20:00+00:00,300,2025-01-01 07:00:00+00:00,0.608,0.007296
GSO_9,f631ee12-3be7-417b-ad19-901e9ad68684,2024-07-01 04:25:00+00:00,300,2025-01-01 07:00:00+00:00,0.608,0.007296
GSO_9,f631ee12-3be7-417b-ad19-901e9ad68684,2024-07-01 04:30:00+00:00,300,2025-01-01 07:00:00+00:00,0.598,0.007176
GSO_9,f631ee12-3be7-417b-ad19-901e9ad68684,2024-07-01 04:35:00+00:00,300,2025-01-01 07:00:00+00:00,0.595,0.00714
GSO_9,f631ee12-3be7-417b-ad19-901e9ad68684,2024-07-01 04:40:00+00:00,300,2025-01-01 07:00:00+00:00,0.599,0.007188
GSO_9,f631ee12-3be7-417b-ad19-901e9ad68684,2024-07-01 04:45:00+00:00,300,2025-01-01 07:00:00+00:00,0.592,0.007104
GSO_9,f631ee12-3be7-417b-ad19-901e9ad68684,2024-07-01 04:50:00+00:00,300,2025-01-01 07:00:00+00:00,0.586,0.007032
GSO_9,f631ee12-3be7-417b-ad19-901e9ad68684,2024-07-01 04:55:00+00:00,300,2025-01-01 07:00:00+00:00,0.589,0.007068
GSO_9,f631ee12-3be7-417b-ad19-901e9ad68684,2024-07-01 05:00:00+00:00,300,2025-01-01 07:00:00+00:00,0.491,0.0058920000000000005
GSO_9,f631ee12-3be7-417b-ad19-901e9ad68684,2024-07-01 05:05:00+00:00,300,2025-01-01 07:00:00+00:00,0.502,0.006024
GSO_9,f631ee12-3be7-417b-ad19-901e9ad68684,2024-07-01 05:10:00+00:00,300,2025-01-01 07:00:00+00:00,0.512,0.006144
GSO_9,f631ee12-3be7-417b-ad19-901e9ad68684,2024-07-01 05:15:00+00:00,300,2025-01-01 07:00:00+00:00,0.532,0.006384
GSO_9,f631ee12-3be7-417b-ad19-901e9ad68684,2024-07-01 05:20:00+00:00,300,2025-01-01 07:00:00+00:00,0.547,0.006564000000000001
GSO_9,f631ee12-3be7-417b-ad19-901e9ad68684,2024-07-01 05:25:00+00:00,300,2025-01-01 07:00:00+00:00,0.55,0.006600000000000001
GSO_9,f631ee12-3be7-417b-ad19-901e9ad68684,2024-07-01 05:30:00+00:00,300,2025-01-01 07:00:00+00:00,0.565,0.00678
GSO_9,f631ee12-3be7-417b-ad19-901e9ad68684,2024-07-01 05:35:00+00:00,300,2025-01-01 07:00:00+00:00,0.579,0.006947999999999999
GSO_9,f631ee12-3be7-417b-ad19-901e9ad68684,2024-07-01 05:40:00+00:00,300,2025-01-01 07:00:00+00:00,0.593,0.007116
GSO_9,f631ee12-3be7-417b-ad19-901e9ad68684,2024-07-01 05:45:00+00:00,300,2025-01-01 07:00:00+00:00,0.607,0.007284
GSO_9,f631ee12-3be7-417b-ad19-901e9ad68684,2024-07-01 05:50:00+00:00,300,2025-01-01 07:00:00+00:00,0.619,0.007428
GSO_9,f631ee12-3be7-417b-ad19-901e9ad68684,2024-07-01 05:55:00+00:00,300,2025-01-01 07:00:00+00:00,0.633,0.007596
GSO_9,f631ee12-3be7-417b-ad19-901e9ad68684,2024-07-01 06:00:00+00:00,300,2025-01-01 07:00:00+00:00,0.753,0.009036
GSO_9,f631ee12-3be7-417b-ad19-901e9ad68684,2024-07-01 06:05:00+00:00,300,2025-01-01 07:00:00+00:00,0.748,0.008976000000000001
GSO_9,f631ee12-3be7-417b-ad19-901e9ad68684,2024-07-01 06:10:00+00:00,300,2025-01-01 07:00:00+00:00,0.738,0.008856
GSO_9,f631ee12-3be7-417b-ad19-901e9ad68684,2024-07-01 06:15:00+00:00,300,2025-01-01 07:00:00+00:00,0.731,0.008772
GSO_9,f631ee12-3be7-417b-ad19-901e9ad68684,2024-07-01 06:20:00+00:00,300,2025-01-01 07:00:00+00:00,0.731,0.008772
GSO_9,f631ee12-3be7-417b-ad19-901e9ad68684,2024-07-01 06:25:00+00:00,300,2025-01-01 07:00:00+00:00,0.72,0.00864
GSO_9,f631ee12-3be7-417b-ad19-901e9ad68684,2024-07-01 06:30:00+00:00,300,2025-01-01 07:00:00+00:00,0.717,0.008604
GSO_9,f631ee12-3be7-417b-ad19-901e9ad68684,2024-07-01 06:35:00+00:00,300,2025-01-01 07:00:00+00:00,0.711,0.008532
GSO_9,f631ee12-3be7-417b-ad19-901e9ad68684,2024-07-01 06:40:00+00:00,300,2025-01-01 07:00:00+00:00,0.699,0.008388
GSO_9,f631ee12-3be7-417b-ad19-901e9ad68684,2024-07-01 06:45:00+00:00,300,2025-01-01 07:00:00+00:00,0.694,0.008327999999999999
GSO_9,f631ee12-3be7-417b-ad19-901e9ad68684,2024-07-01 06:50:00+00:00,300,2025-01-01 07:00:00+00:00,0.682,0.008184
GSO_9,f631ee12-3be7-417b-ad19-901e9ad68684,2024-07-01 06:55:00+00:00,300,2025-01-01 07:00:00+00:00,0.68,0.008160000000000002
GSO_9,f631ee12-3be7-417b-ad19-901e9ad68684,2024-07-01 07:00:00+00:00,300,2025-01-01 07:00:00+00:00,0.645,0.00774
GSO_9,f631ee12-3be7-417b-ad19-901e9ad68684,2024-07-01 07:05:00+00:00,300,2025-01-01 07:00:00+00:00,0.656,0.007872
GSO_9,f631ee12-3be7-417b-ad19-901e9ad68684,2024-07-01 07:10:00+00:00,300,2025-01-01 07:00:00+00:00,0.641,0.007692
GSO_9,f631ee12-3be7-417b-ad19-901e9ad68684,2024-07-01 07:15:00+00:00,300,2025-01-01 07:00:00+00:00,0.643,0.007716
GSO_9,f631ee12-3be7-417b-ad19-901e9ad68684,2024-07-01 07:20:00+00:00,300,2025-01-01 07:00:00+00:00,0.641,0.007692
GSO_9,f631ee12-3be7-417b-ad19-901e9ad68684,2024-07-01 07:25:00+00:00,300,2025-01-01 07:00:00+00:00,0.634,0.007608
GSO_9,f631ee12-3be7-417b-ad19-901e9ad68684,2024-07-01 07:30:00+00:00,300,2025-01-01 07:00:00+00:00,0.636,0.007632000000000001
GSO_9,f631ee12-3be7-417b-ad19-901e9ad68684,2024-07-01 07:35:00+00:00,300,2025-01-01 07:00:00+00:00,0.633,0.007596
GSO_9,f631ee12-3be7-417b-ad19-901e9ad68684,2024-07-01 07:40:00+00:00,300,2025-01-01 07:00:00+00:00,0.625,0.0075
GSO_9,f631ee12-3be7-417b-ad19-901e9ad68684,2024-07-01 07:45:00+00:00,300,2025-01-01 07:00:00+00:00,0.625,0.0075
GSO_9,f631ee12-3be7-417b-ad19-901e9ad68684,2024-07-01 07:50:00+00:00,300,2025-01-01 07:00:00+00:00,0.624,0.007488000000000001
GSO_9,f631ee12-3be7-417b-ad19-901e9ad68684,2024-07-01 07:55:00+00:00,300,2025-01-01 07:00:00+00:00,0.621,0.007452
GSO_9,f631ee12-3be7-417b-ad19-901e9ad68684,2024-07-01 08:00:00+00:00,300,2025-01-01 07:00:00+00:00,0.599,0.007188
GSO_9,f631ee12-3be7-417b-ad19-901e9ad68684,2024-07-01 08:05:00+00:00,300,2025-01-01 07:00:00+00:00,0.595,0.00714
GSO_9,f631ee12-3be7-417b-ad19-901e9ad68684,2024-07-01 08:10:00+00:00,300,2025-01-01 07:00:00+00:00,0.598,0.007176
GSO_9,f631ee12-3be7-417b-ad19-901e9ad68684,2024-07-01 08:15:00+00:00,300,2025-01-01 07:00:00+00:00,0.598,0.007176
